FrameUs,ADC,SyncUs,MagnetUs
576,307,,
924,307,,
1328,308,,
1724,308,,
2128,309,,
2528,307,,
2928,309,,
3324,308,,
3728,308,,
4124,309,,
4524,309,,
4924,308,,
5328,308,,
5724,308,,
6124,308,,
6528,309,,
6928,308,,
7324,308,,
7728,309,,
8128,307,,
8524,308,,
8924,308,,
9328,308,,
9724,307,,
10124,309,,
10528,308,,
10928,308,,
11332,308,,
11728,308,,
12128,308,,
12524,309,,
12924,309,,
13324,309,,
13728,309,,
14128,308,,
14524,307,,
14928,309,,
15328,308,,
15724,307,,
16124,308,,
16528,307,,
16924,308,,
17324,307,,
17728,309,,
18128,308,,
18524,309,,
18924,308,,
19328,308,,
19724,309,,
20124,308,,
20520,309,,
20928,310,,
21328,310,,
21724,310,,
22124,309,,
22532,309,,
22924,309,,
23324,308,,
23728,308,,
24128,308,,
24524,308,,
24928,308,,
25328,309,,
25724,309,,
26124,308,,
26528,308,,
26924,307,,
27324,307,,
27728,308,,
28128,308,,
28524,308,,
28928,308,,
29328,308,,
29724,308,,
30124,307,,
30528,308,,
30924,308,,
31324,307,,
31724,308,,
32128,307,,
32524,307,,
32928,307,,
33328,307,,
33728,307,,
34124,307,,
34528,307,,
34928,306,,
35324,306,,
35724,305,,
36128,305,,
36528,306,,
36932,305,,
37328,306,,
37728,307,,
38124,307,,
38524,307,,
38924,307,,
39328,308,,
39724,307,,
40124,306,,
40528,307,,
40928,306,,
41324,307,,
41724,306,,
42128,306,,
42524,308,,
42924,307,,
43328,307,,
43728,307,,
44124,306,,
44528,308,,
44928,307,,
45324,306,,
45724,306,,
46124,307,,
46528,307,,
46924,306,,
47328,306,,
47728,307,,
48128,305,,
48524,306,,
48928,307,,
49324,306,,
49724,306,,
50124,306,,
50528,307,,
50924,306,,
51324,306,,
51728,307,,
52128,306,,
52524,306,,
52924,306,,
53328,307,,
53724,305,,
54124,306,,
54528,306,,
54928,305,,
55320,304,,
55728,305,,
56128,305,,
56524,305,,
56924,305,,
57328,306,,
57724,304,,
58124,306,,
58528,305,,
58928,305,,
59324,306,,
59728,305,,
60128,305,,
60524,305,,
60924,306,,
61328,306,,
61724,306,,
62124,306,,
62532,305,,
62928,306,,
63324,305,,
63728,306,,
64128,305,,
64524,307,,
64924,306,,
65324,306,,
65728,307,,
66128,306,,
66524,307,,
66928,306,,
67328,306,,
67724,307,,
68124,306,,
68528,306,,
68924,306,,
69324,305,,
69728,305,,
70128,306,,
70524,307,,
70924,306,,
71328,306,,
71724,306,,
72124,306,,
72524,306,,
72928,306,,
73328,306,,
73724,305,,
74124,306,,
74528,306,,
74924,305,,
75324,306,,
75724,306,,
76128,306,,
76524,306,,
76928,306,,
77328,307,,
77728,306,,
78124,307,,
78528,306,,
78924,307,,
79324,307,,
79724,306,,
80128,307,,
80524,305,,
80920,307,,
81328,307,,
81728,306,,
82124,307,,
82528,306,,
82928,307,,
83324,308,,
83724,307,,
84128,307,,
84524,307,,
84924,307,,
85328,307,,
85728,308,,
86124,307,,
86524,308,,
86928,307,,
87324,308,,
87724,307,,
88132,306,,
88528,309,,
88924,306,,
89328,308,,
89728,307,,
90124,307,,
90524,308,,
90924,306,,
91328,307,,
91728,307,,
92124,307,,
92528,308,,
92928,308,,
93324,308,,
93724,309,,
94128,308,,
94524,308,,
94924,309,,
95328,308,,
95728,309,,
96124,308,,
96528,309,,
96928,309,,
97324,308,,
97724,310,,
98124,309,,
98528,309,,
98928,310,,
99324,308,,
99728,310,,
100128,309,,
100524,309,,
100924,310,,
101328,309,,
101724,308,,
102124,310,,
102528,308,,
102928,308,,
103324,308,,
103724,309,,
104128,310,,
104524,309,,
104924,309,,
105324,308,,
105728,307,,
106124,309,,
106520,307,,
106928,308,,
107328,308,,
107724,307,,
108128,308,,
108528,308,,
108924,308,,
109324,308,,
109728,307,,
110124,308,,
110524,308,,
110928,307,,
111328,308,,
111724,308,,
112128,308,,
112528,310,,
112924,308,,
113324,309,,
113732,309,,
114124,309,,
114524,309,,
114928,309,,
115328,309,,
115724,308,,
116124,309,,
116524,309,,
116928,309,,
117324,310,,
117724,310,,
118128,310,,
118528,309,,
118924,310,,
119328,311,,
119728,310,,
120124,310,,
120524,308,,
120928,308,,
121328,308,,
121724,308,,
122128,309,,
122528,309,,
122924,309,,
123324,309,,
123724,308,,
124128,308,,
124524,307,,
124924,308,,
125328,307,,
125728,307,,
126124,308,,
126524,308,,
126928,307,,
127324,307,,
127724,308,,
128128,307,,
128528,307,,
128924,307,,
129328,308,,
129728,308,,
130124,308,,
130524,308,,
130928,308,,
131328,308,,
131724,307,,
132120,306,,
132528,306,,
132928,306,,
133324,307,,
133728,307,,
134128,307,,
134524,307,,
134924,307,,
135328,307,,
135724,306,,
136124,307,,
136528,307,,
136928,306,,
137324,306,,
137728,308,,
138128,308,,
138524,308,,
138924,307,,
139332,308,,
139724,307,,
140124,307,,
140528,307,,
140928,307,,
141324,308,,
141724,308,,
142124,308,,
142528,308,,
142924,307,,
143324,308,,
143728,307,,
144128,307,,
144524,308,,
144928,308,,
145328,308,,
145724,308,,
146124,307,,
146528,308,,
146924,307,,
147324,308,,
147728,308,,
148128,307,,
148524,308,,
148924,306,,
149324,307,,
149728,308,,
150124,308,,
150524,308,,
150928,307,,
151328,308,,
151724,308,,
152128,307,,
152528,307,,
152924,308,,
153324,308,,
153728,308,,
154128,306,,
154524,306,,
154928,307,,
155328,308,,
155724,306,,
156124,306,,
156528,307,,
156924,307,,
157324,307,,
157720,307,,
158128,308,,
158524,307,,
158928,306,,
159328,307,,
159728,307,,
160124,306,,
160528,307,,
160924,307,,
161324,306,,
161724,307,,
162128,307,,
162524,306,,
162928,306,,
163328,306,,
163728,306,,
164124,308,,
164528,307,,
164932,306,,
165324,307,,
165724,307,,
166128,307,,
166524,307,,
166920,307,,
167324,307,,
167728,307,,
168124,307,,
168524,307,,
168924,306,,
169328,307,,
169724,307,,
170124,308,,
170528,308,,
170928,307,,
171324,309,,
171724,308,,
172128,308,,
172524,309,,
172924,308,,
173328,307,,
173728,308,,
174124,307,,
174524,308,,
174924,308,,
175328,308,,
175724,307,,
176124,307,,
176528,307,,
176928,306,,
177324,307,,
177728,307,,
178128,307,,
178524,307,,
178924,307,,
179328,308,,
179724,306,,
180124,308,,
180528,307,,
180928,307,,
181324,307,,
181724,307,,
182128,307,,
182524,307,,
182924,307,,
183320,307,,
183728,307,,
184124,307,,
184528,307,,
184928,307,,
185328,308,,
185724,308,,
186128,308,,
186524,308,,
186924,308,,
187324,308,,
187728,308,,
188124,308,,
188528,308,,
188928,309,,
189328,308,,
189724,308,,
190128,308,,
190532,307,,
190924,308,,
191324,308,,
191728,308,,
192124,308,,
192520,308,,
192924,308,,
193328,307,,
193724,307,,
194124,309,,
194524,308,,
194928,308,,
195324,308,,
195728,309,,
196128,308,,
196528,307,,
196924,309,,
197328,308,,
197724,307,,
198124,308,,
198524,308,,
198928,309,,
199324,308,,
199720,309,,
200124,308,,
200528,308,,
200924,308,,
201324,306,,
201724,308,,
202128,307,,
202524,307,,
202924,308,,
203328,307,,
203728,307,,
204124,307,,
204524,307,,
204928,308,,
205324,307,,
205724,308,,
206128,306,,
206528,307,,
206928,306,,
207328,307,,
207728,307,,
208124,307,,
208524,307,,
208924,306,,
209328,307,,
209728,307,,
210124,307,,
210528,307,,
210928,307,,
211324,307,,
211724,308,,
212128,307,,
212524,308,,
212924,307,,
213328,309,,
213728,308,,
214124,308,,
214524,308,,
214928,308,,
215324,307,,
215724,307,,
216132,307,,
216528,308,,
216924,307,,
217328,307,,
217728,308,,
218124,308,,
218524,308,,
218924,309,,
219328,309,,
219728,308,,
220124,308,,
220528,307,,
220928,307,,
221324,308,,
221724,307,,
222128,308,,
222524,309,,
222924,307,,
223328,309,,
223728,308,,
224124,307,,
224528,308,,
224928,307,,
225324,308,,
225724,308,,
226124,307,,
226528,307,,
226928,307,,
227324,307,,
227728,307,,
228128,307,,
228524,307,,
228924,307,,
229328,307,,
229724,307,,
230124,307,,
230528,306,,
230928,307,,
231324,306,,
231728,306,,
232128,307,,
232524,307,,
232924,307,,
233328,307,,
233724,306,,
234124,306,,
234520,306,,
234928,307,,
235324,308,,
235724,308,,
236128,308,,
236528,308,,
236924,307,,
237324,307,,
237728,307,,
238124,308,,
238524,308,,
238928,308,,
239328,308,,
239724,308,,
240128,308,,
240528,308,,
240924,308,,
241324,308,,
241732,307,,
242124,309,,
242524,308,,
242928,307,,
243328,307,,
243724,308,,
244124,308,,
244524,308,,
244928,308,,
245324,307,,
245724,308,,
246128,307,,
246528,307,,
246924,308,,
247328,308,,
247728,308,,
248124,307,,
248524,306,,
248928,307,,
249324,307,,
249724,307,,
250128,307,,
250528,307,,
250924,305,,
251324,307,,
251724,308,,
252128,307,,
252524,307,,
252924,307,,
253328,307,,
253728,307,,
254124,307,,
254528,307,,
254928,307,,
255324,307,,
255724,308,,
256128,307,,
256528,307,,
256924,307,,
257328,307,,
257728,307,,
258124,307,,
258524,307,,
258928,307,,
259324,307,,
259724,307,,
260120,307,,
260528,308,,
260924,307,,
261328,307,,
261728,307,,
262128,307,,
262524,307,,
262928,308,,
263324,308,,
263724,308,,
264124,307,,
264528,307,,
264924,309,,
265324,308,,
265728,309,,
266128,309,,
266524,308,,
266924,308,,
267332,307,,
267724,307,,
268124,308,,
268528,307,,
268928,308,,
269320,308,,
269724,308,,
270124,307,,
270528,308,,
270924,307,,
271324,308,,
271728,307,,
272128,307,,
272524,307,,
272928,306,,
273328,306,,
273724,306,,
274124,306,,
274528,307,,
274924,306,,
275324,306,,
275728,306,,
276128,306,,
276524,307,,
276924,306,,
277324,307,,
277728,306,,
278124,307,,
278524,306,,
278928,307,,
279328,308,,
279724,307,,
280128,307,,
280528,307,,
280924,307,,
281324,307,,
281728,307,,
282124,307,,
282524,307,,
282928,307,,
283328,307,,
283728,308,,
284128,306,,
284528,307,,
284924,307,,
285324,307,,
285724,308,,
286128,308,,
286528,307,,
286924,308,,
287328,306,,
287728,306,,
288124,308,,
288524,307,,
288928,308,,
289324,308,,
289724,308,,
290128,309,,
290528,309,,
290924,308,,
291324,310,,
291728,309,,
292124,309,,
292524,309,,
292932,307,,
293328,308,,
293724,308,,
294128,307,,
294528,307,,
294924,308,,
295324,306,,
295724,307,,
296128,307,,
296528,307,,
296924,308,,
297328,307,,
297728,306,,
298124,307,,
298524,307,,
298928,306,,
299324,307,,
299724,307,,
300128,306,,
300528,306,,
300924,308,,
301324,307,,
301728,307,,
302124,308,,
302524,307,,
302924,307,,
303328,307,,
303728,307,,
304124,307,,
304528,308,,
304928,308,,
305324,308,,
305724,308,,
306128,307,,
306528,309,,
306924,308,,
307328,308,,
307728,310,,
308128,309,,
308524,308,,
308928,308,,
309324,308,,
309724,308,,
310124,309,,
310528,307,,
310924,307,,
311320,308,,
311728,308,,
312128,308,,
312524,308,,
312928,309,,
313328,308,,
313724,308,,
314124,308,,
314528,307,,
314924,308,,
315324,308,,
315728,308,,
316128,309,,
316524,307,,
316928,310,,
317328,309,,
317724,308,,
318124,309,,
318532,309,,
318924,308,,
319324,308,,
319728,308,,
320128,308,,
320524,308,,
320924,308,,
321324,308,,
321728,307,,
322124,307,,
322524,307,,
322928,308,,
323328,309,,
323724,308,,
324124,308,,
324528,308,,
324924,307,,
325324,308,,
325728,307,,
326128,308,,
326524,309,,
326928,308,,
327328,308,,
327724,308,,
328124,307,,
328524,306,,
328928,307,,
329328,307,,
329724,308,,
330128,307,,
330528,307,,
330924,308,,
331324,308,,
331728,308,,
332124,309,,
332524,309,,
332928,308,,
333328,308,,
333724,308,,
334128,308,,
334528,309,,
334924,308,,
335324,307,,
335728,308,,
336124,307,,
336524,308,,
336920,309,,
337328,308,,
337724,308,,
338128,307,,
338528,307,,
338928,308,,
339324,307,,
339728,308,,
340124,307,,
340524,307,,
340924,306,,
341328,307,,
341724,307,,
342124,308,,
342528,308,,
342928,307,,
343324,309,,
343724,308,,
344132,308,,
344524,308,,
344924,308,,
345328,308,,
345728,308,,
346124,307,,
346524,307,,
346924,307,,
347328,307,,
347724,307,,
348124,307,,
348528,306,,
348928,307,,
349324,307,,
349728,307,,
350128,307,,
350524,307,,
350924,308,,
351328,307,,
351724,307,,
352124,307,,
352528,307,,
352928,307,,
353324,307,,
353724,307,,
354124,307,,
354528,308,,
354924,307,,
355324,308,,
355728,307,,
356128,308,,
356524,308,,
356924,308,,
357328,308,,
357724,308,,
358124,307,,
358528,306,,
358928,307,,
359324,308,,
359728,307,,
360128,306,,
360524,307,,
360924,307,,
361328,306,,
361724,306,,
362124,307,,
362520,308,,
362928,307,,
363324,307,,
363728,306,,
364128,307,,
364528,307,,
364924,307,,
365328,307,,
365724,307,,
366124,307,,
366524,307,,
366928,307,,
367324,308,,
367728,308,,
368128,308,,
368528,308,,
368924,307,,
369328,307,,
369732,307,,
370124,307,,
370524,307,,
370928,307,,
371328,307,,
371720,306,,
372124,306,,
372528,305,,
372924,306,,
373324,306,,
373724,306,,
374128,306,,
374524,306,,
374924,305,,
375328,305,,
375728,305,,
376124,306,,
376524,307,,
376928,306,,
377324,307,,
377724,306,,
378128,307,,
378528,308,,
378920,308,,
379324,307,,
379724,308,,
380128,307,,
380524,307,,
380924,308,,
381328,307,,
381728,308,,
382124,308,,
382528,307,,
382928,306,,
383324,307,,
383724,307,,
384128,306,,
384524,308,,
384924,308,,
385328,306,,
385728,306,,
386124,306,,
386524,306,,
386928,306,,
387324,306,,
387724,306,,
388120,306,,
388528,305,,
388924,306,,
389328,306,,
389728,306,,
390128,305,,
390524,306,,
390928,306,,
391324,306,,
391724,307,,
392124,307,,
392528,306,,
392924,306,,
393328,306,,
393728,306,,
394128,308,,
394524,306,,
394928,307,,
395332,307,,
395724,306,,
396124,306,,
396528,306,,
396924,306,,
397320,306,,
397724,305,,
398128,306,,
398524,305,,
398924,305,,
399324,304,,
399728,304,,
400124,305,,
565196,308,,
565596,309,,
565996,308,,
566396,309,,
566800,307,,
567196,308,,
567596,308,,
567996,307,,
568396,308,,
568800,309,,
569196,308,,
569596,308,,
570000,308,,
570396,308,,
570796,308,,
571200,307,,
571600,307,,
571996,308,,
572396,307,,
572796,308,,
573200,309,,
573600,309,,
573996,309,,
574400,309,,
574796,310,,
575200,310,,
575600,310,,
575996,310,,
576400,310,,
576800,309,,
577200,309,,
577604,308,,
577996,309,,
578400,309,,
578800,309,,
579200,309,,
579592,309,,
580000,309,,
580396,308,,
580796,309,,
581200,308,,
581600,308,,
582000,307,,
582396,307,,
582796,308,,
583200,307,,
583600,308,,
584000,309,,
584396,308,,
584796,308,,
585200,308,,
585596,308,,
586000,308,,
586396,308,,
586796,308,,
587196,309,,
587600,308,,
588000,308,,
588400,308,,
588796,308,,
589196,309,,
589600,310,,
590000,310,,
590400,309,,
590796,307,,
591196,308,,
591600,308,,
592000,308,,
592396,308,,
592796,307,,
593196,308,,
593600,307,,
594000,308,,
594396,309,,
594796,308,,
595196,307,,
595600,308,,
595992,308,,
596396,307,,
596800,306,,
597200,307,,
597600,308,,
597996,307,,
598396,308,,
598800,308,,
599200,307,,
599600,308,,
599996,309,,
600396,308,,
600800,308,,
601200,309,,
601596,308,,
601996,308,,
602396,309,,
602800,308,,
603204,308,,
603596,308,,
604000,309,,
604400,308,,
604800,308,,
605192,309,,
605600,309,,
605996,308,,
606396,308,,
606796,309,,
607200,308,,
607600,307,,
607996,309,,
608396,308,,
608796,307,,
609200,309,,
609600,309,,
609996,309,,
610396,308,,
610800,308,,
611200,308,,
611600,308,,
611996,308,,
612396,309,,
612796,307,,
613196,307,,
613596,308,,
614000,308,,
614396,309,,
614796,308,,
615200,309,,
615596,309,,
616000,308,,
616396,309,,
616796,307,,
617200,307,,
617600,307,,
618000,307,,
618396,306,,
618796,307,,
619200,307,,
619600,307,,
620000,308,,
620396,308,,
620796,307,,
621200,307,,
621592,307,,
621996,307,,
622396,307,,
622796,307,,
623200,307,,
623596,308,,
623996,308,,
624396,308,,
624796,308,,
625200,309,,
625596,308,,
625996,308,,
626400,309,,
626800,309,,
627200,307,,
627596,309,,
627996,309,,
628400,308,,
628804,308,,
629200,309,,
629596,308,,
629996,308,,
630400,308,,
630792,310,,
631196,310,,
631600,309,,
632000,309,,
632396,310,,
632800,309,,
633200,308,,
633600,309,,
634000,309,,
634396,308,,
634800,309,,
635200,309,,
635600,308,,
636000,308,,
636396,309,,
636800,309,,
637200,308,,
637596,309,,
637996,308,,
638400,307,,
638796,308,,
639196,308,,
639600,309,,
640004,309,,
640400,308,,
640796,309,,
641196,308,,
641600,309,,
641996,308,,
642400,308,,
642796,308,,
643196,307,,
643600,308,,
643996,306,,
644396,307,,
644800,306,,
645196,306,,
645600,307,,
645996,306,,
646396,307,,
646800,308,,
647196,307,,
647596,308,,
648000,306,,
648400,307,,
648796,308,,
649196,307,,
649596,308,,
650000,308,,
650400,308,,
650796,308,,
651200,308,,
651600,309,,
652000,307,,
652400,308,,
652796,309,,
653200,307,,
653600,309,,
654000,308,,
654404,307,,
654796,307,,
655200,308,,
655600,308,,
655996,309,,
656396,309,,
656800,309,,
657196,307,,
657596,308,,
658000,307,,
658400,307,,
658800,307,,
659196,308,,
659596,307,,
660000,308,,
660400,308,,
660800,307,,
661196,307,,
661596,308,,
662000,308,,
662396,307,,
662796,306,,
663196,306,,
663596,306,,
663996,306,,
664400,307,,
664800,307,,
665200,307,,
665596,307,,
665996,307,,
666400,306,,
666800,306,,
667200,306,,
667596,306,,
667996,305,,
668400,306,,
668800,306,,
669196,305,,
669596,305,,
669996,305,,
670400,306,,
670800,306,,
671196,305,,
671600,306,,
671996,305,,
672400,306,,
672792,306,,
673196,306,,
673600,306,,
674000,306,,
674400,308,,
674796,307,,
675196,307,,
675600,307,,
676000,305,,
676400,306,,
676796,307,,
677196,307,,
677600,307,,
678000,307,,
678396,308,,
678796,307,,
679196,306,,
679600,306,,
680004,306,,
680396,306,,
680796,307,,
681196,307,,
681600,306,,
681992,307,,
682400,307,,
682800,306,,
683200,307,,
683596,307,,
684000,305,,
684400,305,,
684796,305,,
685196,305,,
685596,305,,
686000,305,,
686400,305,,
686796,306,,
687196,306,,
687600,306,,
688000,305,,
688400,305,,
688796,305,,
689196,305,,
689596,305,,
689996,305,,
690396,305,,
690800,305,,
691196,305,,
691596,305,,
692000,305,,
692400,305,,
692800,304,,
693196,305,,
693596,305,,
694000,305,,
694400,304,,
694800,304,,
695196,304,,
695596,305,,
696000,304,,
696400,305,,
696800,305,,
697196,305,,
697596,306,,
698000,306,,
698392,306,,
698796,306,,
699196,306,,
699596,305,,
700000,306,,
700396,306,,
700796,307,,
701200,306,,
701596,306,,
702000,307,,
702396,307,,
702796,306,,
703200,306,,
703600,306,,
704000,307,,
704396,307,,
704796,307,,
705200,306,,
705604,307,,
706000,306,,
706396,306,,
706796,306,,
707200,307,,
707592,307,,
708000,307,,
708400,307,,
708800,306,,
709196,307,,
709600,307,,
710000,306,,
710400,307,,
710800,307,,
711196,306,,
711600,307,,
712000,307,,
712396,306,,
712800,307,,
713196,308,,
713600,307,,
714000,308,,
714396,308,,
714796,307,,
715200,307,,
715596,308,,
715996,308,,
716400,307,,
716804,307,,
717200,307,,
717596,306,,
717996,307,,
718400,307,,
718796,307,,
719196,308,,
719596,308,,
719996,307,,
720400,307,,
720796,307,,
721196,308,,
721596,308,,
721996,307,,
722400,309,,
722796,307,,
723196,309,,
723600,308,,
723996,308,,
724396,309,,
724800,309,,
725200,309,,
725596,309,,
725996,308,,
726396,308,,
726800,309,,
727200,309,,
727596,308,,
728000,309,,
728396,309,,
728800,309,,
729200,309,,
729596,309,,
730000,309,,
730400,307,,
730800,307,,
731204,307,,
731596,307,,
732000,307,,
732400,307,,
732796,308,,
733196,308,,
733600,307,,
733996,308,,
734396,307,,
734800,308,,
735200,309,,
735600,307,,
735996,308,,
736396,308,,
736800,307,,
737196,308,,
737600,309,,
737996,308,,
738396,308,,
738800,309,,
739196,309,,
739596,308,,
739996,307,,
740396,309,,
740796,308,,
741200,309,,
741600,308,,
742000,307,,
742396,309,,
742796,308,,
743200,308,,
743600,308,,
743996,308,,
744396,309,,
744796,307,,
745200,308,,
745600,308,,
745996,307,,
746396,308,,
746796,307,,
747200,308,,
747600,306,,
747996,306,,
748400,307,,
748800,306,,
749200,307,,
749592,308,,
749996,308,,
750400,308,,
750800,308,,
751200,308,,
751596,308,,
751996,308,,
752400,307,,
752800,308,,
753200,308,,
753596,307,,
753996,308,,
754400,308,,
754800,307,,
755196,308,,
755596,307,,
755996,307,,
756400,307,,
756804,307,,
757196,308,,
757600,307,,
757996,308,,
758400,307,,
758792,307,,
759200,307,,
759596,307,,
760000,308,,
760396,306,,
760800,306,,
761200,308,,
761596,306,,
761996,307,,
762396,306,,
762800,307,,
763200,307,,
763596,307,,
763996,308,,
764400,307,,
764800,306,,
765200,307,,
765596,308,,
765996,308,,
766396,308,,
766796,307,,
767196,307,,
767600,307,,
767996,307,,
768396,307,,
768796,307,,
769196,307,,
769600,306,,
769996,308,,
770396,306,,
770800,307,,
771200,308,,
771600,307,,
771996,307,,
772396,307,,
772800,307,,
773200,307,,
773596,307,,
773996,307,,
774396,307,,
774800,307,,
775192,308,,
775596,308,,
775996,308,,
776396,308,,
776800,309,,
777196,309,,
777596,308,,
778000,309,,
778400,307,,
778800,308,,
779196,309,,
779596,308,,
780000,308,,
780400,308,,
780800,307,,
781196,308,,
781596,307,,
782000,308,,
782404,308,,
782796,308,,
783196,307,,
783596,307,,
784000,307,,
784392,307,,
784800,307,,
785200,307,,
785600,307,,
785996,307,,
786400,306,,
786800,306,,
787200,307,,
787600,308,,
787996,307,,
788400,307,,
788800,307,,
789196,307,,
789596,308,,
789996,307,,
790400,307,,
790800,308,,
791196,307,,
791596,308,,
792000,307,,
792396,307,,
792796,308,,
793200,308,,
793596,308,,
794000,306,,
794396,306,,
794796,306,,
795200,306,,
795596,306,,
795996,307,,
796396,307,,
796796,307,,
797200,306,,
797596,307,,
797996,307,,
798400,306,,
798796,307,,
799200,308,,
799596,307,,
799996,307,,
800400,308,,
800796,308,,
801196,308,,
801600,308,,
802000,309,,
802396,309,,
802796,307,,
803196,308,,
803600,307,,
804000,308,,
804396,307,,
804800,307,,
805200,307,,
805600,307,,
806000,306,,
806396,307,,
806800,307,,
807200,306,,
807600,307,,
808004,306,,
808396,307,,
808800,307,,
809200,307,,
809600,308,,
809992,308,,
810400,307,,
810796,307,,
811196,307,,
811600,308,,
812000,307,,
812400,308,,
812796,309,,
813196,308,,
813600,308,,
814000,308,,
814396,309,,
814796,308,,
815196,309,,
815600,309,,
815996,310,,
816396,308,,
816796,308,,
817196,309,,
817596,309,,
818000,309,,
818400,309,,
818800,308,,
819196,309,,
819596,307,,
820000,308,,
820400,307,,
820796,307,,
821196,308,,
821596,308,,
822000,307,,
822400,307,,
822796,308,,
823200,309,,
823596,308,,
824000,308,,
824400,309,,
824796,307,,
825200,308,,
825600,308,,
826000,308,,
826392,307,,
826796,308,,
827200,308,,
827600,307,,
828000,306,,
828396,308,,
828796,307,,
829200,307,,
829600,307,,
829996,306,,
830396,307,,
830796,306,,
831200,305,,
831600,305,,
831996,306,,
832396,305,,
832796,304,,
833200,306,,
833604,305,,
833996,306,,
834400,306,,
834800,306,,
835200,305,,
835592,307,,
836000,306,,
836396,305,,
836796,307,,
837196,307,,
837600,306,,
838000,307,,
838396,307,,
838796,306,,
839196,307,,
839600,307,,
840000,308,,
840396,307,,
840796,307,,
841200,308,,
841600,307,,
842000,307,,
842396,307,,
842796,307,,
843196,308,,
843596,307,,
843996,308,,
844400,308,,
844796,308,,
845196,308,,
845600,308,,
845996,308,,
846400,307,,
846796,307,,
847196,307,,
847600,306,,
848000,307,,
848400,307,,
848796,308,,
849196,307,,
849600,308,,
850000,308,,
850400,307,,
850796,309,,
851196,308,,
851600,308,,
851992,309,,
852396,308,,
852796,308,,
853196,308,,
853600,308,,
853996,308,,
854396,309,,
854800,308,,
855196,308,,
855600,308,,
855996,309,,
856396,306,,
856800,308,,
857200,308,,
857600,307,,
857996,306,,
858396,307,,
858800,307,,
859204,308,,
859596,308,,
859996,307,,
860396,307,,
860800,306,,
861192,306,,
861600,307,,
862000,308,,
862400,307,,
862796,307,,
863200,308,,
863600,309,,
863996,308,,
864400,309,,
864796,309,,
865200,309,,
865600,309,,
865996,309,,
866396,309,,
866796,308,,
867200,309,,
867600,308,,
867996,309,,
868396,309,,
868800,309,,
869196,308,,
869596,308,,
870000,309,,
870396,308,,
870796,309,,
871196,308,,
871596,306,,
872000,308,,
872396,308,,
872796,308,,
873196,307,,
873596,307,,
874000,308,,
874396,308,,
874796,309,,
875200,308,,
875600,309,,
876000,309,,
876396,309,,
876796,308,,
877200,308,,
877596,308,,
877996,308,,
878400,308,,
878800,309,,
879196,309,,
879600,308,,
879996,308,,
880400,309,,
880800,308,,
881196,308,,
881600,307,,
882000,308,,
882400,306,,
882800,306,,
883196,306,,
883600,307,,
884000,307,,
884400,308,,
884804,307,,
885196,307,,
885600,307,,
886000,306,,
886396,306,,
886796,307,,
887200,307,,
887596,306,,
887996,307,,
888400,307,,
888800,306,,
889200,307,,
889596,310,,
889996,308,,
890400,307,,
890800,309,,
891200,308,,
891596,309,,
891996,309,,
892400,309,,
892796,308,,
893196,309,,
893596,307,,
893996,308,,
894396,307,,
894800,307,,
895200,308,,
895600,307,,
895996,308,,
896396,307,,
896800,307,,
897200,307,,
897600,308,,
897996,308,,
898396,307,,
898800,308,,
899200,306,,
899596,307,,
900000,308,,
900400,308,,
900800,308,,
901200,308,,
901596,308,,
902000,308,,
902400,308,,
902800,307,,
903192,308,,
903596,308,,
904000,307,,
904400,308,,
904800,308,,
905196,307,,
905596,307,,
906000,307,,
906400,307,,
906796,308,,
907196,307,,
907596,307,,
908000,306,,
908400,305,,
908796,307,,
909200,306,,
909596,306,,
910000,307,,
910404,305,,
910796,306,,
911200,306,,
911600,306,,
912000,307,,
912392,307,,
912800,308,,
913196,307,,
913596,307,,
913996,308,,
914400,307,,
914800,307,,
915196,308,,
915596,308,,
916000,308,,
916400,309,,
916800,309,,
917196,309,,
917596,308,,
918000,308,,
918400,308,,
918800,306,,
919196,308,,
919596,308,,
919996,308,,
920396,309,,
920796,307,,
921200,308,,
921596,307,,
921996,307,,
922400,308,,
922800,308,,
923200,307,,
923596,308,,
923996,308,,
924400,308,,
924800,307,,
925200,307,,
925596,308,,
925996,307,,
926400,308,,
926800,307,,
927196,307,,
927596,308,,
927996,308,,
928400,307,,
928792,308,,
929196,307,,
929596,306,,
929996,307,,
930400,307,,
930796,307,,
931196,307,,
931600,307,,
932000,307,,
932400,307,,
932796,307,,
933196,308,,
933600,308,,
934000,307,,
934400,307,,
934796,307,,
935196,307,,
935600,307,,
936004,307,,
936400,307,,
936796,307,,
937196,307,,
937600,308,,
937992,307,,
938400,307,,
938800,309,,
939200,307,,
939596,308,,
940000,308,,
940400,307,,
940800,308,,
941200,308,,
941596,308,,
942000,309,,
942400,308,,
942796,308,,
943196,308,,
943596,308,,
944000,308,,
944400,308,,
944796,308,,
945196,309,,
945600,307,,
945996,307,,
946396,307,,
946800,307,,
947196,307,,
947596,308,,
947996,307,,
948396,308,,
948800,308,,
949196,308,,
949596,308,,
950000,308,,
950396,308,,
950800,307,,
951196,308,,
951596,307,,
952000,307,,
952400,307,,
952800,306,,
953196,307,,
953596,307,,
954000,305,,
954396,306,,
954796,307,,
955200,306,,
955600,306,,
955996,307,,
956400,306,,
956800,307,,
957200,306,,
957600,307,,
957996,307,,
958400,307,,
958800,308,,
959200,307,,
959600,307,,
959996,306,,
960400,307,,
960800,307,,
961200,306,,
961604,307,,
961996,307,,
962400,306,,
962800,307,,
963196,307,,
963596,307,,
964000,307,,
964396,307,,
964796,308,,
965200,307,,
965600,307,,
966000,307,,
966396,307,,
966796,308,,
967200,309,,
967596,308,,
968000,307,,
968396,307,,
968796,307,,
969200,307,,
969596,307,,
969996,307,,
970396,308,,
970796,307,,
971196,308,,
971600,307,,
972000,308,,
972400,307,,
972796,307,,
973196,307,,
973600,307,,
974000,306,,
974396,307,,
974796,307,,
975196,307,,
975600,307,,
976000,306,,
976396,306,,
976796,306,,
977196,307,,
977600,307,,
978000,308,,
978396,307,,
978800,308,,
979200,307,,
979600,307,,
979992,307,,
980396,307,,
980800,308,,
981200,307,,
981600,307,,
981996,306,,
982396,307,,
982800,307,,
983200,307,,
983596,308,,
983996,308,,
984396,307,,
984800,307,,
985200,307,,
985596,307,,
986000,307,,
986400,307,,
986800,307,,
987204,307,,
987596,308,,
988000,308,,
988400,308,,
988800,308,,
989192,307,,
989600,308,,
989996,310,,
990396,309,,
990796,308,,
991200,308,,
991600,308,,
991996,308,,
992396,308,,
992800,309,,
993200,308,,
993600,309,,
993996,309,,
994396,309,,
994800,309,,
995200,309,,
995600,309,,
995996,308,,
996396,308,,
996796,308,,
997200,308,,
997596,308,,
998000,308,,
998396,308,,
998796,308,,
999200,308,,
999600,307,,
1000000,308,,
1000396,307,,
1000796,306,,
1001200,307,,
1001600,307,,
1002000,307,,
1002396,307,,
1002796,307,,
1003200,307,,
1003600,307,,
1003996,307,,
1004396,309,,
1004796,308,,
1005200,308,,
1005592,309,,
1005996,308,,
1006400,308,,
1006796,308,,
1007200,308,,
1007596,309,,
1007996,309,,
1008400,309,,
1008800,309,,
1009200,309,,
1009596,309,,
1009996,309,,
1010400,308,,
1010800,309,,
1011200,309,,
1011596,308,,
1011996,308,,
1012400,309,,
1012804,309,,
1013196,308,,
1013596,309,,
1013996,308,,
1014400,307,,
1014792,308,,
1015200,308,,
1015600,309,,
1016000,308,,
1016396,309,,
1016800,307,,
1017200,308,,
1017600,309,,
1018000,308,,
1018396,309,,
1018800,309,,
1019200,308,,
1019596,309,,
1019996,308,,
1020396,308,,
1020800,307,,
1021200,307,,
1021596,307,,
1021996,308,,
1022400,306,,
1022796,307,,
1023196,307,,
1023600,306,,
1023996,306,,
1024400,307,,
1024796,307,,
1025196,307,,
1025600,308,,
1025996,307,,
1026396,308,,
1026796,308,,
1027200,308,,
1027600,307,,
1027996,308,,
1028396,307,,
1028800,307,,
1029200,307,,
1029600,307,,
1029996,308,,
1030396,308,,
1030800,307,,
1031192,307,,
1031600,307,,
1031996,306,,
1032396,306,,
1032800,307,,
1033196,307,,
1033596,306,,
1033996,308,,
1034396,307,,
1034800,308,,
1035196,308,,
1035596,307,,
1036000,307,,
1036396,307,,
1036800,307,,
1037196,307,,
1037596,307,,
1038000,306,,
1038404,307,,
1038800,307,,
1039196,305,,
1039596,306,,
1040000,306,,
1040392,307,,
1040796,307,,
1041200,307,,
1041600,308,,
1041996,307,,
1042400,307,,
1042800,308,,
1043200,307,,
1043600,307,,
1043996,307,,
1044400,307,,
1044800,308,,
1045200,307,,
1045600,307,,
1045996,308,,
1046400,307,,
1046800,308,,
1047196,308,,
1047596,307,,
1048000,307,,
1048396,306,,
1048796,306,,
1049200,307,,
1049604,307,,
1050000,307,,
1050396,306,,
1050796,307,,
1051200,307,,
1051600,306,,
1052000,305,,
1052396,307,,
1052796,306,,
1053200,306,,
1053596,307,,
1053996,308,,
1054396,307,,
1054796,306,,
1055200,306,,
1055596,308,,
1055996,307,,
1056396,306,,
1056796,307,,
1057196,307,,
1057600,307,,
1058000,307,,
1058400,307,,
1058796,307,,
1059196,308,,
1059600,307,,
1060000,308,,
1060396,308,,
1060796,306,,
1061196,307,,
1061600,307,,
1062000,306,,
1062396,307,,
1062800,308,,
1063196,307,,
1063600,307,,
1064004,307,,
1064396,307,,
1064800,307,,
1065200,307,,
1065600,308,,
1065992,307,,
1066400,307,,
1066796,307,,
1067196,307,,
1067596,307,,
1068000,307,,
1068400,307,,
1068796,307,,
1069196,307,,
1069600,306,,
1070000,306,,
1070400,306,,
1070796,307,,
1071196,307,,
1071600,307,,
1071996,306,,
1072400,306,,
1072796,306,,
1073196,307,,
1073596,307,,
1074000,307,,
1074400,307,,
1074800,307,,
1075196,307,,
1075596,306,,
1076000,307,,
1076400,305,,
1076800,305,,
1077196,306,,
1077596,306,,
1078000,306,,
1078400,306,,
1078796,307,,
1079196,306,,
1079596,306,,
1080000,307,,
1080400,306,,
1080796,306,,
1081196,307,,
1081596,306,,
1082000,307,,
1082392,308,,
1082796,308,,
1083200,307,,
1083600,307,,
1084000,308,,
1084396,308,,
1084796,308,,
1085200,308,,
1085600,308,,
1086000,307,,
1086396,308,,
1086796,307,,
1087200,307,,
1087600,309,,
1088000,308,,
1088396,307,,
1088796,308,,
1089200,308,,
1089604,308,,
1089996,307,,
1090396,308,,
1090796,308,,
1091200,308,,
1091592,309,,
1092000,309,,
1092400,308,,
1092800,308,,
1093196,308,,
1093600,306,,
1094000,308,,
1094396,308,,
1094800,307,,
1095196,307,,
1095600,308,,
1096000,308,,
1096396,308,,
1096796,308,,
1097196,308,,
1097600,307,,
1098000,307,,
1098396,308,,
1098796,307,,
1099200,306,,
1099596,307,,
1099996,307,,
1100400,306,,
1100796,306,,
1101196,308,,
1101596,308,,
1101996,308,,
1102400,307,,
1102796,307,,
1103196,307,,
1103596,306,,
1103996,306,,
1104400,307,,
1104796,306,,
1105196,307,,
1105600,307,,
1106000,308,,
1106400,309,,
1106796,309,,
1107196,309,,
1107600,308,,
1107996,308,,
1108396,307,,
1108800,308,,
1109200,308,,
1109596,308,,
1110000,308,,
1110396,307,,
1110800,308,,
1111200,308,,
1111596,308,,
1112000,308,,
1112400,308,,
1112800,308,,
1113200,308,,
1113596,308,,
1114000,307,,
1114400,308,,
1114796,308,,
1115204,308,,
1115596,309,,
1116000,308,,
1116400,309,,
1116796,307,,
1117196,307,,
1117600,307,,
1117996,306,,
1118396,305,,
1118800,305,,
1119196,305,,
1119600,305,,
1119996,304,,
1120396,305,,
1120800,306,,
1121196,305,,
1121596,305,,
1121996,306,,
1122396,306,,
1122800,307,,
1123196,306,,
1123596,307,,
1124000,307,,
1124396,307,,
1124800,306,,
1125196,306,,
1125596,307,,
1126000,307,,
1126404,306,,
1126800,307,,
1127196,307,,
1127596,307,,
1128000,306,,
1128396,307,,
1128800,307,,
1129196,306,,
1129596,305,,
1130000,306,,
1130396,307,,
1130796,306,,
1131196,306,,
1131596,307,,
1132000,307,,
1132396,307,,
1132796,307,,
1133200,308,,
1133596,307,,
1133996,306,,
1134400,308,,
1134800,308,,
1135196,308,,
1135596,308,,
1135996,307,,
1136400,308,,
1136800,308,,
1137196,309,,
1137596,309,,
1137996,309,,
1138400,309,,
1138800,308,,
1139196,308,,
1139600,308,,
1140000,309,,
1140400,308,,
1140804,307,,
1141196,309,,
1141600,308,,
1142000,308,,
1142400,308,,
1142792,308,,
1143200,308,,
1143596,308,,
1143996,306,,
1144396,307,,
1144800,307,,
1145200,306,,
1145596,307,,
1145996,306,,
1146400,306,,
1146800,306,,
1147200,306,,
1147596,306,,
1147996,308,,
1148400,307,,
1148800,307,,
1149200,306,,
1149596,307,,
1149996,307,,
1150396,306,,
1150800,307,,
1151196,306,,
1151600,307,,
1151996,307,,
1152396,306,,
1152800,308,,
1153200,306,,
1153600,307,,
1153996,307,,
1154396,307,,
1154800,307,,
1155200,307,,
1155596,306,,
1155996,307,,
1156396,306,,
1156800,307,,
1157200,308,,
1157596,308,,
1158000,307,,
1158396,307,,
1158800,308,,
1159192,307,,
1159596,308,,
1160000,308,,
1160400,308,,
1160800,308,,
1161196,307,,
1161596,308,,
1162000,307,,
1162400,308,,
1162800,307,,
1163196,308,,
1163596,308,,
1164000,308,,
1164400,309,,
1164796,308,,
1165196,309,,
1165596,308,,
1166000,308,,
1166404,309,,
1166796,308,,
1167196,308,,
1167596,308,,
1168000,308,,
1168392,308,,
1168800,309,,
1169200,308,,
1169600,308,,
1169996,308,,
1170400,308,,
1170800,308,,
1171196,308,,
1171596,308,,
1171996,308,,
1172400,308,,
1172800,308,,
1173196,309,,
1173596,310,,
1173996,310,,
1174400,310,,
1174800,311,,
1175196,310,,
1175596,309,,
1176000,310,,
1176396,309,,
1176796,309,,
1177200,308,,
1177596,308,,
1177996,308,,
1178396,308,,
1178796,308,,
1179200,310,,
1179596,309,,
1179996,309,,
1180400,309,,
1180796,310,,
1181200,310,,
1181596,309,,
1181996,309,,
1182400,309,,
1182800,309,,
1183200,309,,
1183596,308,,
1183996,309,,
1184400,309,,
1184792,309,,
1185200,309,,
1185596,308,,
1185996,308,,
1186400,308,,
1186796,308,,
1187196,310,,
1187596,308,,
1187996,309,,
1188400,309,,
1188796,309,,
1189196,310,,
1189600,309,,
1189996,309,,
1190400,309,,
1190796,309,,
1191196,309,,
1191600,309,,
1192004,310,,
1192400,309,,
1192796,310,,
1193196,308,,
1193600,308,,
1193996,308,,
1194396,307,,
1194800,308,,
1195200,308,,
1195596,307,,
1196000,309,,
1196400,307,,
1196800,307,,
1197200,307,,
1197596,308,,
1198000,307,,
1198400,307,,
1198796,307,,
1199200,308,,
1199596,308,,
1200000,308,,
1200400,308,,
1200796,308,,
1201196,308,,
1201600,308,,
1201996,307,,
1202396,307,,
1202800,308,,
1203204,308,,
1203600,307,,
1203996,308,,
1204396,308,,
1204800,308,,
1205196,308,,
1205596,308,,
1205996,309,,
1206396,308,,
1206800,308,,
1207196,308,,
1207596,308,,
1207996,308,,
1208396,308,,
1208800,308,,
1209196,309,,
1209596,309,,
1210000,308,,
1210396,308,,
1210796,308,,
1211200,307,,
1211600,307,,
1211996,308,,
1212396,308,,
1212796,308,,
1213200,308,,
1213600,308,,
1213996,308,,
1214400,308,,
1214796,308,,
1215200,308,,
1215600,308,,
1215996,308,,
1216400,308,,
1216800,307,,
1217200,308,,
1217604,308,,
1217996,307,,
1218400,307,,
1218800,307,,
1219200,307,,
1219592,308,,
1220000,308,,
1220396,307,,
1220796,307,,
1221200,308,,
1221600,308,,
1222000,308,,
1222396,307,,
1222796,308,,
1223200,309,,
1223600,308,,
1224000,308,,
1224396,308,,
1224796,308,,
1225200,307,,
1225600,308,,
1226000,309,,
1226396,309,,
1226796,307,,
1227196,308,,
1227600,308,,
1228000,309,,
1228400,307,,
1228796,308,,
1229196,308,,
1229600,308,,
1230000,308,,
1230400,308,,
1230796,307,,
1231196,308,,
1231600,309,,
1232000,309,,
1232400,308,,
1232796,308,,
1233196,308,,
1233600,308,,
1234000,308,,
1234396,308,,
1234796,308,,
1235196,308,,
1235600,308,,
1235992,308,,
1236396,307,,
1236800,307,,
1237196,307,,
1237600,307,,
1237996,307,,
1238396,307,,
1238800,307,,
1239200,307,,
1239600,307,,
1239996,307,,
1240396,308,,
1240800,307,,
1241200,307,,
1241596,307,,
1241996,307,,
1242396,306,,
1242800,308,,
1243204,307,,
1243596,307,,
1244000,308,,
1244396,307,,
1244800,308,,
1245192,307,,
1245600,308,,
1245996,307,,
1246400,307,,
1246796,307,,
1247200,306,,
1247600,306,,
1247996,307,,
1248396,306,,
1248796,308,,
1249200,307,,
1249600,307,,
1249996,308,,
1250396,307,,
1250800,308,,
1251200,308,,
1251600,307,,
1251996,308,,
1252396,308,,
1252796,309,,
1253196,308,,
1253596,307,,
1254000,309,,
1254396,308,,
1254796,308,,
1255196,308,,
1255596,308,,
1256000,309,,
1256396,308,,
1256796,308,,
1257200,308,,
1257600,307,,
1258000,309,,
1258396,308,,
1258796,308,,
1259200,309,,
1259600,309,,
1260000,308,,
1260396,308,,
1260796,308,,
1261200,308,,
1261592,309,,
1261996,308,,
1262396,308,,
1262796,307,,
1263200,307,,
1263596,308,,
1263996,307,,
1264396,309,,
1264796,309,,
1265200,308,,
1265596,309,,
1265996,308,,
1266400,308,,
1266800,308,,
1267200,307,,
1267596,308,,
1267996,308,,
1268400,308,,
1268804,308,,
1269200,308,,
1269596,308,,
1269996,308,,
1270400,308,,
1270792,309,,
1271196,307,,
1271600,308,,
1272000,307,,
1272396,307,,
1272800,307,,
1273200,308,,
1273600,307,,
1274000,308,,
1274396,307,,
1274800,308,,
1275200,308,,
1275600,309,,
1276000,309,,
1276396,310,,
1276800,310,,
1277200,310,,
1277596,308,,
1277996,308,,
1278400,308,,
1278796,307,,
1279196,308,,
1279600,307,,
1280004,308,,
1280400,308,,
1280796,307,,
1281196,308,,
1281600,308,,
1282000,308,,
1282400,308,,
1282796,308,,
1283196,308,,
1283600,308,,
1283996,308,,
1284396,308,,
1284800,307,,
1285196,307,,
1285600,308,,
1285996,308,,
1286396,308,,
1286800,308,,
1287196,308,,
1287596,308,,
1288000,307,,
1288400,307,,
1288796,307,,
1289196,308,,
1289596,306,,
1290000,307,,
1290400,307,,
1290796,306,,
1291200,307,,
1291600,307,,
1292000,307,,
1292400,307,,
1292796,308,,
1293200,308,,
1293600,307,,
1294000,307,,
1294404,307,,
1294796,308,,
1295200,307,,
1295600,306,,
1296000,307,,
1296392,306,,
1296800,306,,
1297196,306,,
1297596,307,,
1298000,307,,
1298400,306,,
1298800,306,,
1299196,307,,
1299596,307,,
1300000,306,,
1300400,307,,
1300800,307,,
1301196,307,,
1301596,306,,
1302000,306,,
1302396,308,,
1302800,308,,
1303196,307,,
1303596,307,,
1303996,308,,
1304400,306,,
1304800,307,,
1305200,308,,
1305596,308,,
1305996,306,,
1306400,307,,
1306800,307,,
1307200,306,,
1307596,308,,
1307996,308,,
1308400,308,,
1308800,308,,
1309196,308,,
1309596,308,,
1309996,309,,
1310400,308,,
1310800,307,,
1311196,309,,
1311596,308,,
1311996,306,,
1312400,308,,
1312792,309,,
1313196,307,,
1313600,306,,
1314000,308,,
1314400,308,,
1314796,306,,
1315196,307,,
1315600,307,,
1316000,307,,
1316400,308,,
1316796,307,,
1317196,307,,
1317600,308,,
1318000,307,,
1318396,307,,
1318796,306,,
1319196,307,,
1319600,306,,
1320004,306,,
1320396,307,,
1320796,307,,
1321196,307,,
1321600,307,,
1321992,307,,
1322400,308,,
1322800,307,,
1323200,306,,
1323596,307,,
1324000,307,,
1324400,306,,
1324796,307,,
1325196,308,,
1325596,307,,
1326000,306,,
1326400,307,,
1326796,307,,
1327196,307,,
1327600,307,,
1328000,307,,
1328400,307,,
1328796,306,,
1329196,306,,
1329596,307,,
1329996,307,,
1330396,308,,
1330800,307,,
1331196,307,,
1331596,307,,
1332000,307,,
1332396,307,,
1332800,307,,
1333196,308,,
1333596,307,,
1334000,308,,
1334400,308,,
1334800,308,,
1335196,309,,
1335596,307,,
1336000,308,,
1336400,308,,
1336800,308,,
1337196,307,,
1337596,306,,
1338000,307,,
1338392,307,,
1338796,308,,
1339196,308,,
1339596,307,,
1340000,307,,
1340396,308,,
1340796,307,,
1341200,307,,
1341596,308,,
1342000,306,,
1342396,308,,
1342796,306,,
1343200,307,,
1343600,307,,
1344000,307,,
1344396,308,,
1344796,307,,
1345200,307,,
1345608,308,,
1346000,307,,
1346396,308,,
1346796,308,,
1347200,309,,
1347592,308,,
1348000,308,,
1348400,308,,
1348800,309,,
1349196,308,,
1349600,309,,
1350000,309,,
1350400,308,,
1350800,310,,
1351196,307,,
1351600,309,,
1352000,308,,
1352400,309,,
1352800,309,,
1353196,309,,
1353600,309,,
1354000,308,,
1354396,308,,
1354796,309,,
1355200,309,,
1355596,309,,
1355996,308,,
1356400,308,,
1356804,308,,
1357200,309,,
1357596,308,,
1357996,309,,
1358400,308,,
1358796,308,,
1359200,309,,
1359596,307,,
1359996,308,,
1360400,307,,
1360796,308,,
1361196,308,,
1361596,308,,
1361996,308,,
1362400,307,,
1362796,308,,
1363196,307,,
1363600,308,,
1363996,308,,
1364396,307,,
1364800,308,,
1365200,307,,
1365596,307,,
1365996,307,,
1366396,307,,
1366800,306,,
1367200,307,,
1367596,308,,
1367996,307,,
1368396,309,,
1368800,309,,
1369200,309,,
1369596,309,,
1370000,308,,
1370400,309,,
1370800,308,,
1371204,308,,
1371596,308,,
1372000,308,,
1372400,309,,
1372796,309,,
1373196,309,,
1373600,308,,
1373996,308,,
1374396,308,,
1374800,308,,
1375200,308,,
1375600,307,,
1375996,307,,
1376396,307,,
1376800,307,,
1377200,307,,
1377600,307,,
1377996,306,,
1378396,306,,
1378800,307,,
1379196,306,,
1379596,307,,
1379996,306,,
1380396,307,,
1380796,307,,
1381200,307,,
1381600,307,,
1382000,307,,
1382396,307,,
1382796,307,,
1383200,307,,
1383600,307,,
1384000,306,,
1384396,307,,
1384796,307,,
1385200,307,,
1385600,306,,
1385996,307,,
1386396,306,,
1386796,306,,
1387200,306,,
1387600,305,,
1387996,307,,
1388400,306,,
1388796,307,,
1389200,305,,
1389592,306,,
1389996,306,,
1390400,305,,
1390800,305,,
1391200,306,,
1391596,305,,
1391996,305,,
1392400,305,,
1392800,306,,
1393200,307,,
1393596,306,,
1393996,306,,
1394400,307,,
1394800,307,,
1395196,307,,
1395596,306,,
1395996,308,,
1396400,307,,
1396804,308,,
1397196,307,,
1397600,308,,
1397996,307,,
1398400,307,,
1398792,307,,
1399200,307,,
1399596,308,,
1400000,307,,
1400396,306,,
1400800,307,,
1401200,306,,
1401596,306,,
1401996,307,,
1402396,306,,
1402800,306,,
1403200,305,,
1403596,306,,
1403996,307,,
1404400,306,,
1404800,307,,
1405200,306,,
1405596,306,,
1405996,305,,
1406396,305,,
1406796,305,,
1407196,306,,
1407600,306,,
1407996,306,,
1408396,306,,
1408796,306,,
1409196,305,,
1409600,306,,
1409996,307,,
1410396,306,,
1410800,305,,
1411200,306,,
1411600,306,,
1411996,305,,
1412396,306,,
1412800,307,,
1413200,306,,
1413596,305,,
1413996,305,,
1414396,306,,
1414800,305,,
1415192,306,,
1415596,306,,
1415996,306,,
1416396,306,,
1416800,306,,
1417196,306,,
1417596,305,,
1418000,306,,
1418400,307,,
1418800,306,,
1419196,306,,
1419596,306,,
1420000,305,,
1420400,307,,
1420800,306,,
1421196,307,,
1421596,307,,
1422000,306,,
1422404,308,,
1422800,308,,
1423196,307,,
1423596,306,,
1424000,306,,
1424392,307,,
1424800,306,,
1425200,306,,
1425600,307,,
1425996,306,,
1426400,308,,
1426800,306,,
1427200,307,,
1427600,305,,
1427996,305,,
1428400,307,,
1428800,305,,
1429196,306,,
1429600,307,,
1429996,307,,
1430400,307,,
1430800,307,,
1431196,307,,
1431596,307,,
1432000,307,,
1432396,306,,
1432796,308,,
1433200,307,,
1433608,307,,
1434000,306,,
1434396,307,,
1434796,307,,
1435200,306,,
1435596,307,,
1435996,308,,
1436396,307,,
1436796,307,,
1437200,307,,
1437596,306,,
1437996,307,,
1438396,306,,
1438796,307,,
1439200,307,,
1439596,306,,
1439996,306,,
1440400,306,,
1440796,307,,
1441196,307,,
1441600,306,,
1442000,308,,
1442396,307,,
1442796,307,,
1443196,308,,
1443600,308,,
1444000,307,,
1444396,308,,
1444800,307,,
1445196,307,,
1445600,307,,
1446000,307,,
1446396,308,,
1446800,307,,
1447200,307,,
1447600,307,,
1448004,306,,
1448396,308,,
1448800,308,,
1449200,308,,
1449600,309,,
1449992,307,,
1450400,307,,
1450796,307,,
1451196,307,,
1451600,308,,
1452000,307,,
1452400,309,,
1452796,307,,
1453196,307,,
1453600,307,,
1454000,307,,
1454400,308,,
1454796,307,,
1455196,308,,
1455600,307,,
1455996,307,,
1456396,307,,
1456796,307,,
1457196,308,,
1457596,307,,
1458000,307,,
1458400,307,,
1458800,308,,
1459196,309,,
1459596,308,,
1460000,309,,
1460400,308,,
1460796,308,,
1461196,308,,
1461596,308,,
1462000,308,,
1462400,308,,
1462796,308,,
1463196,310,,
1463596,308,,
1464000,310,,
1464400,309,,
1464796,308,,
1465200,309,,
1465600,307,,
1466000,309,,
1466392,309,,
1466796,308,,
1467200,309,,
1467600,308,,
1468000,309,,
1468396,308,,
1468796,308,,
1469200,309,,
1469600,308,,
1469996,309,,
1470396,308,,
1470796,308,,
1471200,309,,
1471600,309,,
1471996,308,,
1472396,307,,
1472796,307,,
1473200,308,,
1473604,309,,
1473996,308,,
1474400,309,,
1474800,308,,
1475200,308,,
1475592,309,,
1476000,308,,
1476396,309,,
1476796,308,,
1477196,308,,
1477600,307,,
1478000,308,,
1478396,307,,
1478796,308,,
1479196,308,,
1479600,307,,
1480000,307,,
1480396,307,,
1480796,307,,
1481200,307,,
1481600,307,,
1482000,308,,
1482396,308,,
1482796,309,,
1483196,309,,
1483596,308,,
1483996,308,,
1484400,307,,
1484796,307,,
1485196,307,,
1485600,308,,
1485996,308,,
1486400,307,,
1486796,308,,
1487196,308,,
1487600,308,,
1488000,309,,
1488400,308,,
1488796,308,,
1489196,308,,
1489600,309,,
1490000,309,,
1490400,308,,
1490796,308,,
1491196,309,,
1491600,308,,
1491992,309,,
1492396,309,,
1492796,309,,
1493196,310,,
1493600,309,,
1493996,309,,
1494396,309,,
1494796,309,,
1495196,309,,
1495600,309,,
1495996,309,,
1496396,309,,
1496800,308,,
1497200,309,,
1497600,309,,
1497996,309,,
1498396,309,,
1498800,308,,
1499204,309,,
1499596,308,,
1499996,308,,
1500396,308,,
1500800,309,,
1501192,309,,
1501600,308,,
1502000,308,,
1502400,308,,
1502796,308,,
1503200,308,,
1503600,308,,
1504000,308,,
1504400,308,,
1504796,308,,
1505200,308,,
1505600,309,,
1505996,309,,
1506396,308,,
1506796,309,,
1507200,309,,
1507600,309,,
1507996,308,,
1508396,309,,
1508800,309,,
1509196,309,,
1509596,309,,
1510000,309,,
1510396,310,,
1510800,309,,
1511196,309,,
1511596,308,,
1512000,309,,
1512396,309,,
1512796,308,,
1513196,309,,
1513596,308,,
1514000,309,,
1514396,309,,
1514796,309,,
1515200,309,,
1515596,308,,
1516000,309,,
1516396,308,,
1516796,309,,
1517200,309,,
1517596,309,,
1517996,309,,
1518400,309,,
1518800,310,,
1519196,310,,
1519596,310,,
1519996,309,,
1520400,310,,
1520800,310,,
1521196,310,,
1521600,309,,
1522000,309,,
1522400,309,,
1522800,310,,
1523196,309,,
1523600,309,,
1524000,308,,
1524400,310,,
1524804,309,,
1525196,309,,
1525600,308,,
1526000,308,,
1526396,308,,
1526796,308,,
1527200,308,,
1527596,307,,
1527996,308,,
1528400,309,,
1528800,309,,
1529200,308,,
1529596,308,,
1529996,308,,
1530400,308,,
1530800,308,,
1531200,308,,
1531596,309,,
1531996,307,,
1532400,308,,
1532796,309,,
1533196,308,,
1533596,308,,
1533996,308,,
1534396,308,,
1534800,309,,
1535200,308,,
1535600,308,,
1535996,308,,
1536396,308,,
1536800,308,,
1537200,308,,
1537600,308,,
1537996,307,,
1538396,307,,
1538800,308,,
1539200,308,,
1539596,308,,
1540000,307,,
1540396,307,,
1540800,308,,
1541200,308,,
1541596,308,,
1542000,307,,
1542400,307,,
1542800,308,,
1543192,308,,
1543596,308,,
1544000,307,,
1544400,307,,
1544800,307,,
1545196,309,,
1545596,309,,
1546000,308,,
1546400,308,,
1546796,307,,
1547196,307,,
1547596,308,,
1548000,307,,
1548400,308,,
1548796,309,,
1549200,309,,
1549596,308,,
1550000,307,,
1550404,307,,
1550796,307,,
1551200,307,,
1551600,306,,
1552000,306,,
1552392,306,,
1552800,307,,
1553196,307,,
1553596,308,,
1553996,307,,
1554400,307,,
1554800,307,,
1555196,307,,
1555596,306,,
1556000,306,,
1556400,306,,
1556800,306,,
1557196,306,,
1557596,306,,
1558000,306,,
1558400,307,,
1558800,306,,
1559196,307,,
1559596,307,,
1559996,307,,
1560396,307,,
1560796,307,,
1561200,307,,
1561596,306,,
1561996,306,,
1562400,306,,
1562800,306,,
1563200,305,,
1563596,306,,
1563996,307,,
1564400,307,,
1564800,307,,
1565200,306,,
1565596,307,,
1565996,306,,
1566400,307,,
1566800,306,,
1567200,306,,
1567596,306,,
1567996,306,,
1568400,306,,
1568792,306,,
1569196,307,,
1569596,306,,
1569996,306,,
1570400,306,,
1570796,306,,
1571196,306,,
1571600,307,,
1571996,307,,
1572400,306,,
1572796,307,,
1573196,307,,
1573600,307,,
1574000,307,,
1574400,307,,
1574796,307,,
1575196,306,,
1575600,306,,
1576004,307,,
1576400,307,,
1576796,306,,
1577196,306,,
1577600,306,,
1577992,306,,
1578400,306,,
1578800,306,,
1579200,306,,
1579596,305,,
1580000,305,,
1580400,305,,
1580800,305,,
1581200,305,,
1581596,305,,
1582000,306,,
1582400,306,,
1582796,306,,
1583196,307,,
1583596,307,,
1584000,306,,
1584400,306,,
1584796,306,,
1585196,305,,
1585600,305,,
1585996,306,,
1586396,307,,
1586800,307,,
1587196,307,,
1587596,306,,
1587996,307,,
1588396,307,,
1588800,306,,
1589196,306,,
1589596,307,,
1589996,307,,
1590396,306,,
1590800,306,,
1591196,306,,
1591596,307,,
1592000,306,,
1592400,307,,
1592800,307,,
1593196,308,,
1593596,307,,
1594000,307,,
1594396,307,,
1594796,308,,
1595200,307,,
1595600,307,,
1595996,308,,
1596400,307,,
1596796,307,,
1597200,308,,
1597600,308,,
1597996,308,,
1598400,308,,
1598800,308,,
1599200,308,,
1599600,308,,
1599996,307,,
1600400,308,,
1600800,309,,
1601200,308,,
1601604,308,,
1601996,308,,
1602400,307,,
1602800,308,,
1603196,308,,
1603596,307,,
1604000,308,,
1604396,308,,
1604796,308,,
1605200,307,,
1605600,307,,
1606000,307,,
1606396,308,,
1606796,307,,
1607200,307,,
1607596,308,,
1608000,307,,
1608396,307,,
1608796,307,,
1609200,306,,
1609596,307,,
1609996,306,,
1610396,306,,
1610796,307,,
1611196,306,,
1611600,307,,
1612000,306,,
1612400,306,,
1612796,307,,
1613196,306,,
1613600,307,,
1614000,307,,
1614396,308,,
1614796,307,,
1615196,307,,
1615600,307,,
1616000,308,,
1616396,308,,
1616796,308,,
1617196,307,,
1617600,308,,
1618000,308,,
1618396,307,,
1618800,308,,
1619200,307,,
1619600,306,,
1619992,307,,
1620396,306,,
1620800,306,,
1621200,307,,
1621600,307,,
1621996,307,,
1622396,307,,
1622800,306,,
1623200,307,,
1623600,306,,
1623996,306,,
1624396,307,,
1624800,307,,
1625200,307,,
1625596,306,,
1626000,306,,
1626400,306,,
1626800,306,,
1627204,306,,
1627596,306,,
1628000,306,,
1628400,306,,
1628800,305,,
1629192,306,,
1629600,306,,
1629996,306,,
1630396,306,,
1630796,307,,
1631200,305,,
1631600,306,,
1631996,307,,
1632396,307,,
1632800,307,,
1633200,306,,
1633600,308,,
1633996,307,,
1634396,306,,
1634800,306,,
1635200,306,,
1635600,306,,
1635996,307,,
1636396,307,,
1636796,306,,
1637200,306,,
1637596,307,,
1638000,306,,
1638396,306,,
1638796,307,,
1639200,307,,
1639600,307,,
1640000,306,,
1640396,306,,
1640796,307,,
1641200,306,,
1641600,306,,
1642000,306,,
1642396,305,,
1642796,305,,
1643200,306,,
1643600,306,,
1643996,306,,
1644396,306,,
1644796,307,,
1645200,307,,
1645592,306,,
1645996,306,,
1646396,306,,
1646796,305,,
1647200,307,,
1647596,307,,
1647996,306,,
1648400,306,,
1648800,306,,
1649200,306,,
1649596,306,,
1649996,306,,
1650400,307,,
1650800,307,,
1651200,306,,
1651596,307,,
1651996,306,,
1652400,307,,
1652804,307,,
1653196,307,,
1653596,308,,
1653996,308,,
1654400,307,,
1654792,308,,
1655200,309,,
1655600,308,,
1656000,309,,
1656396,309,,
1656800,307,,
1657200,309,,
1657600,307,,
1658000,307,,
1658396,307,,
1658800,306,,
1659200,307,,
1659596,307,,
1659996,307,,
1660396,307,,
1660800,306,,
1661200,307,,
1661596,307,,
1661996,308,,
1662400,307,,
1662796,309,,
1663196,308,,
1663600,307,,
1663996,309,,
1664400,307,,
1664796,309,,
1665196,308,,
1665600,309,,
1665996,308,,
1666396,308,,
1666796,309,,
1667196,308,,
1667600,308,,
1667996,308,,
1668396,308,,
1668800,309,,
1669200,308,,
1669600,309,,
1669996,308,,
1670396,308,,
1670800,308,,
1671192,307,,
1671600,308,,
1671996,307,,
1672396,306,,
1672800,308,,
1673196,308,,
1673596,307,,
1673996,306,,
1674396,306,,
1674800,306,,
1675196,306,,
1675596,307,,
1676000,306,,
1676396,307,,
1676800,307,,
1677196,307,,
1677596,308,,
1678000,306,,
1678404,308,,
1678800,307,,
1679196,307,,
1679596,307,,
1680000,307,,
1680396,308,,
1680796,307,,
1681200,308,,
1681600,306,,
1681996,307,,
1682400,307,,
1682800,307,,
1683200,308,,
1683600,308,,
1683996,307,,
1684400,307,,
1684800,308,,
1685200,307,,
1685600,309,,
1685996,308,,
1686400,308,,
1686800,308,,
1687200,308,,
1687592,307,,
1688000,309,,
1688396,309,,
1688796,309,,
1689200,309,,
1689604,310,,
1690000,309,,
1690396,310,,
1690796,310,,
1691200,310,,
1691600,310,,
1692000,309,,
1692396,309,,
1692796,308,,
1693200,309,,
1693596,308,,
1694000,309,,
1694396,308,,
1694796,307,,
1695200,307,,
1695596,308,,
1695996,308,,
1696396,307,,
1696796,308,,
1697196,309,,
1697600,308,,
1698000,308,,
1698400,309,,
1698796,308,,
1699196,308,,
1699600,309,,
1700000,309,,
1700396,309,,
1700796,308,,
1701196,308,,
1701600,308,,
1702000,308,,
1702396,308,,
1702796,309,,
1703196,309,,
1703600,309,,
1704004,309,,
1704396,308,,
1704800,310,,
1705200,310,,
1705600,310,,
1705992,309,,
1706400,309,,
1706796,310,,
1707196,309,,
1707596,308,,
1708000,310,,
1708400,308,,
1708796,309,,
1709196,309,,
1709596,309,,
1710000,308,,
1710400,309,,
1710796,308,,
1711196,309,,
1711600,310,,
1712000,308,,
1712400,310,,
1712796,309,,
1713196,308,,
1713596,309,,
1714000,309,,
1714400,309,,
1714800,309,,
1715196,308,,
1715596,309,,
1716000,309,,
1716400,309,,
1716800,310,,
1717196,310,,
1717596,309,,
1718000,309,,
1718400,309,,
1718800,309,,
1719196,308,,
1719596,308,,
1720000,309,,
1720400,308,,
1720796,308,,
1721196,308,,
1721596,308,,
1722000,308,,
1722392,307,,
1722796,308,,
1723200,308,,
1723596,308,,
1724000,308,,
1724396,309,,
1724796,309,,
1725200,308,,
1725600,307,,
1726000,308,,
1726396,309,,
1726796,309,,
1727200,308,,
1727600,308,,
1728000,309,,
1728396,308,,
1728796,308,,
1729200,309,,
1729604,308,,
1729996,308,,
1730396,308,,
1730796,309,,
1731200,308,,
1731592,308,,
1732000,308,,
1732400,310,,
1732800,309,,
1733196,308,,
1733600,309,,
1734000,309,,
1734396,309,,
1734800,307,,
1735196,309,,
1735600,308,,
1736000,307,,
1736396,308,,
1736796,308,,
1737196,308,,
1737600,308,,
1738000,307,,
1738396,309,,
1738796,308,,
1739200,307,,
1739596,308,,
1739996,308,,
1740400,308,,
1740796,307,,
1741196,307,,
1741596,309,,
1741996,307,,
1742400,307,,
1742796,307,,
1743196,308,,
1743596,307,,
1743996,307,,
1744400,307,,
1744796,307,,
1745196,307,,
1745600,307,,
1746000,308,,
1746400,308,,
1746796,306,,
1747196,307,,
1747600,308,,
1747996,307,,
1748396,307,,
1748800,308,,
1749200,308,,
1749596,307,,
1750000,308,,
1750396,308,,
1750800,308,,
1751200,308,,
1751596,307,,
1752000,308,,
1752400,308,,
1752800,309,,
1753200,308,,
1753596,308,,
1754000,308,,
1754400,307,,
1754796,309,,
1755204,308,,
1755596,308,,
1756000,308,,
1756400,308,,
1756796,309,,
1757196,309,,
1757600,309,,
1757996,309,,
1758396,308,,
1758800,309,,
1759196,308,,
1759600,307,,
1759996,309,,
1760396,308,,
1760800,307,,
1761196,307,,
1761596,307,,
1761996,307,,
1762396,308,,
1762800,307,,
1763196,307,,
1763596,307,,
1764000,307,,
1764396,308,,
1764796,307,,
1765200,308,,
1765600,307,,
1765996,308,,
1766396,308,,
1766796,307,,
1767200,307,,
1767600,308,,
1767996,307,,
1768396,308,,
1768796,307,,
1769200,307,,
1769600,307,,
1769996,307,,
1770400,307,,
1770800,307,,
1771200,307,,
1771600,306,,
1771996,307,,
1772400,307,,
1772800,306,,
1773200,307,,
1773592,307,,
1773996,307,,
1774400,306,,
1774800,307,,
1775200,307,,
1775596,306,,
1775996,307,,
1776400,305,,
1776800,307,,
1777196,307,,
1777596,307,,
1777996,308,,
1778400,307,,
1778800,307,,
1779196,307,,
1779600,307,,
1779996,306,,
1780400,306,,
1780804,308,,
1781196,307,,
1781600,307,,
1782000,306,,
1782400,307,,
1782792,306,,
1783200,307,,
1783596,306,,
1783996,307,,
1784396,306,,
1784800,307,,
1785200,306,,
1785596,306,,
1785996,306,,
1786400,306,,
1786800,306,,
1787200,306,,
1787596,307,,
1787996,307,,
1788400,307,,
1788800,306,,
1789200,306,,
1789596,306,,
1789996,306,,
1790396,305,,
1790796,306,,
1791196,306,,
1791600,307,,
1791996,306,,
1792396,307,,
1792800,308,,
1793200,308,,
1793600,308,,
1793996,307,,
1794396,307,,
1794800,307,,
1795200,306,,
1795596,306,,
1795996,305,,
1796396,306,,
1796800,306,,
1797200,306,,
1797596,305,,
1797996,306,,
1798396,305,,
1798800,306,,
1799192,306,,
1799596,306,,
1800000,307,,
1800400,307,,
1800800,306,,
1801196,306,,
1801596,307,,
1802000,308,,
1802400,307,,
1802800,308,,
1803196,308,,
1803596,307,,
1804000,307,,
1804400,307,,
1804796,307,,
1805196,306,,
1805596,306,,
1806000,307,,
1806404,307,,
1806796,307,,
1807196,307,,
1807596,306,,
1808000,306,,
1808392,306,,
1808800,306,,
1809200,307,,
1809600,306,,
1809996,306,,
1810400,307,,
1810800,306,,
1811196,306,,
1811596,305,,
1811996,305,,
1812400,306,,
1812800,305,,
1813196,306,,
1813596,305,,
1813996,306,,
1814400,307,,
1814800,307,,
1815196,306,,
1815596,307,,
1816000,306,,
1816396,306,,
1816796,307,,
1817200,307,,
1817596,308,,
1817996,307,,
1818396,308,,
1818796,308,,
1819200,307,,
1819596,307,,
1819996,307,,
1820400,307,,
1820796,307,,
1821200,308,,
1821596,308,,
1821996,308,,
1822400,307,,
1822800,307,,
1823200,308,,
1823596,308,,
1823996,307,,
1824400,306,,
1824796,308,,
1825196,307,,
1825600,308,,
1826000,308,,
1826396,307,,
1826800,308,,
1827200,308,,
1827600,307,,
1828000,308,,
1828396,308,,
1828800,308,,
1829200,307,,
1829600,308,,
1830000,308,,
1830396,308,,
1830800,309,,
1831200,308,,
1831600,308,,
1832004,308,,
1832396,307,,
1832800,307,,
1833200,308,,
1833596,308,,
1833996,307,,
1834400,308,,
1834796,307,,
1835196,307,,
1835600,307,,
1836000,308,,
1836400,308,,
1836796,308,,
1837196,309,,
1837600,307,,
1837996,307,,
1838396,307,,
1838796,307,,
1839196,307,,
1839600,307,,
1839996,308,,
1840396,307,,
1840800,307,,
1841196,308,,
1841600,307,,
1841996,307,,
1842396,307,,
1842800,307,,
1843204,307,,
1843600,307,,
1843996,307,,
1844396,307,,
1844800,307,,
1845196,308,,
1845600,309,,
1845996,307,,
1846396,307,,
1846800,308,,
1847196,308,,
1847596,307,,
1847996,308,,
1848396,308,,
1848800,309,,
1849196,308,,
1849596,308,,
1850000,309,,
1850396,307,,
1850796,309,,
1851200,308,,
1851600,307,,
1851996,309,,
1852396,308,,
1852796,307,,
1853200,307,,
1853600,308,,
1853996,308,,
1854396,307,,
1854796,308,,
1855200,307,,
1855600,307,,
1855996,308,,
1856400,307,,
1856800,307,,
1857200,308,,
1857604,307,,
1857996,307,,
1858400,307,,
1858800,307,,
1859200,307,,
1859592,307,,
1860000,307,,
1860396,307,,
1860796,307,,
1861196,307,,
1861600,307,,
1862000,307,,
1862396,308,,
1862796,307,,
1863200,307,,
1863600,307,,
1864000,308,,
1864396,307,,
1864796,307,,
1865200,308,,
1865600,307,,
1866000,307,,
1866396,307,,
1866796,307,,
1867196,307,,
1867600,307,,
1867996,307,,
1868400,307,,
1868796,307,,
1869196,307,,
1869600,307,,
1870000,307,,
1870400,307,,
1870796,307,,
1871196,308,,
1871600,308,,
1872000,308,,
1872400,308,,
1872796,308,,
1873196,309,,
1873600,308,,
1874000,309,,
1874396,308,,
1874796,309,,
1875196,309,,
1875600,307,,
1875992,310,,
1876396,308,,
1876800,308,,
1877196,308,,
1877600,308,,
1877996,309,,
1878396,307,,
1878800,308,,
1879200,308,,
1879600,308,,
1879996,307,,
1880396,307,,
1880800,308,,
1881200,307,,
1881596,308,,
1881996,308,,
1882396,308,,
1882800,307,,
1883204,307,,
1883596,307,,
1884000,307,,
1884396,307,,
1884800,307,,
1885192,307,,
1885600,306,,
1885996,307,,
1886400,306,,
1886796,306,,
1887200,306,,
1887600,307,,
1887996,307,,
1888396,307,,
1888796,306,,
1889200,307,,
1889600,307,,
1889996,306,,
1890396,306,,
1890800,308,,
1891200,307,,
1891600,308,,
1891996,307,,
1892396,307,,
1892796,308,,
1893196,307,,
1893596,307,,
1894000,307,,
1894396,307,,
1894796,306,,
1895196,308,,
1895596,307,,
1896000,308,,
1896396,308,,
1896796,307,,
1897200,308,,
1897600,308,,
1898000,308,,
1898396,307,,
1898796,307,,
1899200,307,,
1899600,308,,
1900000,309,,
1900396,309,,
1900796,308,,
1901200,308,,
1901592,308,,
1902000,308,,
1902396,307,,
1902796,307,,
1903200,306,,
1903596,307,,
1903996,307,,
1904396,307,,
1904796,308,,
1905200,307,,
1905596,308,,
1905996,308,,
1906400,307,,
1906796,308,,
1907200,308,,
1907596,308,,
1907996,308,,
1908400,308,,
1908804,307,,
1909200,306,,
1909596,306,,
1909996,306,,
1910400,307,,
1910792,306,,
1911196,307,,
1911600,306,,
1912000,306,,
1912396,307,,
1912800,308,,
1913200,307,,
1913600,307,,
1914000,307,,
1914396,308,,
1914800,307,,
1915200,307,,
1915600,307,,
1916000,306,,
1916396,305,,
1916800,305,,
1917200,306,,
1917596,308,,
1917996,308,,
1918400,306,,
1918796,306,,
1919196,307,,
1919600,307,,
1920004,307,,
1920400,307,,
1920796,308,,
1921196,308,,
1921600,309,,
1922000,309,,
1922400,309,,
1922796,309,,
1923196,309,,
1923600,309,,
1923996,308,,
1924396,308,,
1924796,309,,
1925196,309,,
1925600,309,,
1925996,309,,
1926396,309,,
1926800,308,,
1927196,309,,
1927596,309,,
1928000,308,,
1928400,308,,
1928796,308,,
1929196,308,,
1929596,308,,
1930000,308,,
1930400,308,,
1930796,308,,
1931200,308,,
1931596,307,,
1932000,308,,
1932400,308,,
1932796,308,,
1933200,308,,
1933600,308,,
1934000,308,,
1934404,308,,
1934796,308,,
1935200,308,,
1935600,308,,
1936000,308,,
1936392,308,,
1936800,308,,
1937196,308,,
1937596,307,,
1938000,307,,
1938400,307,,
1938800,307,,
1939196,307,,
1939596,308,,
1940000,307,,
1940400,307,,
1940800,308,,
1941196,308,,
1941596,308,,
1942000,308,,
1942396,308,,
1942800,308,,
1943196,308,,
1943596,308,,
1943996,308,,
1944400,309,,
1944800,310,,
1945200,308,,
1945596,308,,
1945996,308,,
1946400,309,,
1946800,309,,
1947200,308,,
1947596,309,,
1947996,309,,
1948400,308,,
1948800,307,,
1949196,308,,
1949596,309,,
1949996,308,,
1950400,308,,
1950800,308,,
1951196,308,,
1951596,308,,
1951996,308,,
1952400,307,,
1952792,308,,
1953196,307,,
1953600,307,,
1954000,307,,
1954400,308,,
1954796,307,,
1955196,307,,
1955600,308,,
1956000,308,,
1956400,307,,
1956796,306,,
1957196,307,,
1957600,307,,
1958000,307,,
1958400,307,,
1958796,308,,
1959196,308,,
1959600,307,,
1960004,309,,
1960396,308,,
1960796,307,,
1961196,308,,
1961600,308,,
1961992,307,,
1962400,308,,
1962800,307,,
1963200,308,,
1963596,308,,
1964000,306,,
1964400,307,,
1964796,308,,
1965200,306,,
1965596,307,,
1966000,308,,
1966400,308,,
1966796,308,,
1967196,307,,
1967600,306,,
1968000,308,,
1968400,307,,
1968796,307,,
1969196,308,,
1969596,308,,
1969996,307,,
1970396,307,,
1970800,308,,
1971196,306,,
1971596,307,,
1972000,308,,
1972396,307,,
1972800,309,,
1973196,307,,
1973596,308,,
1974000,308,,
1974400,307,,
1974800,308,,
1975196,309,,
1975596,308,,
1976000,309,,
1976400,307,,
1976800,308,,
1977196,308,,
1977596,307,,
1978000,308,,
1978392,306,,
1978796,307,,
1979196,307,,
1979596,307,,
1980000,307,,
1980396,307,,
1980796,307,,
1981196,307,,
1981596,307,,
1982000,308,,
1982396,308,,
1982796,307,,
1983200,309,,
1983600,308,,
1984000,308,,
1984396,308,,
1984796,307,,
1985200,308,,
1985604,308,,
1986000,308,,
1986396,307,,
1986796,308,,
1987200,307,,
1987592,307,,
1987996,308,,
1988400,307,,
1988800,306,,
1989196,307,,
1989600,307,,
1990000,306,,
1990400,307,,
1990800,307,,
1991196,307,,
1991600,308,,
1992000,309,,
1992400,308,,
1992800,308,,
1993196,308,,
1993600,308,,
1994000,308,,
1994396,307,,
1994796,307,,
1995200,307,,
1995596,306,,
1995996,307,,
1996400,307,,
1996804,307,,
1997200,307,,
1997596,307,,
1997996,307,,
1998400,308,,
1998796,309,,
1999200,308,,
1999596,308,,
1999996,309,,
2000400,308,,
2000796,308,,
2001196,309,,
2001596,308,,
2001996,309,,
2002400,308,,
2002796,308,,
2003196,309,,
2003600,307,,
2003996,307,,
2004396,307,,
2004800,306,,
2005200,307,,
2005596,307,,
2005996,307,,
2006396,307,,
2006800,308,,
2007200,307,,
2007596,307,,
2007996,307,,
2008396,307,,
2008800,307,,
2009200,307,,
2009596,307,,
2010000,307,,
2010400,307,,
2010800,305,,
2011204,306,,
2011596,305,,
2012000,307,,
2012400,307,,
2012796,307,,
2013196,307,,
2013600,307,,
2013996,307,,
2014396,307,,
2014800,307,,
2015200,307,,
2015600,306,,
2015996,307,,
2016396,307,,
2016800,308,,
2017200,308,,
2017600,308,,
2017996,308,,
2018396,308,,
2018800,308,,
2019196,308,,
2019596,307,,
2019996,307,,
2020396,307,,
2020796,307,,
2021200,307,,
2021600,307,,
2022000,306,,
2022396,306,,
2022796,306,,
2023200,307,,
2023600,307,,
2024000,307,,
2024396,307,,
2024796,307,,
2025200,307,,
2025600,306,,
2025996,307,,
2026396,308,,
2026796,306,,
2027200,307,,
2027600,307,,
2027996,306,,
2028400,306,,
2028796,307,,
2029200,308,,
2029592,307,,
2029996,305,,
2030400,306,,
2030800,306,,
2031200,306,,
2031596,306,,
2031996,307,,
2032400,307,,
2032800,307,,
2033200,307,,
2033596,306,,
2033996,308,,
2034400,307,,
2034800,307,,
2035196,308,,
2035596,308,,
2035996,307,,
2036400,307,,
2036804,306,,
2037196,307,,
2037596,308,,
2037996,307,,
2038400,306,,
2038792,307,,
2039200,307,,
2039600,307,,
2040000,308,,
2040396,307,,
2040800,307,,
2041200,308,,
2041596,306,,
2041996,307,,
2042396,308,,
2042800,307,,
2043200,308,,
2043596,308,,
2043996,307,,
2044396,306,,
2044800,307,,
2045200,308,,
2045596,306,,
2045996,307,,
2046400,308,,
2046796,306,,
2047196,307,,
2047600,306,,
2047996,307,,
2048396,307,,
2048796,307,,
2049196,309,,
2049600,307,,
2049996,307,,
2050396,307,,
2050800,306,,
2051200,306,,
2051600,307,,
2051996,307,,
2052396,306,,
2052800,307,,
2053200,307,,
2053600,307,,
2053996,306,,
2054396,306,,
2054800,306,,
2055192,307,,
2055596,307,,
2055996,305,,
2056396,307,,
2056800,306,,
2057196,307,,
2057596,306,,
2058000,307,,
2058396,306,,
2058800,306,,
2059196,306,,
2059596,306,,
2060000,307,,
2060400,307,,
2060800,307,,
2061196,308,,
2061596,307,,
2062000,307,,
2062404,308,,
2062800,307,,
2063196,307,,
2063596,307,,
2064000,307,,
2064392,308,,
2064800,308,,
2065200,307,,
2065600,308,,
2065996,308,,
2066400,307,,
2066800,309,,
2067200,308,,
2067600,308,,
2067996,309,,
2068400,308,,
2068800,309,,
2069196,308,,
2069600,308,,
2069996,308,,
2070400,308,,
2070800,309,,
2071196,309,,
2071596,308,,
2072000,309,,
2072396,308,,
2072796,309,,
2073200,310,,
2073604,308,,
2074000,308,,
2074396,309,,
2074796,308,,
2075200,309,,
2075596,308,,
2075996,309,,
2076396,309,,
2076796,309,,
2077200,309,,
2077596,308,,
2077996,308,,
2078396,308,,
2078796,308,,
2079200,309,,
2079596,308,,
2079996,308,,
2080400,307,,
2080796,308,,
2081196,308,,
2081600,307,,
2082000,309,,
2082396,308,,
2082796,309,,
2083196,308,,
2083600,308,,
2084000,309,,
2084396,308,,
2084800,310,,
2085196,308,,
2085600,309,,
2086000,309,,
2086396,309,,
2086800,310,,
2087200,309,,
2087600,309,,
2088004,310,,
2088396,309,,
2088800,308,,
2089200,309,,
2089600,309,,
2089992,309,,
2090400,309,,
2090796,309,,
2091196,309,,
2091600,308,,
2092000,309,,
2092400,309,,
2092796,310,,
2093196,309,,
2093600,309,,
2094000,308,,
2094400,308,,
2094796,308,,
2095196,308,,
2095600,309,,
2095996,309,,
2096396,309,,
2096796,309,,
2097196,308,,
2097596,308,,
2098000,309,,
2098400,309,,
2098800,307,,
2099196,308,,
2099596,309,,
2100000,307,,
2100400,307,,
2100796,308,,
2101196,307,,
2101596,308,,
2102000,308,,
2102400,308,,
2102796,307,,
2103196,307,,
2103596,308,,
2104000,310,,
2104400,309,,
2104796,310,,
2105200,309,,
2105600,309,,
2106000,308,,
2106392,308,,
2106796,309,,
2107200,309,,
2107600,309,,
2108000,309,,
2108396,309,,
2108796,309,,
2109200,308,,
2109600,309,,
2110000,309,,
2110396,309,,
2110796,308,,
2111200,308,,
2111600,308,,
2111996,309,,
2112396,308,,
2112796,308,,
2113200,309,,
2113604,308,,
2113996,308,,
2114400,309,,
2114796,308,,
2115200,309,,
2115592,308,,
2116000,308,,
2116396,309,,
2116800,308,,
2117196,309,,
2117600,310,,
2118000,310,,
2118396,309,,
2118796,308,,
2119196,309,,
2119600,309,,
2120000,309,,
2120396,309,,
2120796,308,,
2121200,309,,
2121600,307,,
2122000,308,,
2122396,308,,
2122796,309,,
2123196,309,,
2123596,309,,
2123996,307,,
2124400,308,,
2124796,307,,
2125196,307,,
2125596,307,,
2125996,307,,
2126400,307,,
2126796,307,,
2127196,308,,
2127600,308,,
2128000,309,,
2128400,308,,
2128796,308,,
2129196,309,,
2129600,309,,
2130000,309,,
2130400,308,,
2130796,308,,
2131196,308,,
2131600,307,,
2131992,308,,
2132396,307,,
2132796,308,,
2133196,308,,
2133600,308,,
2133996,308,,
2134396,307,,
2134796,307,,
2135196,307,,
2135600,307,,
2135996,308,,
2136396,306,,
2136800,307,,
2137200,307,,
2137600,307,,
2137996,307,,
2138396,307,,
2138800,308,,
2139204,307,,
2139596,308,,
2139996,308,,
2140396,308,,
2140800,309,,
2141192,308,,
2141600,307,,
2142000,309,,
2142400,307,,
2142796,308,,
2143200,309,,
2143600,308,,
2144000,308,,
2144400,308,,
2144796,308,,
2145200,307,,
2145600,308,,
2145996,308,,
2146396,307,,
2146796,307,,
2147200,307,,
2147600,307,,
2147996,307,,
2148396,308,,
2148800,307,,
2149196,307,,
2149596,307,,
2150000,307,,
2150396,307,,
2150800,306,,
2151196,307,,
2151596,306,,
2152000,306,,
2152396,307,,
2152796,307,,
2153196,307,,
2153596,308,,
2154000,307,,
2154396,307,,
2154796,308,,
2155200,308,,
2155596,308,,
2156000,309,,
2156396,307,,
2156796,308,,
2157200,307,,
2157596,306,,
2157996,307,,
2158400,307,,
2158800,307,,
2159196,307,,
2159596,307,,
2159996,307,,
2160400,307,,
2160800,307,,
2161196,307,,
2161600,308,,
2162000,307,,
2162400,307,,
2162800,308,,
2163196,307,,
2163600,308,,
2164000,308,,
2164400,308,,
2164804,308,,
2165196,308,,
2165600,308,,
2166000,307,,
2166400,308,,
2166792,307,,
2167200,307,,
2167596,308,,
2167996,308,,
2168400,308,,
2168800,308,,
2169200,307,,
2169596,308,,
2169996,307,,
2170400,307,,
2170800,309,,
2171200,307,,
2171596,308,,
2171996,307,,
2172400,308,,
2172796,308,,
2173200,308,,
2173596,307,,
2173996,306,,
2174396,307,,
2174800,307,,
2175200,307,,
2175600,307,,
2175996,307,,
2176396,307,,
2176800,307,,
2177200,307,,
2177600,307,,
2177996,307,,
2178396,306,,
2178800,306,,
2179200,308,,
2179596,306,,
2180000,306,,
2180396,307,,
2180800,306,,
2181200,308,,
2181596,309,,
2182000,307,,
2182400,307,,
2182800,308,,
2183192,309,,
2183596,309,,
2184000,308,,
2184400,307,,
2184800,307,,
2185196,309,,
2185596,308,,
2186000,307,,
2186400,308,,
2186796,308,,
2187196,308,,
2187596,308,,
2188000,307,,
2188400,307,,
2188796,307,,
2189196,307,,
2189596,308,,
2190000,306,,
2190404,306,,
2190796,306,,
2191200,306,,
2191600,307,,
2192000,307,,
2192392,308,,
2192800,307,,
2193196,307,,
2193596,307,,
2193996,307,,
2194400,307,,
2194800,306,,
2195196,307,,
2195596,307,,
2195996,307,,
2196400,307,,
2196800,307,,
2197196,307,,
2197596,307,,
2198000,308,,
2198400,307,,
2198800,307,,
2199196,306,,
2199596,306,,
2199996,306,,
2200396,307,,
2200796,308,,
2201200,307,,
2201596,305,,
2201996,305,,
2202400,307,,
2202796,306,,
2203200,306,,
2203596,306,,
2203996,305,,
2204400,305,,
2204800,305,,
2205200,305,,
2205596,306,,
2205996,306,,
2206400,306,,
2206800,306,,
2207200,306,,
2207596,306,,
2207996,305,,
2208400,305,,
2208792,306,,
2209196,307,,
2209596,307,,
2209996,307,,
2210400,308,,
2210796,307,,
2211196,306,,
2211600,307,,
2211996,306,,
2212400,307,,
2212796,307,,
2213196,306,,
2213600,307,,
2214000,307,,
2214400,307,,
2214796,307,,
2215196,306,,
2215600,307,,
2216008,307,,
2216400,307,,
2216796,307,,
2217196,308,,
2217600,307,,
2217992,308,,
2218400,307,,
2218800,308,,
2219200,307,,
2219596,307,,
2220000,307,,
2220400,306,,
2220800,306,,
2221200,306,,
2221596,306,,
2222000,307,,
2222400,307,,
2222796,307,,
2223196,307,,
2223596,306,,
2224000,307,,
2224400,307,,
2224796,308,,
2225196,308,,
2225600,308,,
2225996,307,,
2226396,307,,
2226800,306,,
2227196,308,,
2227596,307,,
2227996,308,,
2228396,308,,
2228800,308,,
2229196,307,,
2229596,308,,
2229996,309,,
2230396,307,,
2230800,307,,
2231196,308,,
2231596,308,,
2232000,307,,
2232400,308,,
2232800,308,,
2233196,308,,
2233596,308,,
2234000,307,,
2234396,308,,
2234796,307,,
2235200,308,,
2235600,308,,
2235996,308,,
2236400,308,,
2236796,308,,
2237200,308,,
2237600,308,,
2237996,307,,
2238400,307,,
2238800,307,,
2239200,307,,
2239600,307,,
2239996,306,,
2240400,306,,
2240800,306,,
2241200,307,,
2241604,307,,
2241996,308,,
2242400,307,,
2242800,307,,
2243196,306,,
2243596,307,,
2244000,307,,
2244396,307,,
2244796,308,,
2245200,308,,
2245600,307,,
2246000,308,,
2246396,306,,
2246796,307,,
2247200,308,,
2247600,307,,
2248000,308,,
2248396,309,,
2248796,308,,
2249200,309,,
2249596,309,,
2249996,309,,
2250396,309,,
2250796,308,,
2251196,308,,
2251600,308,,
2252000,308,,
2252400,308,,
2252796,308,,
2253196,308,,
2253600,307,,
2254000,308,,
2254400,307,,
2254796,307,,
2255196,307,,
2255600,307,,
2256000,308,,
2256396,307,,
2256796,306,,
2257196,308,,
2257600,307,,
2258000,307,,
2258396,308,,
2258800,308,,
2259196,308,,
2259600,307,,
2259992,308,,
2260396,308,,
2260800,307,,
2261200,309,,
2261600,308,,
2261996,308,,
2262396,308,,
2262800,308,,
2263200,308,,
2263600,308,,
2263996,309,,
2264396,308,,
2264800,308,,
2265200,308,,
2265596,308,,
2266000,307,,
2266396,308,,
2266800,309,,
2267204,307,,
2267596,306,,
2268000,307,,
2268400,307,,
2268800,307,,
2269192,307,,
2269600,307,,
2269996,307,,
2270396,307,,
2270796,306,,
2271200,307,,
2271600,307,,
2271996,307,,
2272396,307,,
2272800,308,,
2273200,308,,
2273600,308,,
2273996,308,,
2274396,308,,
2274800,308,,
2275200,308,,
2275600,308,,
2275996,308,,
2276396,306,,
2276796,308,,
2277196,308,,
2277596,308,,
2278000,307,,
2278396,307,,
2278796,307,,
2279200,307,,
2279600,307,,
2280000,306,,
2280396,307,,
2280796,306,,
2281200,307,,
2281600,307,,
2282000,306,,
2282396,306,,
2282796,307,,
2283200,307,,
2283600,307,,
2283996,308,,
2284396,307,,
2284796,306,,
2285200,306,,
2285592,307,,
2285996,308,,
2286396,307,,
2286796,306,,
2287200,306,,
2287596,307,,
2287996,306,,
2288400,307,,
2288800,307,,
2289200,307,,
2289596,307,,
2289996,306,,
2290400,307,,
2290800,307,,
2291200,307,,
2291596,307,,
2291996,306,,
2292400,306,,
2292804,306,,
2293200,306,,
2293596,306,,
2293996,306,,
2294400,305,,
2294792,306,,
2295200,306,,
2295600,306,,
2296000,305,,
2296396,306,,
2296800,305,,
2297200,306,,
2297600,306,,
2298000,305,,
2298396,307,,
2298800,306,,
2299200,306,,
2299596,307,,
2300000,306,,
2300396,307,,
2300800,306,,
2301200,306,,
2301596,306,,
2301996,307,,
2302400,307,,
2302796,306,,
2303196,306,,
2303600,307,,
2304008,307,,
2304400,307,,
2304796,307,,
2305196,308,,
2305600,305,,
2305996,306,,
2306396,307,,
2306796,307,,
2307196,307,,
2307600,307,,
2307996,307,,
2308396,306,,
2308800,306,,
2309200,305,,
2309600,305,,
2309996,304,,
2310396,305,,
2310800,305,,
2311196,305,,
2311596,304,,
2312000,304,,
2312400,304,,
2312796,305,,
2313200,305,,
2313600,305,,
2314000,305,,
2314400,305,,
2314796,304,,
2315200,306,,
2315600,305,,
2316000,305,,
2316400,305,,
2316796,304,,
2317200,305,,
2317600,305,,
2318000,306,,
2318404,306,,
2318796,305,,
2319200,306,,
2319600,305,,
2319996,304,,
2320396,304,,
2320800,305,,
2321196,304,,
2321596,306,,
2322000,305,,
2322400,306,,
2322800,306,,
2323196,306,,
2323596,305,,
2324000,305,,
2324396,306,,
2324800,306,,
2325196,306,,
2325596,305,,
2326000,306,,
2326396,306,,
2326796,305,,
2327196,306,,
2327596,305,,
2327996,305,,
2328400,306,,
2328800,305,,
2329200,306,,
2329596,306,,
2329996,305,,
2330400,305,,
2330800,306,,
2331196,306,,
2331596,305,,
2331996,306,,
2332400,305,,
2332800,306,,
2333196,305,,
2333596,305,,
2333996,305,,
2334400,305,,
2334800,305,,
2335196,305,,
2335600,306,,
2336000,306,,
2336400,305,,
2336792,306,,
2337196,305,,
2337600,306,,
2338000,307,,
2338400,307,,
2338796,305,,
2339196,306,,
2339600,305,,
2340000,305,,
2340396,306,,
2340796,306,,
2341196,306,,
2341600,305,,
2342000,306,,
2342396,305,,
2342796,306,,
2343196,306,,
2343600,306,,
2344004,306,,
2344396,306,,
2344800,306,,
2345200,306,,
2345600,306,,
2345992,306,,
2346400,305,,
2346796,306,,
2347196,306,,
2347596,307,,
2348000,306,,
2348400,306,,
2348796,307,,
2349196,305,,
2349596,305,,
2350000,306,,
2350400,306,,
2350796,305,,
2351196,306,,
2351600,306,,
2352000,305,,
2352400,306,,
2352796,306,,
2353196,307,,
2353596,306,,
2354000,307,,
2354396,307,,
2354800,308,,
2355196,306,,
2355596,307,,
2356000,308,,
2356400,306,,
2356800,306,,
2357196,306,,
2357596,307,,
2358000,306,,
2358400,307,,
2358800,306,,
2359196,306,,
2359596,306,,
2360000,307,,
2360400,306,,
2360796,305,,
2361196,306,,
2361596,306,,
2362000,306,,
2362392,306,,
2362796,307,,
2363200,307,,
2363596,306,,
2364000,308,,
2364396,308,,
2364796,307,,
2365200,307,,
2365600,307,,
2366000,307,,
2366396,307,,
2366796,308,,
2367200,307,,
2367600,307,,
2368000,307,,
2368396,308,,
2368796,307,,
2369200,308,,
2369604,307,,
2369996,308,,
2370396,307,,
2370796,307,,
2371200,308,,
2371592,306,,
2372000,307,,
2372400,308,,
2372800,308,,
2373196,307,,
2373600,308,,
2374000,307,,
2374400,307,,
2374800,307,,
2375196,308,,
2375600,307,,
2376000,307,,
2376396,308,,
2376796,308,,
2377196,308,,
2377600,308,,
2378000,309,,
2378396,308,,
2378796,309,,
2379200,308,,
2379596,308,,
2379996,308,,
2380400,308,,
2380796,309,,
2381200,309,,
2381596,309,,
2381996,309,,
2382400,309,,
2382796,308,,
2383196,309,,
2383596,308,,
2383996,308,,
2384400,307,,
2384796,307,,
2385196,309,,
2385600,309,,
2385996,308,,
2386400,308,,
2386796,308,,
2387196,308,,
2387600,308,,
2387996,309,,
2388396,310,,
2388800,308,,
2389200,308,,
2389596,309,,
2389996,308,,
2390396,308,,
2390800,309,,
2391200,308,,
2391596,309,,
2392000,308,,
2392400,308,,
2392800,308,,
2393200,309,,
2393596,308,,
2394000,309,,
2394400,309,,
2394796,309,,
2395204,309,,
2395596,308,,
2396000,309,,
2396400,309,,
2396796,309,,
2397196,308,,
2397600,308,,
2397996,309,,
2398396,309,,
2398800,309,,
2399200,308,,
2399600,308,,
2399996,309,,
2400396,308,,
2400800,308,,
2401196,309,,
2401596,309,,
2401996,308,,
2402396,309,,
2402800,309,,
2403196,309,,
2403596,309,,
2403996,310,,
2404396,309,,
2404796,310,,
2405200,310,,
2405600,310,,
2406000,310,,
2406396,310,,
2406796,310,,
2407200,309,,
2407600,309,,
2407996,310,,
2408396,308,,
2408796,309,,
2409200,310,,
2409600,309,,
2409996,309,,
2410400,309,,
2410796,308,,
2411200,308,,
2411600,308,,
2411996,308,,
2412400,309,,
2412800,309,,
2413200,309,,
2413592,310,,
2413996,309,,
2414400,309,,
2414800,310,,
2415200,311,,
2415596,310,,
2415996,310,,
2416400,311,,
2416800,309,,
2417196,309,,
2417596,310,,
2417996,309,,
2418400,309,,
2418800,309,,
2419196,309,,
2419600,309,,
2419996,309,,
2420400,309,,
2420804,309,,
2421196,309,,
2421600,309,,
2422000,309,,
2422400,309,,
2422792,308,,
2423200,308,,
2423596,308,,
2423996,308,,
2424396,308,,
2424800,309,,
2425200,308,,
2425596,308,,
2425996,308,,
2426400,308,,
2426800,308,,
2427200,308,,
2427596,308,,
2427996,307,,
2428400,308,,
2428800,308,,
2429200,309,,
2429596,309,,
2429996,309,,
2430396,309,,
2430796,310,,
2431196,309,,
2431600,309,,
2431996,310,,
2432396,309,,
2432800,309,,
2433200,308,,
2433600,309,,
2433996,309,,
2434396,309,,
2434800,309,,
2435200,308,,
2435596,308,,
2435996,308,,
2436396,308,,
2436800,307,,
2437200,307,,
2437596,307,,
2437996,308,,
2438396,307,,
2438800,307,,
2439192,307,,
2439596,307,,
2440000,307,,
2440400,307,,
2440800,307,,
2441196,307,,
2441596,306,,
2442000,307,,
2442400,306,,
2442800,306,,
2443196,307,,
2443596,306,,
2444000,306,,
2444400,307,,
2444800,307,,
2445196,306,,
2445596,306,,
2446000,307,,
2446404,306,,
2446796,306,,
2447196,307,,
2447596,305,,
2448000,307,,
2448392,306,,
2448800,306,,
2449200,306,,
2449600,306,,
2449996,307,,
2450400,306,,
2450800,306,,
2451196,307,,
2451600,307,,
2451996,306,,
2452400,306,,
2452800,307,,
2453196,307,,
2453596,306,,
2453996,307,,
2454400,307,,
2454800,306,,
2455196,306,,
2455596,306,,
2456000,306,,
2456396,306,,
2456796,306,,
2457200,306,,
2457596,306,,
2457996,306,,
2458396,306,,
2458796,306,,
2459200,306,,
2459596,305,,
2459996,307,,
2460396,306,,
2460796,305,,
2461200,305,,
2461596,305,,
2461996,306,,
2462400,306,,
2462800,306,,
2463200,306,,
2463596,307,,
2463996,305,,
2464400,307,,
2464796,307,,
2465196,306,,
2465600,307,,
2466000,306,,
2466396,307,,
2466800,306,,
2467196,307,,
2467600,308,,
2468000,308,,
2468396,306,,
2468800,307,,
2469200,307,,
2469600,306,,
2470000,306,,
2470396,307,,
2470800,307,,
2471200,307,,
2471600,306,,
2472004,307,,
2472396,308,,
2472800,307,,
2473200,307,,
2473596,309,,
2473996,308,,
2474400,307,,
2474796,307,,
2475196,308,,
2475600,308,,
2476000,307,,
2476400,307,,
2476796,308,,
2477196,306,,
2477600,307,,
2477996,307,,
2478396,306,,
2478796,307,,
2479196,306,,
2479600,306,,
2479996,306,,
2480396,306,,
2480800,306,,
2481196,307,,
2481600,306,,
2481996,307,,
2482396,307,,
2482800,307,,
2483204,306,,
2483600,307,,
2483996,307,,
2484396,306,,
2484800,307,,
2485196,307,,
2485600,306,,
2485996,307,,
2486396,306,,
2486800,307,,
2487196,307,,
2487596,306,,
2487996,307,,
2488396,307,,
2488800,306,,
2489196,307,,
2489596,307,,
2490000,306,,
2490396,307,,
2490796,306,,
2491200,306,,
2491600,308,,
2491996,308,,
2492396,307,,
2492796,308,,
2493200,307,,
2493600,307,,
2493996,307,,
2494396,308,,
2494796,307,,
2495200,309,,
2495600,308,,
2495996,307,,
2496400,308,,
2496800,307,,
2497200,307,,
2497604,308,,
2497996,308,,
2498400,307,,
2498800,308,,
2499200,308,,
2499592,307,,
2500000,307,,
2500396,308,,
2500796,308,,
2501196,307,,
2501600,308,,
2502000,307,,
2502396,307,,
2502796,308,,
2503200,307,,
2503600,307,,
2504000,307,,
2504396,307,,
2504796,307,,
2505200,307,,
2505600,307,,
2506000,308,,
2506396,307,,
2506796,308,,
2507196,309,,
2507600,308,,
2507996,308,,
2508400,308,,
2508796,308,,
2509196,308,,
2509600,307,,
2510000,308,,
2510400,307,,
2510796,306,,
2511196,307,,
2511600,307,,
2512000,308,,
2512400,307,,
2512796,307,,
2513196,307,,
2513600,307,,
2514000,307,,
2514396,308,,
2514796,307,,
2515196,307,,
2515600,307,,
2515992,308,,
2516396,308,,
2516796,308,,
2517196,308,,
2517600,308,,
2517996,308,,
2518396,307,,
2518800,307,,
2519200,307,,
2519600,307,,
2519996,307,,
2520396,308,,
2520800,308,,
2521200,308,,
2521596,308,,
2521996,309,,
2522396,307,,
2522800,306,,
2523204,308,,
2523596,307,,
2523996,307,,
2524396,306,,
2524800,307,,
2525192,307,,
2525600,308,,
2526000,307,,
2526400,307,,
2526796,307,,
2527200,306,,
2527600,306,,
2527996,307,,
2528396,307,,
2528796,307,,
2529200,306,,
2529600,306,,
2529996,307,,
2530396,306,,
2530796,306,,
2531200,308,,
2531600,306,,
2531996,306,,
2532396,306,,
2532800,305,,
2533196,306,,
2533596,305,,
2534000,306,,
2534396,307,,
2534796,307,,
2535196,306,,
2535596,306,,
2536000,306,,
2536396,306,,
2536796,306,,
2537200,306,,
2537596,306,,
2538000,306,,
2538396,306,,
2538796,308,,
2539200,307,,
2539600,308,,
2540000,308,,
2540396,308,,
2540796,307,,
2541200,307,,
2541592,308,,
2542000,307,,
2542396,308,,
2542796,307,,
2543200,308,,
2543596,308,,
2543996,308,,
2544396,308,,
2544796,308,,
2545200,308,,
2545596,307,,
2545996,307,,
2546400,308,,
2546796,308,,
2547200,308,,
2547596,307,,
2547996,307,,
2548400,308,,
2548804,306,,
2549200,306,,
2549596,308,,
2549996,306,,
2550400,307,,
2550796,308,,
2551196,306,,
2551600,306,,
2552000,307,,
2552396,306,,
2552800,307,,
2553200,307,,
2553600,307,,
2554000,308,,
2554396,307,,
2554800,308,,
2555200,307,,
2555600,307,,
2556000,307,,
2556396,307,,
2556800,307,,
2557200,306,,
2557600,307,,
2557992,308,,
2558400,307,,
2558796,307,,
2559196,308,,
2559600,308,,
2560004,307,,
2560400,306,,
2560796,308,,
2561196,308,,
2561600,307,,
2562000,307,,
2562400,308,,
2562796,307,,
2563196,306,,
2563600,307,,
2563996,308,,
2564396,308,,
2564796,307,,
2565196,308,,
2565600,308,,
2565996,307,,
2566396,308,,
2566800,309,,
2567196,309,,
2567596,308,,
2568000,309,,
2568400,308,,
2568796,309,,
2569196,308,,
2569596,309,,
2570000,308,,
2570400,307,,
2570796,308,,
2571200,308,,
2571596,307,,
2572000,308,,
2572400,308,,
2572796,308,,
2573200,307,,
2573600,307,,
2574000,307,,
2574404,307,,
2574796,307,,
2575200,306,,
2575600,308,,
2576000,307,,
2576392,308,,
2576800,308,,
2577196,306,,
2577596,308,,
2578000,307,,
2578400,308,,
2578800,308,,
2579196,307,,
2579596,308,,
2580000,309,,
2580400,309,,
2580800,308,,
2581196,308,,
2581596,310,,
2582000,309,,
2582400,308,,
2582800,309,,
2583196,309,,
2583596,309,,
2583996,309,,
2584400,309,,
2584800,308,,
2585200,309,,
2585596,308,,
2585996,307,,
2586400,308,,
2586800,308,,
2587200,308,,
2587596,308,,
2587996,307,,
2588400,308,,
2588800,308,,
2589200,309,,
2589596,308,,
2589996,308,,
2590400,309,,
2590800,308,,
2591196,308,,
2591596,308,,
2591996,309,,
2592400,309,,
2592792,309,,
2593196,308,,
2593600,309,,
2593996,308,,
2594400,308,,
2594796,310,,
2595196,308,,
2595600,308,,
2596000,308,,
2596400,308,,
2596796,307,,
2597196,307,,
2597600,308,,
2598000,308,,
2598400,308,,
2598796,306,,
2599196,307,,
2599600,307,,
2600004,306,,
2600396,307,,
2600796,307,,
2601196,306,,
2601600,307,,
2601992,306,,
2602400,307,,
2602800,307,,
2603200,307,,
2603596,307,,
2604000,306,,
2604400,306,,
2604796,307,,
2605200,307,,
2605596,306,,
2606000,308,,
2606400,307,,
2606796,307,,
2607196,307,,
2607600,308,,
2608000,306,,
2608400,307,,
2608796,307,,
2609196,308,,
2609596,307,,
2609996,307,,
2610396,307,,
2610800,307,,
2611196,307,,
2611596,307,,
2611996,306,,
2612396,306,,
2612800,307,,
2613196,306,,
2613596,306,,
2614000,306,,
2614400,306,,
2614800,307,,
2615196,306,,
2615596,307,,
2616000,307,,
2616400,307,,
2616800,307,,
2617196,307,,
2617596,306,,
2618000,306,,
2618392,307,,
2618796,308,,
2619196,307,,
2619596,307,,
2620000,308,,
2620396,308,,
2620796,308,,
2621196,308,,
2621596,308,,
2622000,307,,
2622396,308,,
2622796,308,,
2623200,307,,
2623600,307,,
2624000,307,,
2624396,307,,
2624796,306,,
2625200,306,,
2625604,306,,
2626000,306,,
2626396,306,,
2626796,306,,
2627200,305,,
2627592,306,,
2627996,306,,
2628400,306,,
2628800,306,,
2629196,306,,
2629600,307,,
2630000,306,,
2630400,307,,
2630800,307,,
2631196,307,,
2631600,308,,
2632000,307,,
2632400,306,,
2632800,307,,
2633196,307,,
2633600,307,,
2634000,308,,
2634396,308,,
2634796,308,,
2635200,307,,
2635596,308,,
2635996,308,,
2636400,308,,
2636804,307,,
2637200,308,,
2637596,308,,
2637996,307,,
2638400,308,,
2638800,308,,
2639200,308,,
2639596,307,,
2639996,306,,
2640400,308,,
2640796,306,,
2641196,307,,
2641596,307,,
2641996,307,,
2642400,307,,
2642796,307,,
2643196,308,,
2643596,307,,
2643996,308,,
2644396,308,,
2644800,307,,
2645200,308,,
2645600,308,,
2645996,308,,
2646396,308,,
2646800,308,,
2647200,308,,
2647596,307,,
2647996,308,,
2648396,307,,
2648800,307,,
2649200,307,,
2649596,308,,
2650000,307,,
2650400,308,,
2650800,309,,
2651204,308,,
2651596,308,,
2652000,308,,
2652400,307,,
2652800,308,,
2653192,306,,
2653600,308,,
2653996,306,,
2654396,306,,
2654800,309,,
2655200,307,,
2655600,307,,
2655996,309,,
2656396,308,,
2656800,308,,
2657200,307,,
2657600,309,,
2657996,308,,
2658396,308,,
2658800,310,,
2659196,309,,
2659600,308,,
2659996,308,,
2660396,309,,
2660796,309,,
2661200,307,,
2661600,307,,
2662000,308,,
2662396,307,,
2662796,307,,
2663200,307,,
2663600,308,,
2664000,306,,
2664396,306,,
2664796,308,,
2665200,308,,
2665600,308,,
2665996,307,,
2666396,308,,
2666796,307,,
2667200,306,,
2667600,307,,
2667996,307,,
2668396,307,,
2668796,305,,
2669200,307,,
2669592,307,,
2669996,307,,
2670400,307,,
2670800,307,,
2671200,308,,
2671596,308,,
2671996,308,,
2672400,309,,
2672800,308,,
2673200,307,,
2673596,308,,
2673996,308,,
2674400,307,,
2674800,308,,
2675196,307,,
2675596,307,,
2675996,307,,
2676400,307,,
2676804,307,,
2677196,307,,
2677596,308,,
2677996,306,,
2678400,306,,
2678792,306,,
2679200,306,,
2679600,306,,
2680000,305,,
2680396,307,,
2680800,306,,
2681200,306,,
2681596,307,,
2681996,308,,
2682396,307,,
2682800,307,,
2683200,308,,
2683596,306,,
2683996,307,,
2684396,307,,
2684800,307,,
2685200,307,,
2685596,307,,
2685996,307,,
2686400,308,,
2686796,306,,
2687196,308,,
2687600,307,,
2687996,307,,
2688396,308,,
2688796,307,,
2689196,307,,
2689600,307,,
2689996,306,,
2690396,307,,
2690800,306,,
2691200,307,,
2691600,307,,
2691996,307,,
2692396,308,,
2692800,306,,
2693200,307,,
2693600,306,,
2693996,306,,
2694396,306,,
2694800,305,,
2695192,306,,
2695596,306,,
2695996,306,,
2696396,307,,
2696800,307,,
2697196,307,,
2697596,307,,
2698000,308,,
2698396,307,,
2698800,308,,
2699196,307,,
2699596,307,,
2700000,308,,
2700400,307,,
2700800,308,,
2701196,306,,
2701596,308,,
2702000,308,,
2702408,308,,
2702800,308,,
2703196,308,,
2703596,308,,
2704000,307,,
2704392,308,,
2704800,308,,
2705200,308,,
2705600,308,,
2705996,307,,
2706400,308,,
2706800,308,,
2707200,308,,
2707600,308,,
2707996,307,,
2708400,307,,
2708800,308,,
2709200,309,,
2709600,308,,
2709996,309,,
2710400,309,,
2710800,308,,
2711196,308,,
2711596,308,,
2712000,307,,
2712396,308,,
2712796,308,,
2713200,308,,
2713604,308,,
2714000,308,,
2714396,308,,
2714796,308,,
2715200,308,,
2715596,308,,
2716000,308,,
2716396,307,,
2716796,306,,
2717200,306,,
2717596,306,,
2717996,306,,
2718396,306,,
2718796,307,,
2719200,308,,
2719596,308,,
2719996,308,,
2720400,307,,
2720796,307,,
2721196,306,,
2721600,306,,
2722000,307,,
2722396,307,,
2722796,307,,
2723196,307,,
2723600,307,,
2724000,308,,
2724396,309,,
2724796,309,,
2725196,308,,
2725600,308,,
2726000,308,,
2726396,307,,
2726800,307,,
2727200,308,,
2727600,308,,
2728004,308,,
2728396,308,,
2728800,308,,
2729200,308,,
2729600,307,,
2729992,308,,
2730400,307,,
2730796,307,,
2731196,308,,
2731596,308,,
2732000,308,,
2732400,308,,
2732796,308,,
2733196,308,,
2733600,308,,
2734000,308,,
2734400,307,,
2734796,308,,
2735196,308,,
2735600,308,,
2735996,308,,
2736396,307,,
2736796,307,,
2737196,308,,
2737596,307,,
2738000,308,,
2738400,308,,
2738800,308,,
2739196,309,,
2739596,308,,
2740000,307,,
2740400,307,,
2740800,308,,
2741196,307,,
2741596,307,,
2742000,307,,
2742400,307,,
2742796,306,,
2743196,307,,
2743596,307,,
2744000,307,,
2744400,308,,
2744796,308,,
2745200,307,,
2745596,307,,
2746000,307,,
2746392,308,,
2746796,308,,
2747200,307,,
2747600,307,,
2748000,307,,
2748396,308,,
2748796,308,,
2749200,309,,
2749600,309,,
2750000,309,,
2750396,309,,
2750796,308,,
2751200,308,,
2751600,309,,
2751996,309,,
2752396,308,,
2752796,308,,
2753200,308,,
2753604,309,,
2753996,308,,
2754400,309,,
2754796,310,,
2755200,309,,
2755592,309,,
2756000,309,,
2756396,308,,
2756800,308,,
2757196,309,,
2757600,308,,
2758000,308,,
2758396,309,,
2758796,309,,
2759196,309,,
2759600,308,,
2760000,309,,
2760396,309,,
2760796,309,,
2761200,310,,
2761600,310,,
2762000,310,,
2762396,309,,
2762796,310,,
2763196,310,,
2763596,309,,
2763996,309,,
2764400,310,,
2764796,310,,
2765196,310,,
2765596,310,,
2765996,310,,
2766400,309,,
2766796,310,,
2767196,309,,
2767600,310,,
2768000,311,,
2768400,309,,
2768796,310,,
2769196,309,,
2769600,309,,
2770000,308,,
2770400,309,,
2770796,308,,
2771196,309,,
2771600,308,,
2771992,309,,
2772400,309,,
2772796,308,,
2773196,309,,
2773600,309,,
2773996,308,,
2774396,310,,
2774796,310,,
2775196,309,,
2775600,309,,
2775996,310,,
2776396,309,,
2776800,310,,
2777200,310,,
2777600,308,,
2777996,309,,
2778396,308,,
2778800,309,,
2779204,309,,
2779600,308,,
2779996,308,,
2780396,308,,
2780800,310,,
2781192,308,,
2781600,308,,
2782000,309,,
2782400,308,,
2782796,308,,
2783200,307,,
2783600,308,,
2784000,307,,
2784400,307,,
2784796,308,,
2785200,307,,
2785600,308,,
2785996,307,,
2786400,307,,
2786796,308,,
2787200,307,,
2787600,307,,
2787996,308,,
2788396,308,,
2788800,308,,
2789196,307,,
2789596,308,,
2790000,308,,
2790408,308,,
2790800,308,,
2791196,308,,
2791596,308,,
2792000,308,,
2792396,307,,
2792796,308,,
2793196,308,,
2793596,307,,
2794000,307,,
2794396,308,,
2794796,308,,
2795196,307,,
2795596,308,,
2796000,308,,
2796396,307,,
2796796,308,,
2797200,307,,
2797596,307,,
2797996,307,,
2798400,306,,
2798800,307,,
2799196,306,,
2799596,306,,
2799996,307,,
2800400,306,,
2800800,308,,
2801196,307,,
2801600,306,,
2801996,308,,
2802400,308,,
2802800,307,,
2803196,307,,
2803600,307,,
2804000,307,,
2804400,307,,
2804804,307,,
2805196,307,,
2805600,307,,
2806000,308,,
2806400,307,,
2806792,307,,
2807200,307,,
2807596,306,,
2807996,307,,
2808400,306,,
2808800,306,,
2809200,306,,
2809596,308,,
2809996,308,,
2810400,307,,
2810800,307,,
2811200,307,,
2811596,309,,
2811996,309,,
2812400,308,,
2812796,307,,
2813200,306,,
2813596,306,,
2813996,306,,
2814396,307,,
2814800,308,,
2815200,308,,
2815600,308,,
2815996,308,,
2816396,307,,
2816800,308,,
2817200,307,,
2817600,308,,
2817996,307,,
2818396,306,,
2818800,306,,
2819200,305,,
2819596,305,,
2819996,306,,
2820396,305,,
2820800,307,,
2821200,306,,
2821596,306,,
2822000,305,,
2822400,305,,
2822800,305,,
2823192,305,,
2823596,304,,
2824000,306,,
2824400,306,,
2824800,306,,
2825196,305,,
2825596,305,,
2826000,306,,
2826400,306,,
2826796,305,,
2827196,306,,
2827596,307,,
2828000,306,,
2828400,307,,
2828796,308,,
2829196,308,,
2829596,308,,
2830000,307,,
2830404,306,,
2830796,305,,
2831200,304,,
2831600,304,,
2832000,302,,
2832392,300,,
2832800,297,,
2833196,303,,
2833596,278,,
2833996,239,,
2834400,344,,
2834800,310,,
2835196,299,,
2835596,314,,
2835996,313,,
2836400,285,,
2836800,318,,
2837196,335,,
2837596,347,,
2838000,353,,
2838400,223,,
2838800,311,,
2839196,369,,
2839596,314,,
2839996,379,,
2840396,341,,
2840796,316,,
2841200,291,,
2841596,316,,
2841996,313,,
2842400,307,,
2842796,338,,
2843200,330,,
2843596,317,,
2843996,307,,
2844400,295,,
2844800,303,,
2845200,313,,
2845596,305,,
2845996,314,,
2846400,313,,
2846800,299,,
2847200,294,,
2847596,301,,
2847996,313,,
2848400,284,,
2848792,305,,
2849196,297,,
2849596,304,,
2849996,306,,
2850400,288,,
2850796,285,,
2851196,301,,
2851596,319,,
2851996,314,,
2852400,316,,
2852796,304,,
2853196,312,,
2853600,317,,
2854000,308,,
2854400,305,,
2854796,319,,
2855196,304,,
2855600,303,,
2856004,315,,
2856400,314,,
2856796,309,,
2857196,299,,
2857600,311,,
2857992,310,,
2858396,311,,
2858800,304,,
2859200,301,,
2859596,305,,
2860000,312,,
2860400,312,,
2860800,285,,
2861200,281,,
2861596,305,,
2862000,311,,
2862400,324,,
2862796,311,,
2863196,294,,
2863596,294,,
2864000,314,,
2864400,318,,
2864796,320,,
2865196,300,,
2865600,289,,
2865996,313,,
2866396,310,,
2866800,301,,
2867196,298,,
2867600,306,,
2867996,310,,
2868396,316,,
2868800,311,,
2869196,301,,
2869596,305,,
2869996,300,,
2870396,308,,
2870800,305,,
2871196,303,,
2871596,309,,
2872000,304,,
2872396,302,,
2872800,307,,
2873196,307,,
2873596,306,,
2874000,302,,
2874396,300,,
2874796,307,,
2875200,308,,
2875600,309,,
2875996,307,,
2876396,308,,
2876796,311,,
2877200,313,,
2877600,305,,
2877996,301,,
2878400,309,,
2878800,314,,
2879200,314,,
2879600,303,,
2879996,302,,
2880400,308,,
2880800,310,,
2881200,309,,
2881604,307,,
2881996,308,,
2882400,310,,
2882800,309,,
2883196,310,,
2883596,303,,
2884000,309,,
2884396,309,,
2884796,313,,
2885200,298,,
2885600,304,,
2886000,314,,
2886396,309,,
2886796,305,,
2887200,301,,
2887600,303,,
2888000,309,,
2888396,306,,
2888796,301,,
2889200,311,,
2889596,309,,
2889996,320,,
2890396,310,,
2890796,302,,
2891196,307,,
2891600,310,,
2892000,312,,
2892400,309,,
2892796,304,,
2893196,303,,
2893600,308,,
2894000,307,,
2894400,315,,
2894796,310,,
2895196,306,,
2895600,306,,
2896000,306,,
2896396,307,,
2896796,303,,
2897196,310,,
2897600,310,,
2898000,305,,
2898396,304,,
2898800,301,,
2899196,308,,
2899600,312,,
2899992,310,,
2900396,305,,
2900800,306,,
2901200,307,,
2901600,306,,
2901996,310,,
2902396,309,,
2902800,309,,
2903200,304,,
2903600,305,,
2903996,309,,
2904396,306,,
2904800,309,,
2905200,309,,
2905596,311,,
2906000,318,,
2906396,308,,
2906800,304,,
2907204,307,,
2907596,309,,
2908000,314,,
2908400,308,,
2908800,308,,
2909192,311,,
2909600,308,,
2909996,306,,
2910396,308,,
2910796,308,,
2911200,308,,
2911600,306,,
2911996,307,,
2912396,311,,
2912800,310,,
2913200,308,,
2913600,302,,
2913996,303,,
2914396,307,,
2914800,310,,
2915200,311,,
2915600,306,,
2915996,308,,
2916396,310,,
2916796,311,,
2917196,308,,
2917596,306,,
2918000,309,,
2918396,309,,
2918796,307,,
2919200,305,,
2919600,309,,
2920000,306,,
2920396,305,,
2920796,309,,
2921200,307,,
2921600,308,,
2922000,308,,
2922396,309,,
2922796,307,,
2923200,307,,
2923600,307,,
2924000,307,,
2924396,308,,
2924796,308,,
2925200,305,,
2925592,306,,
2925996,308,,
2926396,310,,
2926796,309,,
2927200,306,,
2927596,304,,
2927996,308,,
2928400,308,,
2928796,307,,
2929200,307,,
2929596,305,,
2929996,307,,
2930400,306,,
2930800,306,,
2931200,307,,
2931596,307,,
2931996,308,,
2932400,308,,
2932804,308,,
2933200,310,,
2933596,307,,
2933996,309,,
2934400,307,,
2934792,305,,
2935200,307,,
2935600,308,,
2936000,309,,
2936396,310,,
2936800,310,,
2937200,309,,
2937600,307,,
2938000,306,,
2938396,307,,
2938800,306,,
2939200,308,,
2939596,308,,
2940000,310,,
2940396,307,,
2940800,306,,
2941200,306,,
2941596,310,,
2941996,308,,
2942400,307,,
2942796,307,,
2943196,308,,
2943600,307,,
2944004,307,,
2944400,307,,
2944796,307,,
2945196,308,,
2945600,305,,
2945996,306,,
2946396,308,,
2946796,307,,
2947196,305,,
2947600,307,,
2947996,308,,
2948396,308,,
2948800,308,,
2949200,308,,
2949600,308,,
2949996,307,,
2950396,307,,
2950800,307,,
2951196,306,,
2951596,306,,
2952000,306,,
2952400,307,,
2952796,308,,
2953200,307,,
2953596,307,,
2954000,307,,
2954400,307,,
2954796,306,,
2955200,306,,
2955600,305,,
2956000,305,,
2956400,305,,
2956796,304,,
2957200,305,,
2957600,308,,
2958000,306,,
2958404,306,,
2958796,305,,
2959200,305,,
2959600,306,,
2959996,306,,
2960396,307,,
2960800,307,,
2961196,305,,
2961596,305,,
2962000,307,,
2962400,308,,
2962800,308,,
2963196,305,,
2963596,306,,
2964000,307,,
2964396,306,,
2964800,307,,
2965196,306,,
2965596,306,,
2966000,306,,
2966396,306,,
2966796,308,,
2967196,308,,
2967596,307,,
2967996,306,,
2968400,308,,
2968800,308,,
2969200,307,,
2969596,307,,
2969996,307,,
2970400,306,,
2970800,306,,
2971196,307,,
2971596,307,,
2971996,308,,
2972400,306,,
2972800,306,,
2973196,307,,
2973596,308,,
2973996,307,,
2974400,307,,
2974800,308,,
2975196,306,,
2975600,307,,
2976000,306,,
2976400,307,,
2976792,306,,
2977196,307,,
2977600,306,,
2978000,307,,
2978400,306,,
2978796,307,,
2979196,308,,
2979600,305,,
2980000,307,,
2980400,307,,
2980796,306,,
2981196,305,,
2981600,303,,
2982000,305,,
2982396,307,,
2982796,306,,
2983196,305,,
2983600,306,,
2984004,306,,
2984396,307,,
2984800,308,,
2985196,308,,
2985600,308,,
2985992,307,,
2986400,307,,
2986796,308,,
2987200,308,,
2987596,308,,
2988000,308,,
2988400,308,,
2988796,307,,
2989196,308,,
2989596,307,,
2990000,307,,
2990400,307,,
2990796,307,,
2991196,307,,
2991600,307,,
2992000,308,,
2992400,308,,
2992796,308,,
2993196,309,,
2993596,308,,
2994000,308,,
2994396,308,,
2994800,308,,
2995196,308,,
2995596,308,,
2996000,307,,
2996400,308,,
2996800,309,,
2997196,307,,
2997596,307,,
2998000,307,,
2998400,307,,
2998800,309,,
2999196,306,,
2999596,308,,
3000000,307,,
3000400,307,,
3000796,308,,
3001196,306,,
3001596,308,,
3002000,308,,
3002392,307,,
3002796,307,,
3003196,308,,
3003596,308,,
3004000,307,,
3004396,307,,
3004796,308,,
3005200,308,,
3005600,307,,
3006000,307,,
3006396,307,,
3006796,307,,
3007200,307,,
3007600,307,,
3008000,306,,
3008396,307,,
3008796,307,,
3009200,308,,
3009604,308,,
3009996,307,,
3010396,309,,
3010796,308,,
3011200,309,,
3011592,308,,
3012000,308,,
3012400,309,,
3012800,307,,
3013196,308,,
3013600,308,,
3014000,308,,
3014400,308,,
3014800,308,,
3015196,307,,
3015600,307,,
3016000,309,,
3016396,310,,
3016796,309,,
3017196,309,,
3017600,308,,
3018000,308,,
3018396,309,,
3018796,310,,
3019200,311,,
3019596,310,,
3019996,309,,
3020400,309,,
3020796,310,,
3021200,309,,
3021596,309,,
3021996,310,,
3022400,309,,
3022796,308,,
3023196,308,,
3023596,308,,
3023996,307,,
3024400,308,,
3024796,308,,
3025196,308,,
3025600,309,,
3025996,309,,
3026400,310,,
3026796,309,,
3027196,309,,
3027600,308,,
3027996,308,,
3028396,307,,
3028800,307,,
3029200,307,,
3029596,307,,
3029996,307,,
3030396,306,,
3030800,307,,
3031200,307,,
3031596,308,,
3032000,307,,
3032400,308,,
3032800,307,,
3033200,308,,
3033596,308,,
3034000,307,,
3034400,307,,
3034796,307,,
3035204,307,,
3035596,307,,
3036000,309,,
3036400,307,,
3036796,307,,
3037196,307,,
3037600,306,,
3037996,308,,
3038396,308,,
3038800,307,,
3039200,308,,
3039600,308,,
3039996,307,,
3040396,307,,
3040800,307,,
3041196,307,,
3041596,307,,
3041996,307,,
3042396,306,,
3042800,307,,
3043196,307,,
3043596,308,,
3043996,308,,
3044396,309,,
3044796,309,,
3045200,308,,
3045600,309,,
3046000,309,,
3046396,308,,
3046796,308,,
3047200,308,,
3047600,308,,
3047996,309,,
3048396,307,,
3048796,308,,
3049200,307,,
3049600,307,,
3049996,307,,
3050400,306,,
3050796,307,,
3051200,307,,
3051600,308,,
3051996,308,,
3052400,307,,
3052800,306,,
3053200,307,,
3053592,307,,
3053996,307,,
3054400,307,,
3054800,307,,
3055200,307,,
3055596,307,,
3055996,306,,
3056400,307,,
3056800,307,,
3057196,307,,
3057596,307,,
3057996,306,,
3058400,307,,
3058800,306,,
3059196,307,,
3059596,308,,
3059996,306,,
3060400,307,,
3060804,307,,
3061196,308,,
3061600,307,,
3062000,307,,
3062400,308,,
3062792,307,,
3063200,308,,
3063596,307,,
3063996,308,,
3064396,307,,
3064800,308,,
3065200,309,,
3065596,307,,
3065996,307,,
3066396,308,,
3066800,308,,
3067200,308,,
3067596,308,,
3067996,308,,
3068400,308,,
3068800,307,,
3069200,307,,
3069596,308,,
3069996,308,,
3070396,307,,
3070796,308,,
3071196,308,,
3071600,307,,
3071996,308,,
3072396,308,,
3072800,308,,
3073196,309,,
3073600,308,,
3073996,308,,
3074396,309,,
3074800,307,,
3075200,307,,
3075600,308,,
3075996,306,,
3076396,307,,
3076800,307,,
3077200,307,,
3077596,307,,
3077996,306,,
3078396,308,,
3078800,307,,
3079192,307,,
3079596,307,,
3080000,307,,
3080396,307,,
3080800,307,,
3081196,307,,
3081596,306,,
3082000,307,,
3082400,307,,
3082800,307,,
3083196,307,,
3083596,306,,
3084000,306,,
3084400,306,,
3084800,305,,
3085196,306,,
3085596,306,,
3086000,306,,
3086404,306,,
3086796,306,,
3087196,306,,
3087596,306,,
3088000,307,,
3088392,307,,
3088800,307,,
3089200,308,,
3089600,307,,
3089996,307,,
3090400,306,,
3090800,308,,
3091196,308,,
3091600,307,,
3091996,308,,
3092400,309,,
3092800,308,,
3093196,308,,
3093596,308,,
3093996,308,,
3094400,308,,
3094800,308,,
3095196,308,,
3095596,308,,
3096000,308,,
3096396,307,,
3096796,308,,
3097200,308,,
3097596,307,,
3097996,308,,
3098396,307,,
3098796,307,,
3099200,306,,
3099596,307,,
3099996,309,,
3100396,306,,
3100796,306,,
3101200,308,,
3101596,307,,
3101996,307,,
3102400,308,,
3102800,308,,
3103200,306,,
3103596,307,,
3103996,308,,
3104400,306,,
3104796,308,,
3105196,308,,
3105600,307,,
3106000,307,,
3106396,309,,
3106800,308,,
3107196,307,,
3107600,308,,
3108000,309,,
3108396,307,,
3108800,307,,
3109200,307,,
3109600,307,,
3110000,307,,
3110396,305,,
3110800,306,,
3111200,306,,
3111600,306,,
3112004,306,,
3112396,307,,
3112800,306,,
3113200,307,,
3113596,308,,
3113996,306,,
3114400,308,,
3114796,307,,
3115196,307,,
3115600,307,,
3116000,308,,
3116400,306,,
3116796,306,,
3117196,307,,
3117600,307,,
3118000,307,,
3118396,307,,
3118796,307,,
3119196,308,,
3119600,307,,
3119996,307,,
3120396,306,,
3120800,307,,
3121196,307,,
3121596,307,,
3122000,306,,
3122400,307,,
3122796,306,,
3123196,307,,
3123596,308,,
3124000,307,,
3124400,307,,
3124796,307,,
3125196,307,,
3125596,307,,
3126000,308,,
3126400,308,,
3126796,307,,
3127200,307,,
3127600,307,,
3128000,307,,
3128400,307,,
3128796,306,,
3129200,307,,
3129600,307,,
3130000,307,,
3130392,307,,
3130796,307,,
3131200,307,,
3131600,307,,
3132000,306,,
3132396,306,,
3132796,306,,
3133200,306,,
3133600,307,,
3133996,307,,
3134396,307,,
3134796,307,,
3135200,307,,
3135600,308,,
3135996,308,,
3136400,308,,
3136796,308,,
3137200,308,,
3137604,307,,
3137996,308,,
3138400,307,,
3138800,308,,
3139200,308,,
3139592,308,,
3140000,308,,
3140396,308,,
3140796,307,,
3141196,308,,
3141600,308,,
3142000,307,,
3142396,308,,
3142796,309,,
3143200,308,,
3143600,308,,
3144000,308,,
3144396,308,,
3144796,308,,
3145200,308,,
3145600,308,,
3146000,308,,
3146396,307,,
3146796,307,,
3147196,308,,
3147596,308,,
3147996,308,,
3148400,308,,
3148796,308,,
3149196,307,,
3149600,308,,
3150000,308,,
3150400,309,,
3150796,309,,
3151196,309,,
3151600,309,,
3152000,309,,
3152400,308,,
3152796,308,,
3153196,308,,
3153600,309,,
3154000,310,,
3154396,307,,
3154796,308,,
3155196,308,,
3155600,309,,
3155992,308,,
3156396,308,,
3156796,308,,
3157196,307,,
3157600,308,,
3157996,308,,
3158396,308,,
3158800,308,,
3159200,308,,
3159600,308,,
3159996,307,,
3160396,307,,
3160800,308,,
3161200,309,,
3161596,308,,
3161996,307,,
3162396,308,,
3162800,308,,
3163204,308,,
3163596,307,,
3163996,308,,
3164396,308,,
3164800,308,,
3165192,307,,
3165600,307,,
3166000,308,,
3166400,308,,
3166796,308,,
3167200,309,,
3167600,308,,
3167996,308,,
3168396,308,,
3168796,308,,
3169200,306,,
3169600,308,,
3169996,308,,
3170396,308,,
3170796,307,,
3171200,307,,
3171600,307,,
3171996,308,,
3172396,308,,
3172800,307,,
3173196,308,,
3173596,307,,
3174000,307,,
3174396,307,,
3174796,308,,
3175196,308,,
3175596,307,,
3176000,307,,
3176396,306,,
3176796,308,,
3177200,306,,
3177596,307,,
3178000,308,,
3178396,307,,
3178796,308,,
3179200,307,,
3179600,307,,
3180000,308,,
3180396,306,,
3180796,307,,
3181200,308,,
3181596,307,,
3181996,307,,
3182400,307,,
3182800,308,,
3183196,307,,
3183600,307,,
3184000,308,,
3184400,308,,
3184800,307,,
3185196,307,,
3185600,308,,
3186000,307,,
3186400,307,,
3186800,308,,
3187196,307,,
3187600,307,,
3188000,308,,
3188400,307,,
3188804,308,,
3189196,308,,
3189600,307,,
3190000,307,,
3190396,307,,
3190796,307,,
3191200,307,,
3191596,308,,
3191996,308,,
3192400,307,,
3192800,307,,
3193200,307,,
3193596,306,,
3193996,307,,
3194400,308,,
3194796,307,,
3195200,306,,
3195596,306,,
3195996,307,,
3196400,307,,
3196796,307,,
3197196,307,,
3197596,307,,
3197996,307,,
3198396,307,,
3198800,307,,
3199200,308,,
3199600,306,,
3199996,308,,
3200396,307,,
3200800,306,,
3201200,307,,
3201596,307,,
3201996,306,,
3202396,307,,
3202800,306,,
3203200,307,,
3203596,307,,
3204000,306,,
3204400,307,,
3204800,307,,
3205200,306,,
3205596,307,,
3206000,307,,
3206400,306,,
3206800,307,,
3207192,306,,
3207596,306,,
3208000,306,,
3208400,306,,
3208796,306,,
3209196,307,,
3209596,306,,
3210000,307,,
3210400,307,,
3210796,307,,
3211196,308,,
3211596,306,,
3212000,307,,
3212400,307,,
3212796,307,,
3213200,307,,
3213600,306,,
3214000,307,,
3214404,307,,
3214796,308,,
3215200,307,,
3215600,307,,
3216000,308,,
3216392,307,,
3216800,307,,
3217196,307,,
3217596,307,,
3217996,308,,
3218400,308,,
3218800,308,,
3219196,309,,
3219596,308,,
3220000,309,,
3220400,309,,
3220800,309,,
3221196,309,,
3221596,309,,
3222000,309,,
3222400,308,,
3222800,307,,
3223196,309,,
3223596,308,,
3223996,308,,
3224400,309,,
3224796,309,,
3225200,310,,
3225596,309,,
3225996,309,,
3226400,309,,
3226800,308,,
3227200,308,,
3227596,308,,
3227996,308,,
3228400,307,,
3228800,308,,
3229200,308,,
3229596,308,,
3229996,309,,
3230400,308,,
3230800,309,,
3231196,307,,
3231596,308,,
3231996,309,,
3232400,309,,
3232792,309,,
3233196,310,,
3233600,310,,
3233996,310,,
3234400,309,,
3234796,309,,
3235196,309,,
3235600,309,,
3236000,310,,
3236400,309,,
3236796,309,,
3237196,308,,
3237600,308,,
3238000,309,,
3238400,307,,
3238796,308,,
3239196,308,,
3239600,308,,
3240004,308,,
3240396,308,,
3240796,309,,
3241196,308,,
3241600,308,,
3241992,308,,
3242400,307,,
3242800,308,,
3243200,307,,
3243596,308,,
3244000,308,,
3244400,309,,
3244800,308,,
3245200,308,,
3245596,307,,
3246000,308,,
3246400,308,,
3246796,307,,
3247196,308,,
3247600,308,,
3248000,309,,
3248400,308,,
3248796,307,,
3249196,308,,
3249596,308,,
3249996,308,,
3250396,308,,
3250800,307,,
3251196,308,,
3251596,307,,
3251996,307,,
3252396,307,,
3252800,307,,
3253196,307,,
3253596,307,,
3254000,307,,
3254400,306,,
3254800,306,,
3255196,305,,
3255596,306,,
3256000,307,,
3256400,307,,
3256800,307,,
3257196,306,,
3257596,307,,
3258000,307,,
3258392,307,,
3258800,306,,
3259196,307,,
3259596,307,,
3260000,307,,
3260396,306,,
3260796,307,,
3261196,307,,
3261596,306,,
3262000,307,,
3262396,307,,
3262796,307,,
3263200,307,,
3263596,307,,
3264000,307,,
3264396,307,,
3264796,307,,
3265200,306,,
3265604,306,,
3266000,307,,
3266396,306,,
3266796,307,,
3267200,307,,
3267592,308,,
3267996,307,,
3268400,307,,
3268800,307,,
3269196,306,,
3269600,307,,
3270000,307,,
3270400,307,,
3270800,307,,
3271196,307,,
3271600,307,,
3272000,307,,
3272400,307,,
3272800,307,,
3273196,306,,
3273600,307,,
3274000,307,,
3274396,307,,
3274796,306,,
3275200,306,,
3275596,306,,
3275996,307,,
3276400,308,,
3276804,307,,
3277200,308,,
3277596,308,,
3277996,307,,
3278400,308,,
3278800,307,,
3279200,308,,
3279596,308,,
3279996,307,,
3280400,306,,
3280796,309,,
3281196,307,,
3281596,307,,
3281996,307,,
3282400,308,,
3282796,307,,
3283196,308,,
3283596,308,,
3283996,307,,
3284396,307,,
3284800,308,,
3285200,308,,
3285600,306,,
3285996,306,,
3286396,307,,
3286800,307,,
3287200,307,,
3287596,308,,
3287996,309,,
3288396,307,,
3288800,308,,
3289200,307,,
3289596,307,,
3290000,308,,
3290400,308,,
3290800,308,,
3291204,308,,
3291596,309,,
3292000,307,,
3292400,309,,
3292800,309,,
3293192,308,,
3293600,308,,
3293996,308,,
3294396,307,,
3294800,306,,
3295200,308,,
3295600,308,,
3295996,308,,
3296396,308,,
3296800,307,,
3297200,307,,
3297600,307,,
3297996,307,,
3298396,308,,
3298800,307,,
3299196,308,,
3299600,306,,
3299996,307,,
3300396,307,,
3300796,307,,
3301200,308,,
3301600,307,,
3302000,306,,
3302396,307,,
3302796,307,,
3303200,308,,
3303600,307,,
3304000,309,,
3304396,309,,
3304796,308,,
3305200,308,,
3305600,309,,
3305996,307,,
3306396,309,,
3306796,307,,
3307200,308,,
3307600,309,,
3307996,308,,
3308396,308,,
3308796,309,,
3309200,307,,
3309592,307,,
3309996,307,,
3310400,308,,
3310800,308,,
3311200,308,,
3311596,308,,
3311996,308,,
3312400,308,,
3312800,307,,
3313200,307,,
3313596,307,,
3313996,308,,
3314400,307,,
3314800,309,,
3315200,308,,
3315596,307,,
3315996,307,,
3316400,307,,
3316804,307,,
3317196,308,,
3317596,307,,
3317996,308,,
3318400,308,,
3318792,308,,
3319200,307,,
3319600,308,,
3320000,309,,
3320396,308,,
3320800,307,,
3321200,308,,
3321596,308,,
3322000,308,,
3322396,307,,
3322800,307,,
3323200,307,,
3323596,306,,
3323996,307,,
3324396,306,,
3324800,307,,
3325200,307,,
3325596,307,,
3325996,307,,
3326400,307,,
3326796,307,,
3327196,306,,
3327600,306,,
3327996,306,,
3328396,306,,
3328796,306,,
3329196,306,,
3329600,307,,
3329996,306,,
3330396,306,,
3330796,307,,
3331200,306,,
3331600,307,,
3331996,307,,
3332396,307,,
3332800,308,,
3333200,307,,
3333600,308,,
3333996,308,,
3334396,308,,
3334800,307,,
3335192,307,,
3335596,308,,
3335996,308,,
3336396,308,,
3336800,308,,
3337196,307,,
3337596,307,,
3337996,306,,
3338396,305,,
3338800,306,,
3339196,305,,
3339596,306,,
3340000,306,,
3340400,306,,
3340800,307,,
3341196,307,,
3341596,307,,
3342000,307,,
3342404,306,,
3342800,306,,
3343196,305,,
3343596,306,,
3344000,306,,
3344392,307,,
3344796,307,,
3345200,309,,
3345600,307,,
3345996,308,,
3346400,309,,
3346800,307,,
3347200,308,,
3347600,308,,
3347996,308,,
3348400,308,,
3348800,308,,
3349200,308,,
3349600,307,,
3349996,307,,
3350400,308,,
3350800,308,,
3351196,308,,
3351596,308,,
3352000,308,,
3352396,307,,
3352796,307,,
3353200,307,,
3353604,307,,
3354000,308,,
3354396,308,,
3354796,308,,
3355200,308,,
3355596,307,,
3356000,307,,
3356396,306,,
3356796,307,,
3357200,307,,
3357596,307,,
3357996,307,,
3358396,308,,
3358796,308,,
3359200,307,,
3359596,307,,
3359996,307,,
3360400,307,,
3360796,307,,
3361196,307,,
3361600,308,,
3362000,308,,
3362396,308,,
3362796,307,,
3363196,306,,
3363600,306,,
3364000,307,,
3364396,307,,
3364796,308,,
3365196,307,,
3365600,308,,
3366000,308,,
3366396,307,,
3366800,308,,
3367200,309,,
3367600,309,,
3368004,308,,
3368396,308,,
3368800,308,,
3369200,307,,
3369600,307,,
3369992,308,,
3370400,307,,
3370796,307,,
3371196,308,,
3371596,308,,
3372000,308,,
3372400,308,,
3372796,307,,
3373196,309,,
3373600,307,,
3374000,307,,
3374400,308,,
3374796,308,,
3375196,307,,
3375600,307,,
3375996,308,,
3376396,307,,
3376796,307,,
3377196,307,,
3377596,308,,
3378000,308,,
3378400,308,,
3378800,308,,
3379196,308,,
3379596,307,,
3380000,309,,
3380400,308,,
3380800,308,,
3381196,308,,
3381596,308,,
3382000,307,,
3382400,308,,
3382796,308,,
3383196,307,,
3383596,308,,
3384000,308,,
3384400,307,,
3384796,308,,
3385200,307,,
3385596,307,,
3386000,307,,
3386392,306,,
3386796,308,,
3387200,307,,
3387600,307,,
3388000,307,,
3388396,307,,
3388796,308,,
3389200,308,,
3389600,307,,
3390000,307,,
3390396,307,,
3390796,307,,
3391200,307,,
3391600,307,,
3391996,308,,
3392396,307,,
3392796,307,,
3393200,307,,
3393604,307,,
3393996,306,,
3394396,306,,
3394796,306,,
3395200,306,,
3395592,307,,
3396000,307,,
3396400,305,,
3396800,307,,
3397196,306,,
3397600,307,,
3398000,307,,
3398396,307,,
3398796,307,,
3399196,306,,
3399600,306,,
3400000,307,,
3400396,307,,
3400796,307,,
3401196,307,,
3401600,308,,
3402000,307,,
3402396,307,,
3402796,307,,
3403200,306,,
3403596,308,,
3403996,306,,
3404400,306,,
3404796,307,,
3405196,306,,
3405596,307,,
3405996,307,,
3406400,307,,
3406796,307,,
3407196,307,,
3407600,307,,
3407996,306,,
3408400,307,,
3408796,306,,
3409196,307,,
3409600,307,,
3410000,306,,
3410400,306,,
3410796,306,,
3411196,306,,
3411600,307,,
3411992,306,,
3412400,306,,
3412796,306,,
3413196,307,,
3413600,307,,
3413996,306,,
3414396,307,,
3414796,307,,
3415196,306,,
3415600,307,,
3415996,306,,
3416396,307,,
3416800,308,,
3417200,307,,
3417600,307,,
3417996,306,,
3418396,306,,
3418800,306,,
3419204,306,,
3419600,306,,
3419996,306,,
3420396,306,,
3420800,307,,
3421192,307,,
3421600,307,,
3422000,306,,
3422400,307,,
3422796,307,,
3423200,307,,
3423600,307,,
3424000,306,,
3424400,306,,
3424796,307,,
3425200,306,,
3425600,306,,
3425996,307,,
3426400,307,,
3426796,307,,
3427200,307,,
3427600,307,,
3427996,307,,
3428396,307,,
3428800,307,,
3429196,307,,
3429596,307,,
3430000,307,,
3430404,307,,
3430800,307,,
3431196,307,,
3431596,307,,
3432000,306,,
3432396,307,,
3432796,307,,
3433196,306,,
3433596,306,,
3434000,306,,
3434396,306,,
3434796,306,,
3435196,307,,
3435596,307,,
3436000,307,,
3436396,306,,
3436796,307,,
3437200,306,,
3437596,307,,
3437996,306,,
3438400,307,,
3438800,307,,
3439196,308,,
3439596,307,,
3439996,307,,
3440400,307,,
3440800,307,,
3441196,307,,
3441600,307,,
3441996,308,,
3442400,307,,
3442800,307,,
3443196,308,,
3443600,309,,
3444000,308,,
3444400,307,,
3444804,308,,
3445196,309,,
3445600,307,,
3446000,307,,
3446400,307,,
3446792,307,,
3447200,306,,
3447596,307,,
3447996,309,,
3448400,308,,
3448800,308,,
3449200,308,,
3449596,308,,
3449996,309,,
3450400,308,,
3450800,307,,
3451200,308,,
3451596,309,,
3451996,309,,
3452400,308,,
3452800,308,,
3453200,308,,
3453596,308,,
3453996,307,,
3454396,307,,
3454800,307,,
3455200,308,,
3455600,307,,
3455996,308,,
3456396,307,,
3456800,307,,
3457200,308,,
3457600,307,,
3457996,307,,
3458396,307,,
3458800,308,,
3459200,308,,
3459596,307,,
3459996,307,,
3460396,308,,
3460800,307,,
3461200,307,,
3461596,307,,
3462000,307,,
3462400,306,,
3462800,307,,
3463192,308,,
3463596,307,,
3464000,307,,
3464400,307,,
3464800,307,,
3465196,307,,
3465596,307,,
3466000,308,,
3466400,307,,
3466800,306,,
3467196,307,,
3467596,307,,
3468000,306,,
3468400,307,,
3468796,306,,
3469196,307,,
3469596,308,,
3470000,307,,
3470404,307,,
3470796,308,,
3471200,307,,
3471596,308,,
3472000,307,,
3472392,307,,
3472800,308,,
3473196,307,,
3473600,308,,
3473996,308,,
3474400,308,,
3474800,308,,
3475196,310,,
3475596,308,,
3475996,309,,
3476400,309,,
3476800,308,,
3477196,309,,
3477596,308,,
3478000,309,,
3478400,308,,
3478800,308,,
3479196,308,,
3479596,308,,
3479996,309,,
3480396,308,,
3480796,308,,
3481200,309,,
3481596,308,,
3481996,309,,
3482396,309,,
3482796,308,,
3483200,309,,
3483596,308,,
3483996,309,,
3484400,308,,
3484800,308,,
3485200,309,,
3485596,309,,
3485996,309,,
3486400,309,,
3486800,308,,
3487200,308,,
3487596,309,,
3487996,308,,
3488400,308,,
3488792,308,,
3489196,307,,
3489596,308,,
3489996,307,,
3490400,308,,
3490796,308,,
3491196,308,,
3491596,308,,
3491996,307,,
3492400,308,,
3492796,307,,
3493196,307,,
3493600,309,,
3494000,307,,
3494400,307,,
3494796,307,,
3495196,306,,
3495600,307,,
3496004,307,,
3496400,308,,
3496796,307,,
3497196,308,,
3497600,308,,
3497992,308,,
3498396,309,,
3498800,308,,
3499200,308,,
3499596,309,,
3500000,307,,
3500400,309,,
3500800,308,,
3501200,309,,
3501596,308,,
3502000,309,,
3502400,308,,
3502796,308,,
3503196,309,,
3503596,307,,
3504000,308,,
3504400,307,,
3504796,307,,
3505196,307,,
3505600,307,,
3505996,307,,
3506396,306,,
3506800,309,,
3507196,308,,
3507600,307,,
3507996,307,,
3508396,308,,
3508800,306,,
3509196,307,,
3509596,307,,
3509996,306,,
3510396,307,,
3510800,307,,
3511196,307,,
3511596,306,,
3512000,307,,
3512396,306,,
3512800,307,,
3513196,308,,
3513596,307,,
3514000,307,,
3514396,308,,
3514796,307,,
3515200,306,,
3515600,307,,
3515996,308,,
3516396,307,,
3516796,307,,
3517200,307,,
3517600,307,,
3517996,308,,
3518400,308,,
3518800,308,,
3519200,307,,
3519600,308,,
3519996,307,,
3520400,308,,
3520800,308,,
3521200,307,,
3521604,309,,
3521996,308,,
3522400,308,,
3522800,308,,
3523200,308,,
3523592,307,,
3524000,309,,
3524396,307,,
3524796,307,,
3525200,307,,
3525600,308,,
3526000,308,,
3526396,307,,
3526796,307,,
3527200,307,,
3527600,308,,
3528000,308,,
3528396,307,,
3528796,308,,
3529200,308,,
3529596,308,,
3530000,309,,
3530396,307,,
3530796,307,,
3531196,308,,
3531600,307,,
3532000,307,,
3532400,309,,
3532796,308,,
3533196,308,,
3533600,307,,
3534000,308,,
3534400,308,,
3534796,308,,
3535196,308,,
3535600,308,,
3536000,308,,
3536396,307,,
3536796,307,,
3537196,307,,
3537600,308,,
3538000,307,,
3538396,308,,
3538796,307,,
3539196,308,,
3539600,309,,
3539992,309,,
3540396,308,,
3540800,308,,
3541200,308,,
3541600,308,,
3541996,308,,
3542396,309,,
3542800,308,,
3543200,308,,
3543600,309,,
3543996,308,,
3544396,308,,
3544800,308,,
3545200,307,,
3545596,308,,
3545996,307,,
3546396,307,,
3546800,307,,
3547204,307,,
3547596,308,,
3548000,309,,
3548400,309,,
3548800,307,,
3549192,308,,
3549600,308,,
3549996,307,,
3550396,307,,
3550796,306,,
3551200,308,,
3551600,307,,
3551996,307,,
3552396,307,,
3552796,307,,
3553200,307,,
3553600,308,,
3553996,309,,
3554396,309,,
3554800,307,,
3555200,308,,
3555600,308,,
3555996,307,,
3556396,307,,
3556796,307,,
3557196,306,,
3557596,307,,
3558000,307,,
3558396,307,,
3558796,307,,
3559200,307,,
3559596,307,,
3560000,307,,
3560396,307,,
3560796,306,,
3561200,306,,
3561600,307,,
3562000,306,,
3562396,307,,
3562796,308,,
3563200,308,,
3563600,308,,
3564000,308,,
3564396,308,,
3564796,307,,
3565200,307,,
3565592,306,,
3565996,307,,
3566396,306,,
3566796,306,,
3567200,307,,
3567596,308,,
3567996,307,,
3568400,306,,
3568796,308,,
3569200,307,,
3569596,308,,
3569996,307,,
3570400,309,,
3570800,308,,
3571200,308,,
3571596,308,,
3571996,307,,
3572400,307,,
3572808,308,,
3573200,306,,
3573596,307,,
3573996,308,,
3574400,307,,
3574792,308,,
3575200,307,,
3575600,308,,
3576000,309,,
3576396,308,,
3576800,308,,
3577200,306,,
3577600,307,,
3578000,308,,
3578396,307,,
3578800,308,,
3579200,308,,
3579600,307,,
3580000,307,,
3580396,307,,
3580800,307,,
3581200,306,,
3581596,307,,
3581996,306,,
3582400,305,,
3582796,306,,
3583196,307,,
3583600,306,,
3584004,306,,
3584400,307,,
3584796,307,,
3585196,307,,
3585600,307,,
3585996,308,,
3586400,308,,
3586796,307,,
3587196,309,,
3587600,309,,
3587996,308,,
3588396,308,,
3588800,307,,
3589200,308,,
3589600,308,,
3589996,308,,
3590396,308,,
3590800,308,,
3591196,307,,
3591596,309,,
3592000,308,,
3592400,309,,
3592796,309,,
3593200,308,,
3593596,310,,
3594000,308,,
3594400,308,,
3594796,309,,
3595200,308,,
3595600,309,,
3596000,309,,
3596400,309,,
3596796,309,,
3597200,309,,
3597600,310,,
3598000,309,,
3598404,309,,
3598796,308,,
3599200,308,,
3599600,308,,
3599996,308,,
3600396,310,,
3600800,308,,
3601196,308,,
3601596,309,,
3602000,308,,
3602400,308,,
3602800,309,,
3603196,307,,
3603596,309,,
3604000,308,,
3604400,308,,
3604800,309,,
3605196,308,,
3605596,310,,
3606000,309,,
3606396,310,,
3606796,310,,
3607196,309,,
3607596,309,,
3607996,309,,
3608400,307,,
3608800,309,,
3609200,309,,
3609596,309,,
3609996,308,,
3610400,309,,
3610800,308,,
3611200,310,,
3611596,308,,
3611996,308,,
3612400,309,,
3612800,308,,
3613196,308,,
3613596,309,,
3613996,309,,
3614400,308,,
3614800,309,,
3615196,309,,
3615600,308,,
3615996,309,,
3616400,309,,
3616792,308,,
3617196,309,,
3617600,308,,
3618000,307,,
3618400,307,,
3618796,307,,
3619196,307,,
3619600,307,,
3620000,307,,
3620400,308,,
3620796,307,,
3621196,308,,
3621600,309,,
3622000,308,,
3622396,309,,
3622796,308,,
3623196,308,,
3623600,309,,
3624004,308,,
3624396,309,,
3624800,308,,
3625196,309,,
3625600,307,,
3625992,307,,
3626400,307,,
3626796,307,,
3627200,306,,
3627596,307,,
3628000,306,,
3628400,306,,
3628796,306,,
3629196,306,,
3629596,306,,
3630000,307,,
3630400,306,,
3630796,306,,
3631196,308,,
3631600,309,,
3632000,308,,
3632400,307,,
3632796,308,,
3633196,308,,
3633596,309,,
3633996,309,,
3634396,309,,
3634800,309,,
3635196,308,,
3635596,309,,
3636000,309,,
3636400,309,,
3636800,310,,
3637196,310,,
3637596,310,,
3638000,311,,
3638400,311,,
3638800,311,,
3639196,311,,
3639596,311,,
3640000,311,,
3640400,311,,
3640796,312,,
3641196,311,,
3641596,311,,
3642000,310,,
3642392,309,,
3642796,309,,
3643196,309,,
3643596,309,,
3644000,309,,
3644396,309,,
3644796,309,,
3645200,308,,
3645600,308,,
3646000,308,,
3646396,309,,
3646796,309,,
3647200,309,,
3647600,309,,
3648000,309,,
3648396,309,,
3648796,308,,
3649200,308,,
3649604,308,,
3650000,309,,
3650396,307,,
3650796,307,,
3651200,307,,
3651592,307,,
3652000,306,,
3652400,306,,
3652800,308,,
3653196,307,,
3653600,307,,
3654000,307,,
3654400,306,,
3654800,307,,
3655196,307,,
3655600,308,,
3656000,308,,
3656396,309,,
3656800,308,,
3657196,308,,
3657600,309,,
3658000,310,,
3658396,310,,
3658796,309,,
3659200,310,,
3659596,309,,
3659996,308,,
3660400,308,,
3660808,308,,
3661200,309,,
3661596,307,,
3661996,308,,
3662400,308,,
3662796,308,,
3663196,309,,
3663596,308,,
3663996,308,,
3664400,307,,
3664796,307,,
3665196,308,,
3665596,308,,
3665996,308,,
3666400,308,,
3666796,308,,
3667196,308,,
3667600,308,,
3667996,307,,
3668396,307,,
3668800,307,,
3669200,309,,
3669596,308,,
3669996,307,,
3670396,309,,
3670800,309,,
3671200,308,,
3671596,309,,
3672000,308,,
3672396,308,,
3672800,308,,
3673200,308,,
3673596,308,,
3674000,309,,
3674400,309,,
3674800,308,,
3675204,308,,
3675596,308,,
3676000,308,,
3676400,308,,
3676796,308,,
3677196,308,,
3677600,308,,
3677996,308,,
3678396,307,,
3678800,308,,
3679200,308,,
3679600,308,,
3679996,310,,
3680396,308,,
3680800,309,,
3681196,311,,
3681600,308,,
3681996,309,,
3682396,310,,
3682800,309,,
3683196,309,,
3683596,308,,
3683996,309,,
3684396,310,,
3684796,308,,
3685200,309,,
3685600,307,,
3686000,308,,
3686396,308,,
3686796,307,,
3687200,307,,
3687600,307,,
3687996,307,,
3688396,307,,
3688796,307,,
3689200,307,,
3689600,308,,
3689996,307,,
3690396,309,,
3690796,308,,
3691200,309,,
3691600,310,,
3691996,309,,
3692400,311,,
3692800,310,,
3693200,309,,
3693592,310,,
3693996,309,,
3694400,310,,
3694800,309,,
3695200,308,,
3695596,308,,
3695996,307,,
3696400,307,,
3696800,307,,
3697196,307,,
3697596,306,,
3697996,307,,
3698400,306,,
3698800,305,,
3699196,306,,
3699596,307,,
3699996,305,,
3700400,307,,
3700804,307,,
3701196,307,,
3701600,308,,
3702000,308,,
3702400,307,,
3702792,307,,
3703200,306,,
3703596,307,,
3703996,308,,
3704396,307,,
3704800,307,,
3705200,307,,
3705596,308,,
3705996,307,,
3706396,307,,
3706800,308,,
3707200,307,,
3707596,307,,
3707996,308,,
3708400,308,,
3708800,307,,
3709200,308,,
3709596,307,,
3709996,306,,
3710396,308,,
3710796,307,,
3711196,309,,
3711600,307,,
3711996,307,,
3712396,308,,
3712800,307,,
3713196,307,,
3713600,306,,
3713996,308,,
3714396,307,,
3714800,307,,
3715200,307,,
3715600,308,,
3715996,308,,
3716396,307,,
3716800,307,,
3717200,307,,
3717596,306,,
3717996,307,,
3718396,307,,
3718800,307,,
3719192,307,,
3719596,306,,
3720000,307,,
3720396,307,,
3720800,307,,
3721196,307,,
3721596,306,,
3722000,307,,
3722400,306,,
3722800,304,,
3723196,307,,
3723596,305,,
3724000,306,,
3724400,307,,
3724800,305,,
3725196,305,,
3725596,305,,
3726000,305,,
3726404,305,,
3726796,306,,
3727196,305,,
3727596,305,,
3728000,305,,
3728392,305,,
3728800,305,,
3729200,306,,
3729600,305,,
3729996,306,,
3730400,307,,
3730800,307,,
3731200,306,,
3731600,306,,
3731996,306,,
3732400,306,,
3732800,307,,
3733196,306,,
3733596,305,,
3733996,306,,
3734400,307,,
3734800,307,,
3735196,308,,
3735596,309,,
3736000,309,,
3736396,308,,
3736796,309,,
3737200,308,,
3737596,309,,
3738000,308,,
3738396,308,,
3738796,308,,
3739200,307,,
3739596,307,,
3739996,308,,
3740396,307,,
3740796,308,,
3741200,308,,
3741596,308,,
3741996,308,,
3742400,307,,
3742796,308,,
3743200,308,,
3743596,307,,
3743996,307,,
3744400,307,,
3744796,306,,
3745196,307,,
3745600,307,,
3746000,307,,
3746396,307,,
3746796,306,,
3747196,307,,
3747600,308,,
3748000,307,,
3748396,307,,
3748800,308,,
3749200,307,,
3749600,307,,
3750000,307,,
3750396,308,,
3750800,308,,
3751200,307,,
3751600,307,,
3752004,308,,
3752396,307,,
3752800,307,,
3753200,307,,
3753596,307,,
3753996,307,,
3754400,307,,
3754796,308,,
3755196,308,,
3755600,306,,
3756000,307,,
3756400,307,,
3756796,307,,
3757196,306,,
3757600,307,,
3758000,307,,
3758396,307,,
3758796,308,,
3759196,308,,
3759600,308,,
3759996,307,,
3760396,306,,
3760796,307,,
3761196,308,,
3761596,308,,
3762000,308,,
3762400,308,,
3762800,308,,
3763196,309,,
3763596,308,,
3764000,309,,
3764400,308,,
3764796,308,,
3765196,308,,
3765596,308,,
3766000,308,,
3766400,308,,
3766796,308,,
3767200,309,,
3767596,308,,
3768000,308,,
3768400,308,,
3768796,309,,
3769200,307,,
3769600,307,,
3770000,307,,
3770392,307,,
3770796,306,,
3771200,307,,
3771600,307,,
3772000,307,,
3772396,307,,
3772796,308,,
3773200,307,,
3773600,306,,
3773996,308,,
3774396,307,,
3774796,306,,
3775200,306,,
3775600,308,,
3775996,307,,
3776400,306,,
3776796,306,,
3777200,307,,
3777604,306,,
3777996,307,,
3778400,307,,
3778800,308,,
3779200,308,,
3779592,307,,
3780000,308,,
3780396,307,,
3780796,307,,
3781196,308,,
3781600,308,,
3782000,308,,
3782396,308,,
3782796,309,,
3783200,308,,
3783600,308,,
3784000,308,,
3784396,308,,
3784796,308,,
3785200,307,,
3785600,307,,
3786000,306,,
3786396,306,,
3786796,307,,
3787196,307,,
3787596,307,,
3787996,307,,
3788400,308,,
3788796,307,,
3789196,307,,
3789600,307,,
3790000,308,,
3790400,307,,
3790796,307,,
3791196,309,,
3791600,307,,
3792000,307,,
3792400,307,,
3792796,308,,
3793196,307,,
3793600,306,,
3794000,308,,
3794400,307,,
3794796,307,,
3795196,309,,
3795600,306,,
3795992,307,,
3796396,306,,
3796796,306,,
3797196,306,,
3797600,306,,
3797996,307,,
3798396,308,,
3798800,307,,
3799196,306,,
3799600,307,,
3799996,306,,
3800396,307,,
3800800,307,,
3801200,307,,
3801600,307,,
3801996,307,,
3802396,307,,
3802800,307,,
3803204,307,,
3803596,307,,
3803996,306,,
3804396,307,,
3804800,308,,
3805192,307,,
3805600,307,,
3806000,307,,
3806400,307,,
3806796,306,,
3807200,306,,
3807600,306,,
3807996,306,,
3808400,306,,
3808796,306,,
3809200,308,,
3809600,307,,
3809996,307,,
3810396,308,,
3810796,307,,
3811200,307,,
3811600,308,,
3811996,307,,
3812396,307,,
3812800,308,,
3813196,307,,
3813596,307,,
3814000,308,,
3814396,307,,
3814796,308,,
3815196,307,,
3815596,307,,
3816000,308,,
3816396,307,,
3816796,307,,
3817196,309,,
3817596,307,,
3818000,307,,
3818396,307,,
3818796,307,,
3819200,306,,
3819600,307,,
3820000,307,,
3820396,307,,
3820796,308,,
3821200,307,,
3821596,307,,
3821996,308,,
3822400,306,,
3822800,308,,
3823196,306,,
3823600,307,,
3823996,308,,
3824400,307,,
3824800,306,,
3825196,307,,
3825600,307,,
3826000,307,,
3826400,307,,
3826800,308,,
3827196,307,,
3827600,308,,
3828000,308,,
3828400,307,,
3828804,308,,
3829196,307,,
3829600,308,,
3830000,308,,
3830396,308,,
3830796,309,,
3831200,308,,
3831596,307,,
3831996,307,,
3832400,308,,
3832800,307,,
3833200,307,,
3833596,308,,
3833996,308,,
3834400,308,,
3834796,308,,
3835200,307,,
3835596,308,,
3835996,308,,
3836400,307,,
3836796,307,,
3837196,308,,
3837596,307,,
3837996,308,,
3838396,308,,
3838800,309,,
3839200,308,,
3839600,309,,
3839996,309,,
3840396,309,,
3840800,309,,
3841200,310,,
3841596,309,,
3841996,309,,
3842396,308,,
3842800,309,,
3843200,309,,
3843596,308,,
3844000,309,,
3844400,310,,
3844800,309,,
3845200,309,,
3845596,308,,
3846000,308,,
3846400,309,,
3846800,307,,
3847192,308,,
3847596,308,,
3848000,308,,
3848400,308,,
3848796,307,,
3849196,307,,
3849596,307,,
3850000,307,,
3850400,308,,
3850796,308,,
3851196,308,,
3851596,308,,
3852000,308,,
3852400,308,,
3852796,307,,
3853200,307,,
3853600,308,,
3854000,308,,
3854404,306,,
3854796,306,,
3855200,308,,
3855600,306,,
3856000,307,,
3856392,307,,
3856800,306,,
3857196,307,,
3857596,307,,
3857996,307,,
3858400,307,,
3858800,307,,
3859196,307,,
3859596,308,,
3860000,308,,
3860400,307,,
3860800,308,,
3861196,308,,
3861596,308,,
3862000,308,,
3862400,308,,
3862800,308,,
3863196,308,,
3863596,307,,
3863996,307,,
3864400,307,,
3864796,307,,
3865200,307,,
3865596,307,,
3865996,307,,
3866400,307,,
3866800,308,,
3867200,308,,
3867596,308,,
3867996,308,,
3868400,308,,
3868800,308,,
3869200,307,,
3869596,308,,
3869996,307,,
3870400,309,,
3870800,308,,
3871196,308,,
3871596,308,,
3871996,308,,
3872400,308,,
3872792,308,,
3873196,308,,
3873596,308,,
3873996,308,,
3874400,308,,
3874796,308,,
3875196,308,,
3875600,308,,
3876000,308,,
3876400,307,,
3876796,307,,
3877196,308,,
3877600,307,,
3878000,308,,
3878400,307,,
3878796,308,,
3879196,308,,
3879600,307,,
3880004,307,,
3880396,308,,
3880796,307,,
3881196,307,,
3881600,307,,
3881992,308,,
3882400,308,,
3882800,307,,
3883200,309,,
3883596,307,,
3884000,308,,
3884400,309,,
3884800,307,,
3885200,308,,
3885596,308,,
3886000,308,,
3886400,307,,
3886796,309,,
3887196,307,,
3887596,308,,
3888000,308,,
3888400,307,,
3888796,308,,
3889196,307,,
3889600,307,,
3889996,309,,
3890396,308,,
3890800,308,,
3891196,308,,
3891596,308,,
3891996,309,,
3892396,308,,
3892800,307,,
3893196,309,,
3893596,308,,
3894000,308,,
3894396,308,,
3894800,309,,
3895196,309,,
3895596,308,,
3896000,308,,
3896400,308,,
3896800,307,,
3897196,308,,
3897596,307,,
3898000,308,,
3898392,307,,
3898800,308,,
3899196,307,,
3899596,307,,
3900000,308,,
3900396,307,,
3900796,307,,
3901196,307,,
3901596,306,,
3902000,306,,
3902396,307,,
3902796,307,,
3903200,308,,
3903596,307,,
3904000,307,,
3904396,308,,
3904796,308,,
3905200,308,,
3905604,308,,
3906000,308,,
3906396,308,,
3906796,307,,
3907200,307,,
3907596,308,,
3907996,308,,
3908400,308,,
3908800,307,,
3909196,308,,
3909600,307,,
3910000,307,,
3910400,307,,
3910800,308,,
3911196,308,,
3911600,307,,
3912000,307,,
3912400,306,,
3912800,308,,
3913196,306,,
3913600,309,,
3914000,307,,
3914400,308,,
3914792,308,,
3915200,307,,
3915596,307,,
3915996,307,,
3916400,307,,
3916804,307,,
3917200,307,,
3917596,307,,
3917996,306,,
3918400,306,,
3918800,307,,
3919200,307,,
3919596,306,,
3919996,307,,
3920400,306,,
3920796,306,,
3921200,306,,
3921596,306,,
3921996,306,,
3922400,306,,
3922796,307,,
3923196,306,,
3923596,306,,
3923996,306,,
3924396,306,,
3924800,307,,
3925200,307,,
3925600,307,,
3925996,305,,
3926396,307,,
3926800,306,,
3927200,306,,
3927596,306,,
3927996,305,,
3928396,306,,
3928800,306,,
3929200,306,,
3929596,305,,
3930000,306,,
3930400,307,,
3930800,306,,
3931204,307,,
3931596,306,,
3932000,306,,
3932400,306,,
3932800,307,,
3933192,306,,
3933600,306,,
3933996,306,,
3934396,306,,
3934800,306,,
3935200,306,,
3935600,307,,
3935996,306,,
3936396,307,,
3936800,307,,
3937200,307,,
3937600,307,,
3937996,306,,
3938396,306,,
3938800,308,,
3939200,306,,
3939600,307,,
3939996,307,,
3940396,307,,
3940796,308,,
3941200,308,,
3941600,307,,
3942000,307,,
3942396,308,,
3942796,307,,
3943200,307,,
3943600,306,,
3944000,307,,
3944396,306,,
3944796,305,,
3945200,306,,
3945600,306,,
3946000,306,,
3946396,306,,
3946796,307,,
3947200,306,,
3947600,306,,
3947996,307,,
3948396,307,,
3948796,307,,
3949200,306,,
3949592,308,,
3949996,307,,
3950400,307,,
3950796,307,,
3951200,307,,
3951596,307,,
3951996,307,,
3952400,307,,
3952800,308,,
3953200,308,,
3953596,307,,
3953996,307,,
3954400,307,,
3954800,307,,
3955200,308,,
3955596,307,,
3955996,308,,
3956400,309,,
3956804,308,,
3957196,308,,
3957596,307,,
3957996,306,,
3958400,308,,
3958792,307,,
3959200,307,,
3959600,308,,
3960000,307,,
3960396,307,,
3960800,308,,
3961200,308,,
3961596,308,,
3962000,308,,
3962396,308,,
3962800,308,,
3963200,308,,
3963596,308,,
3963996,308,,
3964396,308,,
3964800,309,,
3965200,309,,
3965596,309,,
3965996,308,,
3966400,309,,
3966796,309,,
3967196,308,,
3967600,309,,
3967996,309,,
3968396,309,,
3968796,308,,
3969196,308,,
3969600,307,,
3969996,307,,
3970396,307,,
3970796,308,,
3971200,308,,
3971600,308,,
3971996,308,,
3972396,308,,
3972800,308,,
3973200,307,,
3973600,307,,
3973996,307,,
3974396,307,,
3974800,308,,
3975192,308,,
3975596,308,,
3975996,307,,
3976396,307,,
3976800,308,,
3977196,308,,
3977596,307,,
3977996,307,,
3978396,307,,
3978800,307,,
3979196,307,,
3979596,308,,
3980000,307,,
3980400,307,,
3980800,307,,
3981196,307,,
3981596,308,,
3982000,308,,
3982404,308,,
3982800,308,,
3983196,308,,
3983596,308,,
3984000,308,,
3984392,308,,
3984796,307,,
3985200,306,,
3985600,308,,
3985996,307,,
3986400,307,,
3986800,309,,
3987200,307,,
3987600,309,,
3987996,308,,
3988400,308,,
3988800,307,,
3989200,305,,
3989600,307,,
3989996,306,,
3990400,307,,
3990800,307,,
3991196,307,,
3991596,308,,
3992000,308,,
3992396,307,,
3992796,308,,
3993200,308,,
3993604,307,,
3994000,307,,
3994396,308,,
3994796,307,,
3995200,307,,
3995600,307,,
3996000,306,,
3996396,307,,
3996796,307,,
3997200,307,,
3997596,306,,
3997996,307,,
3998396,306,,
3998796,308,,
3999200,307,,
3999596,307,,
3999996,307,,
4000396,306,,
4000796,307,,
4001196,307,,
4001600,307,,
4002000,307,,
4002400,308,,
4002796,307,,
4003196,307,,
4003600,307,,
4004000,307,,
4004396,308,,
4004796,306,,
4005196,306,,
4005600,307,,
4006000,305,,
4006396,307,,
4006800,307,,
4007196,307,,
4007600,307,,
4008004,307,,
4008396,307,,
4008800,307,,
4009200,307,,
4009600,307,,
4009992,308,,
4010400,306,,
4010796,308,,
4011196,306,,
4011596,307,,
4012000,307,,
4012400,307,,
4012796,308,,
4013196,306,,
4013600,308,,
4014000,307,,
4014400,308,,
4014796,308,,
4015196,307,,
4015600,308,,
4015996,307,,
4016400,308,,
4016796,307,,
4017196,306,,
4017596,308,,
4018000,306,,
4018400,307,,
4018800,307,,
4019196,307,,
4019596,307,,
4020000,307,,
4020400,307,,
4020800,307,,
4021196,308,,
4021596,305,,
4022000,307,,
4022400,306,,
4022796,307,,
4023196,307,,
4023596,306,,
4024000,308,,
4024400,306,,
4024796,307,,
4025196,307,,
4025596,308,,
4026000,306,,
4026392,307,,
4026796,308,,
4027200,306,,
4027600,307,,
4028000,307,,
4028396,306,,
4028796,306,,
4029200,307,,
4029600,308,,
4030000,306,,
4030396,308,,
4030796,306,,
4031200,306,,
4031600,307,,
4031996,306,,
4032396,307,,
4032796,307,,
4033200,307,,
4033604,307,,
4033996,308,,
4034396,308,,
4034796,308,,
4035200,308,,
4035592,308,,
4036000,308,,
4036400,306,,
4036800,307,,
4037196,307,,
4037600,308,,
4038000,308,,
4038396,307,,
4038796,308,,
4039196,307,,
4039600,307,,
4040000,307,,
4040396,307,,
4040796,307,,
4041196,307,,
4041600,307,,
4042000,307,,
4042396,307,,
4042796,307,,
4043200,307,,
4043596,307,,
4043996,306,,
4044400,306,,
4044796,307,,
4045196,307,,
4045596,306,,
4045996,307,,
4046400,306,,
4046796,306,,
4047196,306,,
4047600,306,,
4047996,307,,
4048400,307,,
4048796,308,,
4049196,307,,
4049600,307,,
4050000,307,,
4050400,306,,
4050796,307,,
4051196,307,,
4051600,308,,
4051996,308,,
4052396,307,,
4052800,306,,
4053200,306,,
4053596,306,,
4054000,307,,
4054400,307,,
4054800,307,,
4055200,307,,
4055596,306,,
4056000,306,,
4056400,306,,
4056800,307,,
4057200,307,,
4057596,307,,
4058000,307,,
4058400,307,,
4058796,307,,
4059204,308,,
4059596,307,,
4060000,307,,
4060400,308,,
4060796,309,,
4061196,309,,
4061600,308,,
4061996,308,,
4062396,309,,
4062800,309,,
4063196,308,,
4063596,308,,
4063996,308,,
4064396,308,,
4064800,308,,
4065196,308,,
4065596,307,,
4065996,307,,
4066396,306,,
4066800,308,,
4067196,307,,
4067596,307,,
4068000,308,,
4068396,308,,
4068800,307,,
4069196,306,,
4069596,308,,
4070000,307,,
4070404,307,,
4070800,308,,
4071196,308,,
4071596,308,,
4072000,307,,
4072396,307,,
4072800,308,,
4073196,307,,
4073596,307,,
4074000,307,,
4074396,308,,
4074796,308,,
4075196,307,,
4075596,307,,
4076000,308,,
4076396,308,,
4076796,309,,
4077200,307,,
4077596,307,,
4077996,307,,
4078400,306,,
4078800,307,,
4079196,308,,
4079596,306,,
4079996,307,,
4080400,307,,
4080800,307,,
4081196,306,,
4081596,307,,
4081996,307,,
4082400,307,,
4082800,307,,
4083196,307,,
4083600,307,,
4084000,306,,
4084400,308,,
4084804,308,,
4085196,307,,
4085600,308,,
4086000,308,,
4086400,308,,
4086792,307,,
4087200,308,,
4087596,308,,
4087996,308,,
4088396,309,,
4088800,307,,
4089200,308,,
4089596,308,,
4089996,306,,
4090400,309,,
4090800,309,,
4091200,308,,
4091596,307,,
4091996,309,,
4092400,309,,
4092800,308,,
4093200,308,,
4093596,307,,
4093996,308,,
4094396,307,,
4094800,308,,
4095196,308,,
4095600,307,,
4095996,307,,
4096396,308,,
4096800,307,,
4097200,308,,
4097600,308,,
4097996,308,,
4098396,307,,
4098800,307,,
4099200,307,,
4099596,307,,
4099996,307,,
4100396,307,,
4100800,307,,
4101200,306,,
4101596,307,,
4102000,307,,
4102396,307,,
4102800,307,,
4103192,306,,
4103596,307,,
4104000,307,,
4104400,307,,
4104800,306,,
4105196,306,,
4105596,306,,
4106000,307,,
4106400,307,,
4106800,307,,
4107196,307,,
4107596,307,,
4108000,308,,
4108400,307,,
4108796,308,,
4109196,310,,
4109596,314,,
4110000,319,,
4110404,251,,
4110796,313,,
4111200,280,,
4111596,471,,
4112000,192,,
4112396,938,,4112032
4112800,335,,
4113200,0,,
4113600,13,,
4113996,380,,
4114400,348,,
4114800,466,,
4115196,469,,
4115600,97,,
4116000,608,,
4116396,305,,
4116796,332,,
4117200,282,,
4117600,329,,
4117996,394,,
4118400,364,,
4118800,313,,
4119196,266,,
4119596,293,,
4120000,299,,
4120400,350,,
4120796,214,,
4121200,356,,
4121604,367,,
4121996,311,,
4122400,263,,
4122800,305,,
4123200,425,,
4123596,225,,
4124000,307,,
4124400,328,,
4124796,234,,
4125200,241,,
4125600,259,,
4126000,326,,
4126396,213,,
4126800,326,,
4127200,318,,
4127596,355,,
4128000,368,,
4128400,239,,
4128796,317,,
4129196,283,,
4129600,287,,
4130000,376,,
4130396,319,,
4130800,276,,
4131200,240,,
4131600,402,,
4131996,285,,
4132400,315,,
4132800,324,,
4133200,268,,
4133596,343,,
4134000,337,,
4134400,300,,
4134796,260,,
4135200,171,,
4135600,335,,
4136004,324,,
4136396,238,,
4136800,335,,
4137200,187,,
4137596,428,,
4137996,239,,
4138400,363,,
4138800,317,,
4139196,272,,
4139600,303,,
4140000,236,,
4140400,280,,
4140796,327,,
4141200,179,,
4141600,315,,
4141996,289,,
4142396,279,,
4142800,344,,
4143200,397,,
4143596,335,,
4144000,333,,
4144400,211,,
4144796,311,,
4145196,309,,
4145600,267,,
4146000,333,,
4146396,334,,
4146800,303,,
4147204,304,,
4147596,302,,
4148000,311,,
4148400,324,,
4148800,291,,
4149196,310,,
4149600,272,,
4150000,347,,
4150396,306,,
4150800,320,,
4151200,318,,
4151600,287,,
4151996,341,,
4152400,319,,
4152800,316,,
4153196,316,,
4153600,315,,
4154000,305,,
4154392,268,,
4154796,327,,
4155200,275,,
4155600,310,,
4155996,302,,
4156400,333,,
4156800,303,,
4157200,289,,
4157596,279,,
4158000,279,,
4158400,352,,
4158800,314,,
4159196,355,,
4159600,271,,
4160000,310,,
4160396,242,,
4160800,288,,
4161200,305,,
4161604,262,,
4161996,351,,
4162400,247,,
4162800,267,,
4163196,298,,
4163596,300,,
4164000,316,,
4164400,352,,
4164796,283,,
4165200,332,,
4165600,294,,
4166000,292,,
4166396,343,,
4166800,306,,
4167200,302,,
4167596,293,,
4168000,335,,
4168400,305,,
4168800,304,,
4169196,298,,
4169600,315,,
4170000,317,,
4170396,296,,
4170796,316,,
4171200,308,,
4171596,347,,
4171996,308,,
4172400,314,,
4172800,335,,
4173196,289,,
4173600,314,,
4174000,282,,
4174396,307,,
4174800,297,,
4175200,316,,
4175600,300,,
4175996,302,,
4176400,299,,
4176800,297,,
4177196,295,,
4177600,319,,
4178000,306,,
4178400,302,,
4178796,313,,
4179200,327,,
4179600,305,,
4179992,308,,
4180400,301,,
4180800,315,,
4181200,300,,
4181596,302,,
4182000,329,,
4182400,303,,
4182800,285,,
4183196,342,,
4183600,298,,
4184000,312,,
4184400,312,,
4184796,287,,
4185200,306,,
4185600,309,,
4185996,303,,
4186400,317,,
4186800,311,,
4187204,311,,
4187596,298,,
4188000,295,,
4188400,323,,
4188796,305,,
4189196,302,,
4189600,311,,
4190000,299,,
4190396,319,,
4190800,291,,
4191200,315,,
4191600,309,,
4191996,316,,
4192400,311,,
4192800,281,,
4193196,311,,
4193600,295,,
4194000,304,,
4194400,296,,
4194796,296,,
4195200,312,,
4195600,297,,
4195996,304,,
4196396,304,,
4196800,309,,
4197196,296,,
4197596,317,,
4198000,302,,
4198400,317,,
4198796,312,,
4199200,292,,
4199600,309,,
4200000,305,,
4200396,295,,
4200800,328,,
4201200,308,,
4201596,315,,
4202000,319,,
4202400,308,,
4202800,304,,
4203196,304,,
4203600,313,,
4204000,306,,
4204396,296,,
4204800,310,,
4205200,309,,
4205592,308,,
4206000,298,,
4206400,321,,
4206800,316,,
4207196,297,,
4207600,309,,
4208000,307,,
4208400,327,,
4208796,305,,
4209200,311,,
4209600,307,,
4210000,310,,
4210396,325,,
4210800,309,,
4211200,307,,
4211596,306,,
4212000,317,,
4212400,304,,
4212804,310,,
4213196,300,,
4213600,296,,
4214000,303,,
4214396,310,,
4214796,313,,
4215200,319,,
4215600,314,,
4215996,303,,
4216400,309,,
4216800,312,,
4217200,310,,
4217596,309,,
4218000,310,,
4218400,310,,
4218796,298,,
4219200,311,,
4219600,307,,
4220000,306,,
4220396,314,,
4220800,312,,
4221200,315,,
4221596,310,,
4221996,306,,
4222400,305,,
4222796,309,,
4223196,307,,
4223600,313,,
4224000,311,,
4224396,308,,
4224800,311,,
4225200,302,,
4225596,309,,
4226000,301,,
4226400,316,,
4226800,312,,
4227196,312,,
4227600,314,,
4228000,305,,
4228400,313,,
4228796,305,,
4229200,307,,
4229600,308,,
4229996,304,,
4230400,313,,
4230800,303,,
4231192,307,,
4231596,308,,
4232000,299,,
4232400,307,,
4232796,317,,
4233200,308,,
4233600,314,,
4234000,301,,
4234396,316,,
4234800,312,,
4235200,307,,
4235600,306,,
4235996,311,,
4236400,314,,
4236800,309,,
4237196,309,,
4237600,309,,
4238000,308,,
4238404,308,,
4238796,306,,
4239200,314,,
4239600,311,,
4239996,308,,
4240396,308,,
4240800,307,,
4241200,309,,
4241596,306,,
4242000,308,,
4242400,310,,
4242800,309,,
4243196,309,,
4243600,307,,
4244000,310,,
4244396,311,,
4244800,304,,
4245200,310,,
4245600,307,,
4245996,306,,
4246400,313,,
4246800,307,,
4247196,312,,
4247596,306,,
4248000,311,,
4248396,310,,
4248796,302,,
4249200,310,,
4249600,313,,
4249996,304,,
4250400,309,,
4250800,307,,
4251200,310,,
4251596,305,,
4252000,306,,
4252400,311,,
4252796,311,,
4253200,309,,
4253600,308,,
4253996,305,,
4254400,311,,
4254800,311,,
4255200,306,,
4255596,308,,
4256000,311,,
4256400,310,,
4256792,306,,
4257200,314,,
4257600,309,,
4258000,305,,
4258396,311,,
4258800,308,,
4259200,308,,
4259600,311,,
4259996,307,,
4260400,310,,
4260800,308,,
4261200,306,,
4261596,305,,
4262000,307,,
4262400,309,,
4262796,307,,
4263200,308,,
4263600,310,,
4264004,308,,
4264396,308,,
4264800,308,,
4265200,313,,
4265596,311,,
4265996,309,,
4266400,306,,
4266800,308,,
4267196,309,,
4267600,309,,
4268000,307,,
4268400,308,,
4268796,311,,
4269200,309,,
4269600,309,,
4269996,307,,
4270400,309,,
4270800,312,,
4271200,305,,
4271596,308,,
4272000,310,,
4272400,311,,
4272796,308,,
4273196,306,,
4273600,312,,
4273996,309,,
4274396,306,,
4274800,308,,
4275200,305,,
4275596,308,,
4276000,307,,
4276400,309,,
4276800,309,,
4277196,306,,
4277600,310,,
4278000,310,,
4278396,307,,
4278800,311,,
4279200,310,,
4279600,309,,
4279996,310,,
4280400,308,,
4280800,311,,
4281196,310,,
4281600,309,,
4282000,309,,
4282392,310,,
4282796,309,,
4283200,307,,
4283600,309,,
4283996,308,,
4284400,309,,
4284800,311,,
4285200,307,,
4285596,309,,
4286000,306,,
4286400,309,,
4286800,310,,
4287196,307,,
4287600,309,,
4288000,308,,
4288396,308,,
4288800,310,,
4289200,310,,
4289604,307,,
4289996,309,,
4290400,309,,
4290800,309,,
4291196,310,,
4291596,308,,
4292000,310,,
4292400,306,,
4292796,308,,
4293200,309,,
4293600,309,,
4294000,308,,
4294396,308,,
4294800,310,,
4295200,308,,
4295596,309,,
4296000,308,,
4296400,310,,
4296800,307,,
4297196,308,,
4297600,308,,
4298000,307,,
4298396,307,,
4298796,309,,
4299200,307,,
4299596,308,,
4299996,310,,
4300400,307,,
4300800,308,,
4301196,309,,
4301600,308,,
4302000,309,,
4302396,308,,
4302800,307,,
4303200,307,,
4303600,308,,
4303996,307,,
4304400,306,,
4304800,309,,
4305196,308,,
4305600,308,,
4306000,309,,
4306400,307,,
4306796,308,,
4307200,308,,
4307600,309,,
4307992,308,,
4308400,308,,
4308800,307,,
4309200,307,,
4309596,307,,
4310000,308,,
4310400,308,,
4310800,308,,
4311196,308,,
4311600,306,,
4312000,308,,
4312396,307,,
4312800,306,,
4313200,307,,
4313596,307,,
4313996,307,,
4314396,307,,
4314800,306,,
4315204,308,,
4315596,308,,
4316000,308,,
4316396,307,,
4316800,305,,
4317192,307,,
4317600,306,,
4317996,305,,
4318400,306,,
4318796,306,,
4319200,305,,
4319600,305,,
4319996,306,,
4320396,308,,
4320796,306,,
4321200,307,,
4321600,307,,
4321996,307,,
4322396,308,,
4322800,307,,
4323200,306,,
4323600,307,,
4323996,308,,
4324396,308,,
4324796,309,,
4325196,308,,
4325596,307,,
4326000,307,,
4326396,308,,
4326796,307,,
4327196,308,,
4327596,307,,
4328000,308,,
4328396,306,,
4328796,307,,
4329200,307,,
4329600,306,,
4330000,308,,
4330396,307,,
4330796,309,,
4331200,306,,
4331600,306,,
4332000,308,,
4332396,306,,
4332796,308,,
4333200,307,,
4333592,307,,
4333996,307,,
4334396,306,,
4334796,307,,
4335200,307,,
4335596,308,,
4335996,306,,
4336396,307,,
4336796,307,,
4337200,306,,
4337596,307,,
4337996,307,,
4338400,307,,
4338800,308,,
4339200,307,,
4339596,307,,
4339996,307,,
4340400,307,,
4340804,308,,
4341200,308,,
4341596,307,,
4341996,307,,
4342400,307,,
4342792,306,,
4343196,307,,
4343600,308,,
4344000,307,,
4344396,307,,
4344800,307,,
4345200,307,,
4345600,308,,
4346000,308,,
4346396,308,,
4346800,308,,
4347200,309,,
4347600,309,,
4348000,308,,
4348396,308,,
4348800,307,,
4349200,307,,
4349596,308,,
4349996,307,,
4350400,307,,
4350796,307,,
4351196,307,,
4351600,307,,
4352004,307,,
4352400,307,,
4352796,307,,
4353196,307,,
4353600,307,,
4354000,307,,
4354400,306,,
4354796,306,,
4355196,306,,
4355600,305,,
4355996,306,,
4356396,306,,
4356800,306,,
4357196,306,,
4357600,307,,
4357996,307,,
4358396,306,,
4358800,307,,
4359196,306,,
4359596,306,,
4360000,306,,
4360400,306,,
4360796,307,,
4361196,306,,
4361596,305,,
4362000,307,,
4362400,307,,
4362796,307,,
4363200,308,,
4363600,308,,
4364000,307,,
4364400,307,,
4364796,308,,
4365200,307,,
4365600,308,,
4366000,306,,
4366404,306,,
4366796,306,,
4367200,306,,
4367600,307,,
4368000,306,,
4368392,307,,
4368800,306,,
4369196,307,,
4369596,306,,
4370000,306,,
4370400,307,,
4370800,306,,
4371196,305,,
4371596,307,,
4372000,306,,
4372400,307,,
4372800,307,,
4373196,307,,
4373596,308,,
4374000,308,,
4374396,309,,
4374800,308,,
4375196,307,,
4375596,308,,
4375996,307,,
4376400,307,,
4376800,308,,
4377200,308,,
4377596,307,,
4377996,305,,
4378400,307,,
4378800,307,,
4379200,307,,
4379596,308,,
4379996,307,,
4380400,307,,
4380800,307,,
4381196,308,,
4381596,307,,
4381996,307,,
4382400,308,,
4382800,307,,
4383196,306,,
4383596,307,,
4383996,306,,
4384400,307,,
4384792,308,,
4385196,306,,
4385600,307,,
4386000,306,,
4386400,306,,
4386796,306,,
4387196,307,,
4387600,307,,
4388000,307,,
4388400,307,,
4388796,306,,
4389196,305,,
4389600,306,,
4390000,306,,
4390396,307,,
4390796,307,,
4391196,306,,
4391600,306,,
4392004,306,,
4392396,306,,
4392796,305,,
4393196,305,,
4393600,307,,
4393992,305,,
4394400,306,,
4394800,306,,
4395200,306,,
4395596,306,,
4396000,306,,
4396400,306,,
4396796,306,,
4397196,306,,
4397596,306,,
4398000,307,,
4398400,307,,
4398796,307,,
4399196,307,,
4399600,307,,
4400000,308,,
4400400,307,,
4400796,307,,
4401196,307,,
4401596,307,,
4401996,307,,
4402396,307,,
4402800,305,,
4403196,305,,
4403596,306,,
4404000,307,,
4404396,306,,
4404800,307,,
4405196,307,,
4405596,308,,
4406000,307,,
4406400,307,,
4406800,308,,
4407196,308,,
4407596,308,,
4408000,308,,
4408400,307,,
4408800,308,,
4409196,307,,
4409596,308,,
4410000,308,,
4410392,308,,
4410796,310,,
4411196,308,,
4411596,308,,
4412000,308,,
4412396,308,,
4412796,309,,
4413200,309,,
4413596,308,,
4414000,309,,
4414396,308,,
4414796,308,,
4415200,307,,
4415600,307,,
4416000,308,,
4416396,307,,
4416796,307,,
4417200,307,,
4417608,308,,
4418000,306,,
4418396,306,,
4418796,308,,
4419200,306,,
4419592,307,,
4420000,307,,
4420400,306,,
4420800,308,,
4421196,306,,
4421600,307,,
4422000,307,,
4422400,307,,
4422800,307,,
4423196,308,,
4423600,309,,
4424000,308,,
4424400,309,,
4424800,308,,
4425196,307,,
4425600,309,,
4426000,308,,
4426396,308,,
4426796,309,,
4427200,308,,
4427596,308,,
4427996,308,,
4428400,307,,
4428804,308,,
4429200,306,,
4429596,307,,
4429996,308,,
4430400,308,,
4430796,309,,
4431200,308,,
4431596,309,,
4431996,310,,
4432400,309,,
4432796,309,,
4433196,309,,
4433596,309,,
4433996,310,,
4434400,309,,
4434796,309,,
4435196,309,,
4435600,311,,
4435996,309,,
4436396,310,,
4436800,310,,
4437200,310,,
4437596,310,,
4437996,309,,
4438396,310,,
4438800,309,,
4439200,309,,
4439596,308,,
4439996,310,,
4440396,307,,
4440800,309,,
4441200,309,,
4441596,308,,
4442000,309,,
4442400,308,,
4442800,308,,
4443204,308,,
4443596,307,,
4444000,308,,
4444400,308,,
4444796,307,,
4445196,307,,
4445600,308,,
4445996,308,,
4446396,307,,
4446800,307,,
4447200,307,,
4447600,308,,
4447996,309,,
4448396,309,,
4448800,309,,
4449200,309,,
4449600,308,,
4449996,309,,
4450396,309,,
4450800,309,,
4451196,309,,
4451596,309,,
4451996,308,,
4452396,309,,
4452796,308,,
4453200,308,,
4453600,308,,
4454000,308,,
4454396,308,,
4454796,308,,
4455200,307,,
4455600,306,,
4456000,307,,
4456396,306,,
4456796,306,,
4457200,306,,
4457600,306,,
4457996,306,,
4458396,307,,
4458796,307,,
4459200,307,,
4459600,307,,
4459996,307,,
4460400,307,,
4460796,306,,
4461200,307,,
4461592,308,,
4461996,307,,
4462400,306,,
4462800,306,,
4463200,306,,
4463596,306,,
4463996,306,,
4464400,306,,
4464800,307,,
4465200,307,,
4465596,306,,
4465996,306,,
4466400,306,,
4466800,306,,
4467196,307,,
4467596,308,,
4467996,307,,
4468400,307,,
4468804,308,,
4469196,308,,
4469600,307,,
4469996,308,,
4470400,308,,
4470792,308,,
4471200,306,,
4471596,306,,
4472000,307,,
4472396,307,,
4472800,307,,
4473200,308,,
4473596,307,,
4473996,307,,
4474396,308,,
4474800,307,,
4475200,306,,
4475596,307,,
4475996,308,,
4476400,307,,
4476800,307,,
4477200,307,,
4477596,306,,
4477996,307,,
4478396,307,,
4478796,307,,
4479196,308,,
4479600,307,,
4479996,308,,
4480396,308,,
4480796,308,,
4481196,307,,
4481600,307,,
4481996,306,,
4482396,307,,
4482800,307,,
4483200,307,,
4483600,307,,
4483996,307,,
4484396,308,,
4484800,308,,
4485200,307,,
4485596,308,,
4485996,307,,
4486396,307,,
4486800,307,,
4487192,307,,
4487596,307,,
4487996,307,,
4488396,306,,
4488800,307,,
4489196,308,,
4489596,307,,
4490000,307,,
4490400,307,,
4490800,307,,
4491196,308,,
4491596,308,,
4492000,308,,
4492400,307,,
4492800,307,,
4493196,307,,
4493596,307,,
4494000,307,,
4494404,308,,
4494800,307,,
4495196,307,,
4495596,307,,
4496000,306,,
4496392,307,,
4496800,306,,
4497200,307,,
4497600,306,,
4497996,306,,
4498400,307,,
4498800,307,,
4499200,307,,
4499600,306,,
4499996,308,,
4500400,307,,
4500800,306,,
4501196,308,,
4501600,307,,
4501996,307,,
4502400,307,,
4502800,307,,
4503196,307,,
4503596,307,,
4504000,307,,
4504396,306,,
4504796,306,,
4505200,306,,
4505608,306,,
4506000,306,,
4506396,307,,
4506796,306,,
4507200,307,,
4507596,306,,
4507996,307,,
4508396,307,,
4508796,307,,
4509200,306,,
4509596,308,,
4509996,307,,
4510396,306,,
4510796,308,,
4511200,307,,
4511596,307,,
4511996,307,,
4512400,307,,
4512796,306,,
4513196,306,,
4513600,306,,
4514000,306,,
4514396,307,,
4514796,305,,
4515196,307,,
4515600,307,,
4516000,307,,
4516396,307,,
4516800,307,,
4517196,307,,
4517600,307,,
4518000,307,,
4518396,306,,
4518800,307,,
4519200,307,,
4519600,307,,
4520004,308,,
4520396,306,,
4520800,307,,
4521200,307,,
4521600,306,,
4521992,307,,
4522400,307,,
4522796,306,,
4523196,306,,
4523600,306,,
4524000,306,,
4524400,306,,
4524796,307,,
4525196,307,,
4525600,307,,
4526000,307,,
4526400,306,,
4526796,307,,
4527196,307,,
4527600,306,,
4527996,307,,
4528396,307,,
4528796,306,,
4529196,305,,
4529596,307,,
4530000,307,,
4530400,307,,
4530800,307,,
4531196,306,,
4531596,306,,
4532000,306,,
4532400,306,,
4532796,306,,
4533196,306,,
4533596,306,,
4534000,307,,
4534400,307,,
4534796,307,,
4535196,306,,
4535596,307,,
4536000,306,,
4536400,307,,
4536796,306,,
4537200,305,,
4537600,306,,
4538000,306,,
4538392,305,,
4538796,307,,
4539200,306,,
4539600,307,,
4540000,306,,
4540396,306,,
4540796,306,,
4541200,306,,
4541600,307,,
4541996,306,,
4542396,307,,
4542796,306,,
4543200,305,,
4543600,308,,
4543996,307,,
4544396,307,,
4544796,307,,
4545200,307,,
4545604,306,,
4545996,307,,
4546400,306,,
4546800,307,,
4547200,307,,
4547592,307,,
4548000,307,,
4548396,307,,
4548796,308,,
4549196,308,,
4549600,307,,
4550000,308,,
4550396,308,,
4550796,307,,
4551196,308,,
4551600,308,,
4552000,308,,
4552396,307,,
4552796,308,,
4553200,307,,
4553600,307,,
4554000,307,,
4554396,306,,
4554796,307,,
4555196,307,,
4555596,307,,
4555996,306,,
4556400,308,,
4556796,308,,
4557196,308,,
4557600,307,,
4557996,308,,
4558400,307,,
4558796,307,,
4559196,307,,
4559600,307,,
4560000,308,,
4560400,308,,
4560796,309,,
4561196,308,,
4561600,308,,
4562000,307,,
4562400,307,,
4562796,307,,
4563196,308,,
4563600,307,,
4563992,308,,
4564396,309,,
4564796,309,,
4565196,307,,
4565600,307,,
4565996,308,,
4566396,308,,
4566796,308,,
4567196,307,,
4567600,307,,
4567996,308,,
4568396,308,,
4568800,308,,
4569200,308,,
4569600,307,,
4569996,308,,
4570396,307,,
4570800,307,,
4571204,307,,
4571596,307,,
4571996,308,,
4572396,308,,
4572800,307,,
4573192,308,,
4573600,307,,
4574000,307,,
4574400,306,,
4574796,307,,
4575200,308,,
4575600,307,,
4576000,308,,
4576400,307,,
4576796,307,,
4577200,308,,
4577600,308,,
4577996,309,,
4578396,306,,
4578796,307,,
4579200,308,,
4579600,308,,
4579996,307,,
4580396,308,,
4580800,307,,
4581196,307,,
4581596,308,,
4582000,308,,
4582396,309,,
4582800,308,,
4583196,308,,
4583596,307,,
4584000,307,,
4584396,308,,
4584796,308,,
4585196,308,,
4585596,308,,
4586000,308,,
4586396,308,,
4586796,308,,
4587200,308,,
4587596,308,,
4588000,308,,
4588396,308,,
4588796,308,,
4589200,306,,
4589596,307,,
4589996,307,,
4590400,307,,
4590800,307,,
4591196,308,,
4591596,308,,
4591996,307,,
4592400,307,,
4592800,307,,
4593196,307,,
4593600,308,,
4594000,308,,
4594400,307,,
4594800,307,,
4595196,308,,
4595600,308,,
4596000,307,,
4596400,307,,
4596804,308,,
4597196,307,,
4597600,308,,
4598000,307,,
4598396,308,,
4598796,307,,
4599200,308,,
4599596,308,,
4599996,308,,
4600400,307,,
4600800,307,,
4601200,307,,
4601596,306,,
4601996,307,,
4602400,307,,
4602800,307,,
4603200,307,,
4603596,307,,
4603996,306,,
4604400,305,,
4604796,307,,
4605196,307,,
4605596,307,,
4605996,307,,
4606396,306,,
4606800,306,,
4607200,306,,
4607600,306,,
4607996,306,,
4608396,306,,
4608800,306,,
4609200,307,,
4609600,306,,
4609996,307,,
4610396,307,,
4610800,306,,
4611200,308,,
4611596,308,,
4612000,307,,
4612396,306,,
4612800,307,,
4613200,306,,
4613596,308,,
4614000,307,,
4614400,307,,
4614800,307,,
4615192,307,,
4615596,307,,
4616000,307,,
4616400,307,,
4616800,307,,
4617196,307,,
4617596,307,,
4618000,306,,
4618400,306,,
4618796,307,,
4619196,306,,
4619596,306,,
4620000,307,,
4620400,307,,
4620796,308,,
4621200,308,,
4621596,308,,
4622000,307,,
4622404,307,,
4622796,307,,
4623200,305,,
4623600,307,,
4624000,307,,
4624392,306,,
4624800,307,,
4625196,308,,
4625596,307,,
4625996,306,,
4626400,307,,
4626800,307,,
4627196,306,,
4627596,306,,
4628000,308,,
4628400,306,,
4628800,305,,
4629196,307,,
4629596,307,,
4630000,306,,
4630400,307,,
4630800,307,,
4631196,307,,
4631596,307,,
4631996,307,,
4632396,308,,
4632796,308,,
4633200,307,,
4633596,308,,
4633996,306,,
4634400,307,,
4634800,306,,
4635200,306,,
4635596,308,,
4635996,306,,
4636400,307,,
4636800,307,,
4637200,307,,
4637596,307,,
4637996,306,,
4638400,307,,
4638800,307,,
4639200,308,,
4639596,308,,
4639996,307,,
4640400,308,,
4640792,307,,
4641196,307,,
4641596,307,,
4641996,307,,
4642400,307,,
4642796,307,,
4643196,308,,
4643600,307,,
4643996,308,,
4644400,308,,
4644796,307,,
4645196,308,,
4645600,306,,
4646000,308,,
4646400,309,,
4646796,308,,
4647196,309,,
4647600,308,,
4648004,309,,
4648400,308,,
4648796,308,,
4649196,307,,
4649600,307,,
4649992,308,,
4650400,308,,
4650800,307,,
4651200,309,,
4651596,309,,
4652000,309,,
4652400,309,,
4652800,308,,
4653200,309,,
4653596,308,,
4654000,308,,
4654400,308,,
4654796,308,,
4655196,309,,
4655596,307,,
4656000,308,,
4656400,307,,
4656796,307,,
4657196,308,,
4657600,307,,
4657996,308,,
4658396,307,,
4658800,307,,
4659196,308,,
4659596,309,,
4659996,307,,
4660396,307,,
4660800,308,,
4661196,307,,
4661596,308,,
4661996,309,,
4662396,309,,
4662800,309,,
4663196,309,,
4663596,308,,
4664000,308,,
4664400,309,,
4664800,308,,
4665196,309,,
4665596,308,,
4666000,308,,
4666396,307,,
4666796,308,,
4667200,308,,
4667600,308,,
4667996,308,,
4668400,307,,
4668796,308,,
4669200,308,,
4669600,307,,
4669996,307,,
4670400,307,,
4670800,308,,
4671200,308,,
4671600,308,,
4671996,309,,
4672400,308,,
4672800,309,,
4673200,308,,
4673604,308,,
4673996,308,,
4674400,309,,
4674800,308,,
4675196,310,,
4675596,308,,
4676000,308,,
4676396,308,,
4676796,308,,
4677200,309,,
4677600,307,,
4678000,308,,
4678396,308,,
4678796,308,,
4679200,308,,
4679596,307,,
4680000,309,,
4680396,308,,
4680796,308,,
4681200,307,,
4681596,307,,
4681996,307,,
4682396,307,,
4682796,306,,
4683196,306,,
4683600,307,,
4684000,307,,
4684400,307,,
4684796,307,,
4685196,306,,
4685600,307,,
4686000,307,,
4686396,307,,
4686796,306,,
4687196,307,,
4687600,307,,
4688000,307,,
4688396,306,,
4688796,307,,
4689196,307,,
4689600,307,,
4690000,308,,
4690396,307,,
4690800,308,,
4691200,307,,
4691600,307,,
4691992,307,,
4692396,307,,
4692800,307,,
4693200,306,,
4693600,307,,
4693996,306,,
4694396,306,,
4694800,307,,
4695200,306,,
4695600,305,,
4695996,307,,
4696396,307,,
4696800,306,,
4697200,306,,
4697596,306,,
4698000,306,,
4698400,306,,
4698800,306,,
4699204,306,,
4699596,307,,
4700000,306,,
4700400,306,,
4700800,307,,
4701192,306,,
4701600,306,,
4701996,307,,
4702396,305,,
4702796,306,,
4703200,306,,
4703600,307,,
4703996,307,,
4704396,307,,
4704800,307,,
4705200,308,,
4705600,306,,
4705996,307,,
4706396,307,,
4706800,307,,
4707200,308,,
4707600,306,,
4707996,308,,
4708396,307,,
4708796,306,,
4709200,306,,
4709596,307,,
4710000,307,,
4710396,307,,
4710796,307,,
4711200,308,,
4711600,307,,
4712000,307,,
4712396,307,,
4712796,307,,
4713200,307,,
4713600,306,,
4714000,307,,
4714396,307,,
4714796,308,,
4715200,308,,
4715600,308,,
4715996,308,,
4716396,307,,
4716796,308,,
4717200,308,,
4717592,307,,
4717996,308,,
4718396,307,,
4718796,307,,
4719200,308,,
4719596,307,,
4719996,308,,
4720400,308,,
4720800,308,,
4721200,308,,
4721596,308,,
4721996,307,,
4722400,308,,
4722800,309,,
4723200,308,,
4723596,308,,
4723996,308,,
4724400,307,,
4724804,307,,
4725196,308,,
4725596,307,,
4725996,308,,
4726400,308,,
4726792,309,,
4727200,308,,
4727600,309,,
4728000,307,,
4728396,307,,
4728800,307,,
4729200,307,,
4729600,307,,
4730000,308,,
4730396,308,,
4730800,307,,
4731200,308,,
4731596,308,,
4731996,307,,
4732396,307,,
4732800,307,,
4733200,306,,
4733596,307,,
4733996,308,,
4734400,307,,
4734796,306,,
4735196,308,,
4735600,308,,
4735996,307,,
4736400,308,,
4736796,309,,
4737196,308,,
4737600,309,,
4737996,308,,
4738396,308,,
4738796,309,,
4739196,308,,
4739600,309,,
4739996,308,,
4740396,309,,
4740800,310,,
4741200,308,,
4741600,309,,
4741996,308,,
4742396,308,,
4742800,308,,
4743192,308,,
4743600,307,,
4743996,307,,
4744396,307,,
4744800,308,,
4745196,306,,
4745596,307,,
4745996,306,,
4746396,308,,
4746800,307,,
4747196,306,,
4747596,307,,
4748000,307,,
4748396,307,,
4748800,308,,
4749196,307,,
4749596,307,,
4750000,307,,
4750404,307,,
4750800,307,,
4751196,308,,
4751596,307,,
4752000,309,,
4752396,308,,
4752796,308,,
4753200,308,,
4753600,306,,
4753996,309,,
4754400,308,,
4754800,307,,
4755200,307,,
4755600,306,,
4755996,305,,
4756400,307,,
4756800,307,,
4757200,307,,
4757600,309,,
4757996,308,,
4758400,308,,
4758800,309,,
4759200,308,,
4759592,308,,
4760000,307,,
4760396,307,,
4760796,307,,
4761200,307,,
4761604,308,,
4762000,307,,
4762396,309,,
4762796,309,,
4763200,308,,
4763600,308,,
4764000,308,,
4764396,307,,
4764796,307,,
4765200,307,,
4765596,307,,
4766000,306,,
4766396,306,,
4766796,307,,
4767200,307,,
4767596,307,,
4767996,307,,
4768396,307,,
4768796,308,,
4769196,307,,
4769600,307,,
4770000,307,,
4770400,307,,
4770796,306,,
4771196,306,,
4771600,306,,
4772000,306,,
4772396,307,,
4772796,308,,
4773196,308,,
4773600,307,,
4774000,308,,
4774396,308,,
4774796,308,,
4775196,308,,
4775600,307,,
4776004,308,,
4776396,307,,
4776800,307,,
4777200,306,,
4777600,307,,
4777992,307,,
4778400,307,,
4778796,307,,
4779196,307,,
4779596,307,,
4780000,307,,
4780400,307,,
4780796,307,,
4781196,307,,
4781596,306,,
4782000,307,,
4782400,307,,
4782796,307,,
4783196,307,,
4783600,307,,
4784000,308,,
4784400,309,,
4784796,307,,
4785196,308,,
4785596,307,,
4786000,307,,
4786400,307,,
4786800,307,,
4787196,308,,
4787596,308,,
4788000,310,,
4788400,309,,
4788800,308,,
4789196,309,,
4789596,308,,
4790000,308,,
4790400,308,,
4790800,308,,
4791196,308,,
4791596,309,,
4792000,309,,
4792400,308,,
4792796,308,,
4793196,308,,
4793596,308,,
4794000,308,,
4794392,307,,
4794796,309,,
4795200,307,,
4795596,308,,
4796000,308,,
4796396,307,,
4796796,308,,
4797200,308,,
4797600,309,,
4798000,309,,
4798396,308,,
4798796,307,,
4799200,309,,
4799600,309,,
4800000,308,,
4800396,309,,
4800796,309,,
4801200,308,,
4801604,308,,
4801996,308,,
4802396,307,,
4802796,307,,
4803200,307,,
4803592,307,,
4804000,307,,
4804400,308,,
4804800,308,,
4805196,307,,
4805600,308,,
4806000,307,,
4806396,308,,
4806800,308,,
4807196,307,,
4807600,308,,
4808000,308,,
4808396,308,,
4808796,309,,
4809196,309,,
4809600,308,,
4810000,309,,
4810396,309,,
4810796,308,,
4811200,308,,
4811596,309,,
4811996,308,,
4812400,308,,
4812796,309,,
4813196,310,,
4813596,308,,
4813996,309,,
4814400,310,,
4814796,309,,
4815196,307,,
4815596,309,,
4815996,310,,
4816400,308,,
4816796,308,,
4817196,309,,
4817600,308,,
4818000,308,,
4818400,307,,
4818796,308,,
4819196,308,,
4819600,308,,
4819996,309,,
4820396,309,,
4820800,309,,
4821200,309,,
4821596,310,,
4822000,309,,
4822396,309,,
4822800,310,,
4823200,309,,
4823596,309,,
4824000,310,,
4824400,309,,
4824800,310,,
4825200,309,,
4825596,309,,
4826000,308,,
4826400,308,,
4826796,309,,
4827204,308,,
4827596,308,,
4828000,308,,
4828400,308,,
4828796,308,,
4829196,308,,
4829600,308,,
4829996,308,,
4830396,308,,
4830800,308,,
4831196,308,,
4831600,308,,
4831996,309,,
4832396,308,,
4832800,309,,
4833196,308,,
4833596,309,,
4833996,309,,
4834396,309,,
4834800,308,,
4835196,309,,
4835596,308,,
4836000,309,,
4836396,309,,
4836796,308,,
4837200,308,,
4837600,308,,
4837996,308,,
4838396,308,,
4838796,309,,
4839200,308,,
4839600,308,,
4839996,308,,
4840396,308,,
4840796,308,,
4841200,308,,
4841600,308,,
4841996,308,,
4842400,307,,
4842800,308,,
4843200,307,,
4843600,307,,
4843996,308,,
4844400,308,,
4844800,308,,
4845200,307,,
4845592,307,,
4845996,308,,
4846400,307,,
4846800,308,,
4847200,309,,
4847596,308,,
4847996,308,,
4848400,308,,
4848800,307,,
4849196,308,,
4849596,307,,
4849996,306,,
4850400,309,,
4850800,308,,
4851196,306,,
4851600,307,,
4851996,307,,
4852400,307,,
4852804,307,,
4853196,307,,
4853600,307,,
4854000,306,,
4854400,306,,
4854792,307,,
4855200,307,,
4855596,308,,
4855996,307,,
4856396,307,,
4856800,307,,
4857200,306,,
4857596,306,,
4857996,307,,
4858400,307,,
4858800,306,,
4859200,306,,
4859596,306,,
4859996,306,,
4860400,307,,
4860800,307,,
4861200,307,,
4861596,306,,
4861996,307,,
4862396,307,,
4862796,307,,
4863196,307,,
4863600,307,,
4863996,306,,
4864396,307,,
4864800,307,,
4865200,306,,
4865600,306,,
4865996,307,,
4866396,307,,
4866800,306,,
4867200,306,,
4867596,307,,
4867996,306,,
4868396,307,,
4868800,307,,
4869200,308,,
4869596,307,,
4869996,307,,
4870396,307,,
4870800,307,,
4871192,307,,
4871596,307,,
4872000,307,,
4872400,307,,
4872800,307,,
4873196,307,,
4873596,307,,
4874000,307,,
4874400,307,,
4874800,306,,
4875196,306,,
4875596,305,,
4876000,305,,
4876400,305,,
4876796,305,,
4877196,305,,
4877596,306,,
4878000,307,,
4878404,307,,
4878796,307,,
4879196,307,,
4879596,307,,
4880000,308,,
4880392,307,,
4880800,307,,
4881200,307,,
4881600,306,,
4881996,307,,
4882400,307,,
4882800,307,,
4883196,307,,
4883596,307,,
4883996,307,,
4884400,306,,
4884800,307,,
4885196,307,,
4885596,307,,
4885996,309,,
4886400,307,,
4886800,307,,
4887196,307,,
4887596,307,,
4888000,307,,
4888396,307,,
4888796,307,,
4889200,307,,
4889596,307,,
4889996,307,,
4890396,307,,
4890796,307,,
4891200,306,,
4891596,306,,
4891996,307,,
4892400,306,,
4892796,305,,
4893200,306,,
4893596,306,,
4893996,307,,
4894400,307,,
4894800,308,,
4895200,307,,
4895596,307,,
4895996,307,,
4896400,307,,
4896796,307,,
4897196,307,,
4897600,307,,
4898000,307,,
4898396,306,,
4898800,307,,
4899200,307,,
4899600,308,,
4900000,306,,
4900396,307,,
4900800,307,,
4901200,306,,
4901600,306,,
4902000,307,,
4902396,306,,
4902800,306,,
4903200,306,,
4903600,307,,
4904004,305,,
4904396,305,,
4904800,306,,
4905200,306,,
4905596,307,,
4905996,307,,
4906400,307,,
4906796,307,,
4907196,307,,
4907600,307,,
4908000,307,,
4908400,307,,
4908796,306,,
4909196,307,,
4909600,306,,
4909996,307,,
4910396,308,,
4910796,308,,
4911196,308,,
4911600,308,,
4911996,307,,
4912396,306,,
4912800,305,,
4913196,306,,
4913600,306,,
4913996,306,,
4914396,307,,
4914800,308,,
4915204,307,,
4915600,308,,
4915996,308,,
4916396,308,,
4916800,307,,
4917196,307,,
4917600,306,,
4917996,306,,
4918396,306,,
4918800,306,,
4919196,306,,
4919596,306,,
4919996,307,,
4920396,307,,
4920800,307,,
4921196,307,,
4921596,308,,
4922000,307,,
4922396,306,,
4922796,307,,
4923200,308,,
4923600,307,,
4923996,308,,
4924396,308,,
4924796,308,,
4925200,307,,
4925600,307,,
4925996,307,,
4926396,306,,
4926796,306,,
4927200,306,,
4927600,306,,
4927996,305,,
4928400,306,,
4928800,306,,
4929200,306,,
4929604,307,,
4929996,306,,
4930400,307,,
4930800,307,,
4931200,307,,
4931592,307,,
4932000,307,,
4932396,307,,
4932796,306,,
4933196,307,,
4933600,307,,
4934000,307,,
4934396,306,,
4934796,306,,
4935200,307,,
4935600,308,,
4936000,308,,
4936396,307,,
4936796,308,,
4937200,308,,
4937600,306,,
4938000,307,,
4938396,307,,
4938796,307,,
4939196,307,,
4939600,308,,
4939996,308,,
4940400,308,,
4940796,308,,
4941196,309,,
4941600,307,,
4942000,308,,
4942400,308,,
4942796,308,,
4943196,309,,
4943600,307,,
4944000,309,,
4944400,307,,
4944796,307,,
4945196,307,,
4945600,307,,
4946000,308,,
4946396,307,,
4946796,309,,
4947196,307,,
4947600,308,,
4947992,308,,
4948396,307,,
4948800,308,,
4949196,308,,
4949600,308,,
4949996,307,,
4950396,307,,
4950800,309,,
4951200,308,,
4951600,309,,
4951996,308,,
4952396,309,,
4952800,308,,
4953200,308,,
4953596,309,,
4953996,307,,
4954396,308,,
4954800,307,,
4955204,307,,
4955596,307,,
4956000,308,,
4956396,307,,
4956800,309,,
4957192,308,,
4957600,308,,
4957996,308,,
4958400,307,,
4958796,308,,
4959200,307,,
4959600,307,,
4959996,307,,
4960396,307,,
4960796,307,,
4961200,306,,
4961600,307,,
4961996,308,,
4962396,308,,
4962800,309,,
4963200,309,,
4963600,308,,
4963996,307,,
4964396,308,,
4964796,308,,
4965196,309,,
4965596,309,,
4966000,308,,
4966396,308,,
4966796,309,,
4967196,309,,
4967596,309,,
4968000,309,,
4968396,308,,
4968796,308,,
4969200,309,,
4969600,307,,
4970000,308,,
4970396,307,,
4970796,309,,
4971200,307,,
4971600,308,,
4972000,308,,
4972396,306,,
4972796,308,,
4973200,309,,
4973592,310,,
4974000,309,,
4974396,309,,
4974796,309,,
4975200,309,,
4975596,310,,
4975996,309,,
4976396,309,,
4976796,309,,
4977200,308,,
4977596,309,,
4977996,309,,
4978400,308,,
4978796,308,,
4979200,309,,
4979596,308,,
4979996,308,,
4980400,308,,
4980804,308,,
4981200,307,,
4981596,306,,
4981996,307,,
4982400,309,,
4982792,308,,
4983196,307,,
4983600,309,,
4984000,308,,
4984396,307,,
4984800,306,,
4985200,309,,
4985600,307,,
4986000,308,,
4986396,306,,
4986800,310,,
4987200,308,,
4987600,307,,
4988000,309,,
4988396,308,,
4988800,308,,
4989200,309,,
4989596,309,,
4989996,310,,
4990400,309,,
4990796,309,,
4991196,309,,
4991600,309,,
4992004,309,,
4992400,308,,
4992796,309,,
4993196,309,,
4993600,308,,
4994000,309,,
4994400,309,,
4994796,308,,
4995196,307,,
4995600,307,,
4995996,306,,
4996396,306,,
4996796,305,,
4997196,306,,
4997600,306,,
4997996,306,,
4998396,306,,
4998800,307,,
4999196,307,,
4999596,306,,
5000000,307,,
5000400,307,,
5000796,308,,
5001196,308,,
5001596,308,,
5002000,307,,
5002400,307,,
5002796,307,,
5003200,307,,
5003596,306,,
5004000,307,,
5004400,308,,
5004796,308,,
5005200,308,,
5005600,308,,
5006000,308,,
5006404,309,,
5006796,308,,
5007200,309,,
5007600,309,,
5008000,308,,
5008392,307,,
5008800,307,,
5009196,307,,
5009596,308,,
5010000,308,,
5010400,307,,
5010800,307,,
5011196,308,,
5011596,307,,
5012000,307,,
5012400,307,,
5012800,307,,
5013196,307,,
5013596,307,,
5014000,308,,
5014396,307,,
5014800,307,,
5015196,307,,
5015596,307,,
5015996,307,,
5016400,307,,
5016800,307,,
5017200,307,,
5017596,305,,
5017996,307,,
5018400,306,,
5018800,306,,
5019200,306,,
5019596,305,,
5019996,306,,
5020400,306,,
5020800,307,,
5021196,306,,
5021596,305,,
5021996,306,,
5022400,305,,
5022800,307,,
5023196,307,,
5023596,307,,
5023996,307,,
5024400,306,,
5024792,308,,
5025196,307,,
5025600,306,,
5026000,308,,
5026400,308,,
5026796,307,,
5027196,306,,
5027600,306,,
5028000,307,,
5028400,307,,
5028796,307,,
5029196,307,,
5029600,307,,
5030000,307,,
5030400,307,,
5030796,308,,
5031196,306,,
5031600,308,,
5032004,308,,
5032396,307,,
5032796,307,,
5033196,306,,
5033600,308,,
5033992,306,,
5034400,306,,
5034800,307,,
5035200,306,,
5035596,306,,
5036000,307,,
5036400,307,,
5036796,306,,
5037200,306,,
5037596,305,,
5038000,307,,
5038400,306,,
5038796,306,,
5039196,307,,
5039600,307,,
5040000,308,,
5040400,306,,
5040796,307,,
5041196,308,,
5041596,307,,
5041996,307,,
5042396,307,,
5042800,308,,
5043196,307,,
5043596,307,,
5044000,308,,
5044396,307,,
5044800,307,,
5045196,307,,
5045596,307,,
5046000,307,,
5046400,307,,
5046800,307,,
5047196,307,,
5047596,307,,
5048000,307,,
5048400,308,,
5048800,307,,
5049196,307,,
5049596,307,,
5050000,308,,
5050392,308,,
5050796,308,,
5051196,308,,
5051596,308,,
5052000,308,,
5052396,309,,
5052796,308,,
5053196,308,,
5053596,309,,
5054000,309,,
5054396,309,,
5054796,309,,
5055200,308,,
5055600,309,,
5056000,308,,
5056396,309,,
5056796,308,,
5057200,308,,
5057604,309,,
5058000,309,,
5058396,309,,
5058796,307,,
5059200,308,,
5059592,307,,
5059996,308,,
5060400,307,,
5060800,307,,
5061196,309,,
5061600,309,,
5062000,308,,
5062400,308,,
5062800,308,,
5063196,308,,
5063600,307,,
5064000,308,,
5064400,308,,
5064800,307,,
5065196,308,,
5065600,307,,
5066000,308,,
5066396,308,,
5066796,309,,
5067200,310,,
5067596,311,,
5067996,310,,
5068400,310,,
5068804,309,,
5069200,308,,
5069596,308,,
5069996,308,,
5070400,310,,
5070796,309,,
5071200,309,,
5071596,309,,
5071996,309,,
5072400,310,,
5072796,309,,
5073196,309,,
5073596,309,,
5073996,308,,
5074400,308,,
5074796,308,,
5075196,308,,
5075600,308,,
5075996,308,,
5076396,308,,
5076800,308,,
5077200,308,,
5077596,308,,
5077996,308,,
5078396,308,,
5078800,309,,
5079200,308,,
5079596,308,,
5079996,308,,
5080396,308,,
5080800,308,,
5081200,309,,
5081596,308,,
5082000,309,,
5082400,308,,
5082800,309,,
5083204,308,,
5083596,309,,
5084000,309,,
5084400,308,,
5084796,309,,
5085196,307,,
5085600,307,,
5085996,308,,
5086396,308,,
5086800,308,,
5087200,307,,
5087600,307,,
5087996,307,,
5088396,307,,
5088800,307,,
5089200,307,,
5089600,308,,
5089996,307,,
5090396,307,,
5090800,306,,
5091196,308,,
5091596,307,,
5091996,306,,
5092396,307,,
5092796,307,,
5093200,307,,
5093600,307,,
5094000,307,,
5094396,306,,
5094796,307,,
5095200,307,,
5095600,306,,
5096000,306,,
5096396,306,,
5096796,305,,
5097200,305,,
5097600,306,,
5097996,306,,
5098396,307,,
5098796,306,,
5099200,306,,
5099600,307,,
5099996,306,,
5100400,307,,
5100796,307,,
5101200,307,,
5101592,307,,
5101996,307,,
5102400,308,,
5102800,307,,
5103200,307,,
5103596,308,,
5103996,308,,
5104400,307,,
5104800,307,,
5105200,308,,
5105596,308,,
5105996,308,,
5106400,308,,
5106800,308,,
5107196,308,,
5107596,307,,
5107996,306,,
5108400,307,,
5108804,308,,
5109196,307,,
5109596,307,,
5109996,307,,
5110400,308,,
5110792,306,,
5111200,307,,
5111600,306,,
5112000,305,,
5112396,306,,
5112800,306,,
5113200,306,,
5113596,306,,
5113996,306,,
5114396,307,,
5114800,307,,
5115200,305,,
5115596,307,,
5115996,307,,
5116396,306,,
5116800,308,,
5117200,307,,
5117596,307,,
5117996,307,,
5118400,307,,
5118796,308,,
5119196,306,,
5119600,308,,
5119996,309,,
5120396,307,,
5120796,307,,
5121196,308,,
5121600,307,,
5121996,308,,
5122396,308,,
5122800,308,,
5123200,308,,
5123600,308,,
5123996,307,,
5124396,306,,
5124800,306,,
5125200,308,,
5125600,308,,
5125996,308,,
5126396,306,,
5126800,307,,
5127192,307,,
5127596,307,,
5127996,307,,
5128396,307,,
5128800,307,,
5129196,307,,
5129596,308,,
5130000,309,,
5130396,309,,
5130800,309,,
5131196,308,,
5131596,308,,
5132000,308,,
5132400,308,,
5132800,308,,
5133196,308,,
5133596,309,,
5134000,308,,
5134404,309,,
5134800,308,,
5135196,307,,
5135596,308,,
5136000,308,,
5136392,308,,
5136800,308,,
5137200,308,,
5137600,308,,
5137996,307,,
5138400,307,,
5138800,308,,
5139200,307,,
5139600,307,,
5139996,307,,
5140400,306,,
5140800,307,,
5141196,306,,
5141600,307,,
5141996,307,,
5142400,306,,
5142800,307,,
5143196,306,,
5143596,307,,
5144000,308,,
5144396,307,,
5144796,308,,
5145200,308,,
5145604,308,,
5146000,309,,
5146396,308,,
5146796,309,,
5147200,308,,
5147596,308,,
5147996,310,,
5148396,308,,
5148796,308,,
5149200,309,,
5149596,309,,
5149996,308,,
5150396,308,,
5150796,309,,
5151200,308,,
5151596,307,,
5151996,308,,
5152400,308,,
5152796,308,,
5153196,307,,
5153600,307,,
5154000,308,,
5154396,307,,
5154796,308,,
5155196,307,,
5155600,309,,
5156000,309,,
5156396,308,,
5156800,307,,
5157196,308,,
5157600,308,,
5158000,308,,
5158396,308,,
5158800,308,,
5159200,308,,
5159600,309,,
5160004,309,,
5160396,309,,
5160800,309,,
5161200,309,,
5161600,308,,
5161992,308,,
5162400,308,,
5162796,308,,
5163196,307,,
5163600,307,,
5164000,307,,
5164400,308,,
5164796,308,,
5165196,307,,
5165600,309,,
5166000,309,,
5166400,308,,
5166796,308,,
5167196,307,,
5167600,307,,
5167996,307,,
5168396,307,,
5168796,306,,
5169196,307,,
5169596,308,,
5170000,308,,
5170400,308,,
5170800,308,,
5171196,308,,
5171596,307,,
5172000,307,,
5172400,307,,
5172796,307,,
5173196,308,,
5173596,308,,
5174000,309,,
5174400,308,,
5174796,309,,
5175196,309,,
5175596,307,,
5176000,308,,
5176400,307,,
5176796,307,,
5177200,307,,
5177600,307,,
5178000,307,,
5178392,307,,
5178796,307,,
5179200,307,,
5179600,307,,
5180000,306,,
5180396,307,,
5180796,306,,
5181200,307,,
5181600,307,,
5182000,308,,
5182396,307,,
5182796,307,,
5183200,307,,
5183600,306,,
5183996,306,,
5184396,307,,
5184796,306,,
5185200,307,,
5185604,307,,
5185996,307,,
5186400,308,,
5186796,307,,
5187200,307,,
5187592,308,,
5188000,309,,
5188396,309,,
5188800,309,,
5189196,308,,
5189600,309,,
5190000,308,,
5190396,309,,
5190796,308,,
5191196,307,,
5191600,308,,
5192000,308,,
5192396,307,,
5192796,308,,
5193200,309,,
5193600,308,,
5194000,308,,
5194396,307,,
5194796,309,,
5195196,308,,
5195596,307,,
5195996,309,,
5196400,308,,
5196796,309,,
5197196,309,,
5197596,308,,
5197996,309,,
5198400,309,,
5198796,308,,
5199196,308,,
5199600,308,,
5200000,308,,
5200400,308,,
5200796,307,,
5201196,307,,
5201600,307,,
5202000,308,,
5202400,308,,
5202796,307,,
5203196,308,,
5203600,308,,
5203992,309,,
5204396,308,,
5204796,309,,
5205196,308,,
5205600,308,,
5205996,308,,
5206396,308,,
5206796,308,,
5207196,309,,
5207600,308,,
5207996,309,,
5208396,308,,
5208800,309,,
5209200,307,,
5209600,308,,
5209996,308,,
5210396,308,,
5210800,306,,
5211204,307,,
5211596,308,,
5211996,307,,
5212396,307,,
5212800,307,,
5213192,308,,
5213600,307,,
5214000,308,,
5214400,307,,
5214796,307,,
5215200,307,,
5215600,308,,
5216000,308,,
5216400,307,,
5216796,308,,
5217200,307,,
5217600,307,,
5217996,308,,
5218396,307,,
5218796,308,,
5219200,308,,
5219600,309,,
5219996,308,,
5220396,309,,
5220800,308,,
5221196,308,,
5221596,308,,
5222000,308,,
5222396,309,,
5222800,308,,
5223196,309,,
5223596,307,,
5224000,309,,
5224396,308,,
5224796,307,,
5225196,307,,
5225596,307,,
5226000,308,,
5226396,306,,
5226796,307,,
5227200,308,,
5227596,306,,
5228000,307,,
5228396,307,,
5228796,308,,
5229200,308,,
5229596,308,,
5229996,309,,
5230400,309,,
5230800,308,,
5231196,308,,
5231596,308,,
5231996,308,,
5232400,307,,
5232800,308,,
5233196,307,,
5233600,307,,
5234000,308,,
5234400,308,,
5234800,307,,
5235196,308,,
5235600,309,,
5236000,307,,
5236400,306,,
5236804,307,,
5237196,307,,
5237600,307,,
5238000,308,,
5238400,308,,
5238792,308,,
5239200,308,,
5239596,308,,
5239996,310,,
5240400,308,,
5240800,309,,
5241200,309,,
5241596,308,,
5241996,308,,
5242400,309,,
5242800,309,,
5243200,309,,
5243596,310,,
5243996,308,,
5244400,309,,
5244796,310,,
5245200,308,,
5245596,309,,
5245996,308,,
5246396,308,,
5246800,309,,
5247200,307,,
5247600,308,,
5247996,308,,
5248396,309,,
5248800,309,,
5249200,308,,
5249600,309,,
5249996,308,,
5250396,308,,
5250800,308,,
5251200,309,,
5251596,309,,
5252000,308,,
5252396,308,,
5252800,308,,
5253200,308,,
5253596,308,,
5254000,308,,
5254400,308,,
5254800,308,,
5255192,307,,
5255596,308,,
5256000,308,,
5256400,306,,
5256800,308,,
5257196,307,,
5257596,307,,
5258000,307,,
5258400,307,,
5258796,308,,
5259196,306,,
5259596,307,,
5260000,307,,
5260400,307,,
5260796,307,,
5261196,306,,
5261596,307,,
5262000,307,,
5262404,307,,
5262796,307,,
5263200,307,,
5263600,307,,
5264000,307,,
5264392,307,,
5264800,307,,
5265196,308,,
5265596,309,,
5265996,308,,
5266400,307,,
5266800,309,,
5267196,307,,
5267596,308,,
5267996,308,,
5268400,307,,
5268800,307,,
5269196,306,,
5269596,307,,
5270000,307,,
5270400,307,,
5270800,308,,
5271196,307,,
5271596,307,,
5271996,306,,
5272396,306,,
5272796,308,,
5273200,306,,
5273596,307,,
5273996,306,,
5274400,306,,
5274796,307,,
5275200,307,,
5275596,306,,
5275996,306,,
5276400,308,,
5276800,307,,
5277200,307,,
5277596,308,,
5277996,307,,
5278400,307,,
5278800,307,,
5279200,307,,
5279596,306,,
5279996,307,,
5280400,306,,
5280792,306,,
5281196,307,,
5281596,307,,
5281996,308,,
5282400,308,,
5282796,307,,
5283196,306,,
5283600,305,,
5283996,307,,
5284400,306,,
5284796,306,,
5285196,307,,
5285600,306,,
5286000,306,,
5286400,306,,
5286796,306,,
5287196,305,,
5287600,306,,
5288008,307,,
5288400,305,,
5288796,305,,
5289196,305,,
5289600,306,,
5289992,305,,
5290400,307,,
5290800,307,,
5291200,306,,
5291596,307,,
5292000,307,,
5292400,306,,
5292800,307,,
5293200,307,,
5293596,307,,
5294000,308,,
5294400,307,,
5294796,307,,
5295196,308,,
5295596,308,,
5296000,307,,
5296400,307,,
5296796,307,,
5297196,306,,
5297600,307,,
5297996,306,,
5298396,305,,
5298800,306,,
5299196,306,,
5299596,307,,
5299996,306,,
5300396,307,,
5300800,308,,
5301196,308,,
5301596,307,,
5301996,307,,
5302396,307,,
5302800,307,,
5303196,307,,
5303596,307,,
5304000,308,,
5304400,308,,
5304800,308,,
5305196,307,,
5305596,307,,
5306000,307,,
5306396,308,,
5306796,308,,
5307200,308,,
5307600,307,,
5307996,308,,
5308400,307,,
5308796,306,,
5309200,306,,
5309600,307,,
5309996,307,,
5310400,306,,
5310800,306,,
5311200,306,,
5311600,307,,
5311996,308,,
5312400,307,,
5312800,307,,
5313200,307,,
5313604,307,,
5313996,306,,
5314400,307,,
5314800,306,,
5315196,308,,
5315596,306,,
5316000,307,,
5316396,308,,
5316796,307,,
5317200,307,,
5317600,307,,
5318000,308,,
5318396,307,,
5318796,308,,
5319200,308,,
5319600,308,,
5320000,307,,
5320396,308,,
5320796,308,,
5321200,308,,
5321596,307,,
5321996,307,,
5322396,307,,
5322796,307,,
5323196,308,,
5323600,308,,
5324000,307,,
5324400,307,,
5324796,307,,
5325196,306,,
5325600,307,,
5326000,307,,
5326400,306,,
5326796,307,,
5327196,308,,
5327600,307,,
5328000,308,,
5328396,308,,
5328796,307,,
5329196,308,,
5329600,308,,
5330000,307,,
5330396,307,,
5330800,305,,
5331196,307,,
5331600,307,,
5331992,306,,
5332396,307,,
5332800,308,,
5333200,307,,
5333600,307,,
5333996,307,,
5334396,307,,
5334800,306,,
5335200,308,,
5335600,307,,
5335996,307,,
5336396,307,,
5336800,308,,
5337200,308,,
5337596,308,,
5338000,308,,
5338396,308,,
5338800,309,,
5339204,308,,
5339596,308,,
5340000,309,,
5340400,308,,
5340800,308,,
5341192,307,,
5341600,306,,
5341996,308,,
5342396,307,,
5342796,308,,
5343200,309,,
5343600,309,,
5343996,308,,
5344396,308,,
5344800,310,,
5345200,308,,
5345600,308,,
5345996,308,,
5346396,308,,
5346800,308,,
5347200,308,,
5347600,308,,
5347996,309,,
5348396,307,,
5348796,308,,
5349196,309,,
5349596,308,,
5350000,308,,
5350396,308,,
5350796,308,,
5351200,308,,
5351600,308,,
5352000,308,,
5352396,308,,
5352796,308,,
5353200,309,,
5353600,309,,
5354000,308,,
5354396,309,,
5354796,307,,
5355200,308,,
5355600,307,,
5355996,309,,
5356396,309,,
5356796,308,,
5357200,309,,
5357592,308,,
5357996,309,,
5358396,308,,
5358796,308,,
5359200,308,,
5359596,308,,
5359996,308,,
5360400,309,,
5360800,309,,
5361200,308,,
5361596,309,,
5361996,308,,
5362400,308,,
5362800,308,,
5363200,308,,
5363596,308,,
5363996,308,,
5364400,309,,
5364804,309,,
5365200,309,,
5365596,308,,
5365996,307,,
5366400,309,,
5366792,309,,
5367200,309,,
5367600,308,,
5368000,308,,
5368396,307,,
5368800,307,,
5369200,307,,
5369600,308,,
5370000,308,,
5370396,308,,
5370800,308,,
5371200,308,,
5371596,308,,
5372000,310,,
5372396,309,,
5372800,310,,
5373200,310,,
5373596,310,,
5373996,310,,
5374400,310,,
5374796,310,,
5375196,309,,
5375600,310,,
5376008,309,,
5376400,309,,
5376796,308,,
5377196,307,,
5377600,307,,
5377996,307,,
5378396,308,,
5378796,307,,
5379196,308,,
5379600,307,,
5379996,308,,
5380396,307,,
5380800,307,,
5381200,308,,
5381600,308,,
5381996,307,,
5382396,306,,
5382800,306,,
5383196,306,,
5383596,307,,
5384000,307,,
5384400,307,,
5384796,306,,
5385200,307,,
5385600,306,,
5386000,306,,
5386400,306,,
5386796,307,,
5387200,306,,
5387600,306,,
5388000,305,,
5388400,306,,
5388796,307,,
5389200,305,,
5389600,306,,
5390000,307,,
5390404,305,,
5390796,305,,
5391200,305,,
5391600,305,,
5391996,305,,
5392396,306,,
5392800,305,,
5393196,304,,
5393596,305,,
5394000,304,,
5394400,305,,
5394800,304,,
5395196,305,,
5395596,306,,
5396000,304,,
5396396,305,,
5396800,305,,
5397196,305,,
5397596,305,,
5398000,305,,
5398396,305,,
5398796,305,,
5399196,304,,
5399596,305,,
5399996,304,,
5400400,305,,
5400800,306,,
5401200,306,,
5401596,305,,
5401996,305,,
5402400,306,,
5402800,305,,
5403196,306,,
5403596,305,,
5403996,305,,
5404400,307,,
5404800,306,,
5405196,306,,
5405596,307,,
5405996,307,,
5406400,306,,
5406800,307,,
5407196,306,,
5407600,306,,
5408000,307,,
5408400,306,,
5408792,307,,
5409196,307,,
5409600,306,,
5410000,306,,
5410400,307,,
5410796,306,,
5411196,306,,
5411600,306,,
5412000,307,,
5412396,307,,
5412796,307,,
5413196,307,,
5413600,307,,
5414000,307,,
5414396,308,,
5414796,307,,
5415196,307,,
5415600,307,,
5416004,307,,
5416396,307,,
5416800,307,,
5417200,306,,
5417600,307,,
5417992,306,,
5418400,306,,
5418796,307,,
5419196,306,,
5419596,308,,
5420000,307,,
5420400,307,,
5420796,307,,
5421196,307,,
5421596,308,,
5422000,306,,
5422400,308,,
5422796,307,,
5423196,307,,
5423600,307,,
5424000,307,,
5424400,306,,
5424796,307,,
5425196,307,,
5425596,307,,
5426000,307,,
5426396,307,,
5426800,308,,
5427196,308,,
5427596,309,,
5428000,308,,
5428400,308,,
5428800,308,,
5429196,307,,
5429596,308,,
5430000,309,,
5430400,308,,
5430800,309,,
5431196,310,,
5431596,309,,
5432000,310,,
5432400,309,,
5432796,309,,
5433196,309,,
5433596,309,,
5434000,308,,
5434392,310,,
5434796,309,,
5435200,309,,
5435596,310,,
5436000,309,,
5436396,309,,
5436796,310,,
5437200,310,,
5437600,309,,
5438000,308,,
5438396,310,,
5438796,310,,
5439200,310,,
5439600,311,,
5440000,309,,
5440396,311,,
5440796,309,,
5441200,310,,
5441604,309,,
5441996,310,,
5442396,311,,
5442796,309,,
5443200,310,,
5443592,310,,
5444000,308,,
5444400,310,,
5444800,310,,
5445196,309,,
5445600,309,,
5446000,309,,
5446400,310,,
5446800,310,,
5447196,310,,
5447600,311,,
5448000,310,,
5448396,310,,
5448796,309,,
5449196,310,,
5449600,309,,
5450000,310,,
5450396,309,,
5450796,310,,
5451200,311,,
5451596,309,,
5451996,311,,
5452400,309,,
5452796,310,,
5453200,310,,
5453596,309,,
5453996,308,,
5454400,310,,
5454796,309,,
5455196,310,,
5455596,310,,
5455996,310,,
5456400,310,,
5456796,309,,
5457196,310,,
5457600,309,,
5457996,309,,
5458400,310,,
5458796,310,,
5459196,308,,
5459600,310,,
5459996,309,,
5460396,309,,
5460800,309,,
5461200,309,,
5461596,309,,
5461996,308,,
5462396,308,,
5462800,308,,
5463200,308,,
5463596,309,,
5464000,308,,
5464400,308,,
5464800,308,,
5465200,307,,
5465596,307,,
5466000,308,,
5466400,308,,
5466796,308,,
5467204,308,,
5467596,307,,
5468000,308,,
5468400,307,,
5468796,308,,
5469196,308,,
5469600,308,,
5469996,307,,
5470396,308,,
5470800,307,,
5471200,308,,
5471600,308,,
5471996,308,,
5472396,308,,
5472800,308,,
5473196,309,,
5473596,309,,
5473996,308,,
5474396,307,,
5474800,307,,
5475196,308,,
5475596,308,,
5475996,308,,
5476396,308,,
5476796,308,,
5477200,308,,
5477600,308,,
5478000,307,,
5478396,307,,
5478796,306,,
5479200,306,,
5479600,306,,
5479996,307,,
5480396,307,,
5480796,307,,
5481200,307,,
5481600,307,,
5481996,307,,
5482400,306,,
5482796,306,,
5483200,306,,
5483600,306,,
5483996,306,,
5484400,306,,
5484800,307,,
5485200,307,,
5485592,308,,
5485996,309,,
5486400,308,,
5486800,308,,
5487200,308,,
5487596,308,,
5487996,309,,
5488400,308,,
5488800,308,,
5489196,308,,
5489596,308,,
5489996,308,,
5490400,308,,
5490800,308,,
5491196,309,,
5491600,308,,
5491996,309,,
5492400,308,,
5492804,309,,
5493196,308,,
5493600,309,,
5494000,309,,
5494400,310,,
5494792,308,,
5495200,308,,
5495596,309,,
5495996,310,,
5496396,308,,
5496800,309,,
5497200,308,,
5497596,308,,
5497996,307,,
5498400,308,,
5498800,308,,
5499200,307,,
5499596,307,,
5499996,308,,
5500400,308,,
5500800,307,,
5501200,307,,
5501596,308,,
5501996,308,,
5502396,307,,
5502796,308,,
5503196,307,,
5503600,307,,
5503996,307,,
5504396,308,,
5504800,308,,
5505200,308,,
5505600,309,,
5505996,308,,
5506396,307,,
5506800,308,,
5507200,307,,
5507596,308,,
5507996,308,,
5508396,308,,
5508800,308,,
5509200,308,,
5509596,308,,
5509996,309,,
5510396,308,,
5510800,308,,
5511192,308,,
5511596,308,,
5512000,308,,
5512400,307,,
5512800,307,,
5513196,308,,
5513596,308,,
5514000,308,,
5514400,307,,
5514800,307,,
5515196,307,,
5515596,308,,
5516000,308,,
5516400,308,,
5516800,308,,
5517196,308,,
5517596,307,,
5518000,307,,
5518404,308,,
5518796,307,,
5519196,308,,
5519596,307,,
5520000,307,,
5520392,307,,
5520800,308,,
5521200,307,,
5521600,308,,
5521996,307,,
5522400,307,,
5522800,307,,
5523196,307,,
5523600,307,,
5523996,308,,
5524400,307,,
5524800,307,,
5525196,307,,
5525596,308,,
5525996,307,,
5526400,307,,
5526800,307,,
5527196,306,,
5527596,307,,
5528000,306,,
5528396,307,,
5528796,308,,
5529200,307,,
5529596,307,,
5529996,308,,
5530396,308,,
5530796,307,,
5531200,306,,
5531596,308,,
5531996,308,,
5532396,307,,
5532796,308,,
5533200,309,,
5533596,308,,
5533996,308,,
5534400,307,,
5534800,307,,
5535200,307,,
5535596,307,,
5535996,306,,
5536400,307,,
5536796,307,,
5537196,307,,
5537600,307,,
5538000,306,,
5538396,307,,
5538800,308,,
5539196,307,,
5539600,306,,
5540000,308,,
5540396,307,,
5540800,307,,
5541200,307,,
5541600,307,,
5542000,306,,
5542396,306,,
5542800,307,,
5543200,307,,
5543600,305,,
5544004,306,,
5544396,306,,
5544800,305,,
5545200,305,,
5545596,307,,
5545996,306,,
5546400,307,,
5546796,307,,
5547196,307,,
5547600,307,,
5548000,307,,
5548400,307,,
5548796,308,,
5549196,307,,
5549600,307,,
5549996,308,,
5550396,307,,
5550796,306,,
5551196,307,,
5551600,307,,
5551996,306,,
5552396,308,,
5552800,306,,
5553196,307,,
5553600,308,,
5553996,307,,
5554396,307,,
5554800,308,,
5555204,309,,
5555600,307,,
5555996,308,,
5556396,308,,
5556800,308,,
5557196,308,,
5557600,308,,
5557996,308,,
5558396,308,,
5558800,307,,
5559196,307,,
5559596,308,,
5559996,307,,
5560396,308,,
5560800,307,,
5561196,307,,
5561596,306,,
5562000,307,,
5562396,307,,
5562796,307,,
5563200,308,,
5563600,307,,
5563996,308,,
5564396,308,,
5564796,307,,
5565200,308,,
5565600,308,,
5565996,309,,
5566396,308,,
5566796,306,,
5567200,306,,
5567600,307,,
5567996,307,,
5568400,306,,
5568800,307,,
5569200,307,,
5569604,307,,
5569996,308,,
5570400,308,,
5570800,308,,
5571200,307,,
5571592,308,,
5572000,307,,
5572396,307,,
5572796,308,,
5573196,308,,
5573600,308,,
5574000,309,,
5574396,308,,
5574796,307,,
5575200,307,,
5575600,307,,
5576000,308,,
5576396,307,,
5576796,307,,
5577200,307,,
5577600,306,,
5578000,307,,
5578396,307,,
5578796,308,,
5579196,308,,
5579600,308,,
5579996,308,,
5580400,308,,
5580796,307,,
5581196,307,,
5581600,308,,
5582000,307,,
5582400,307,,
5582796,307,,
5583196,305,,
5583600,307,,
5584000,307,,
5584400,307,,
5584796,308,,
5585196,307,,
5585600,307,,
5586000,307,,
5586396,308,,
5586796,307,,
5587196,307,,
5587600,306,,
5587992,308,,
5588396,307,,
5588796,306,,
5589196,306,,
5589600,306,,
5589996,306,,
5590396,305,,
5590800,304,,
5591200,306,,
5591600,308,,
5591996,307,,
5592396,308,,
5592800,309,,
5593200,305,,
5593596,307,,
5593996,306,,
5594396,307,,
5594800,305,,
5595204,306,,
5595596,307,,
5595996,308,,
5596396,307,,
5596800,309,,
5597192,308,,
5597600,307,,
5598000,307,,
5598400,307,,
5598796,306,,
5599200,306,,
5599600,306,,
5599996,305,,
5600396,307,,
5600796,307,,
5601200,307,,
5601600,309,,
5601996,305,,
5602396,306,,
5602796,306,,
5603200,306,,
5603600,305,,
5603996,306,,
5604396,307,,
5604800,307,,
5605196,305,,
5605596,307,,
5606000,307,,
5606396,307,,
5606796,308,,
5607196,308,,
5607596,307,,
5608000,308,,
5608396,308,,
5608796,309,,
5609200,307,,
5609596,308,,
5610000,308,,
5610396,308,,
5610796,308,,
5611200,308,,
5611600,309,,
5612000,307,,
5612396,309,,
5612796,308,,
5613200,308,,
5613592,308,,
5614000,307,,
5614396,308,,
5614796,307,,
5615200,308,,
5615596,308,,
5615996,307,,
5616396,307,,
5616796,308,,
5617200,306,,
5617596,308,,
5617996,308,,
5618400,308,,
5618796,307,,
5619200,308,,
5619596,308,,
5619996,307,,
5620400,308,,
5620804,308,,
5621200,307,,
5621596,307,,
5621996,307,,
5622400,307,,
5622796,309,,
5623196,308,,
5623600,308,,
5624000,307,,
5624396,309,,
5624800,308,,
5625200,306,,
5625600,308,,
5626000,308,,
5626396,308,,
5626800,307,,
5627200,307,,
5627600,308,,
5628000,308,,
5628396,307,,
5628800,307,,
5629200,307,,
5629600,308,,
5629992,307,,
5630400,308,,
5630796,308,,
5631196,308,,
5631600,308,,
5632004,307,,
5632400,307,,
5632796,307,,
5633196,307,,
5633600,308,,
5634000,307,,
5634400,307,,
5634796,307,,
5635196,308,,
5635600,308,,
5635996,306,,
5636396,307,,
5636796,308,,
5637196,307,,
5637600,306,,
5637996,306,,
5638396,306,,
5638800,307,,
5639196,306,,
5639596,306,,
5640000,307,,
5640400,307,,
5640796,307,,
5641196,306,,
5641596,308,,
5642000,307,,
5642400,308,,
5642796,308,,
5643200,307,,
5643596,309,,
5644000,307,,
5644400,308,,
5644796,307,,
5645200,308,,
5645600,308,,
5646000,307,,
5646404,307,,
5646796,308,,
5647200,308,,
5647600,308,,
5648000,308,,
5648392,308,,
5648800,308,,
5649196,307,,
5649596,307,,
5650000,307,,
5650400,307,,
5650800,306,,
5651196,306,,
5651596,307,,
5652000,306,,
5652400,307,,
5652800,308,,
5653196,307,,
5653596,307,,
5654000,306,,
5654400,307,,
5654800,307,,
5655196,306,,
5655596,307,,
5655996,307,,
5656400,307,,
5656800,307,,
5657200,308,,
5657596,308,,
5657996,308,,
5658400,307,,
5658800,309,,
5659200,307,,
5659596,308,,
5659996,308,,
5660400,308,,
5660800,309,,
5661200,307,,
5661596,309,,
5661996,308,,
5662400,308,,
5662800,308,,
5663196,307,,
5663596,308,,
5663996,307,,
5664400,308,,
5664792,308,,
5665196,307,,
5665600,307,,
5665996,307,,
5666400,308,,
5666796,309,,
5667196,308,,
5667600,309,,
5668000,308,,
5668400,308,,
5668796,309,,
5669196,308,,
5669600,308,,
5670000,309,,
5670400,308,,
5670796,308,,
5671196,308,,
5671600,309,,
5672004,309,,
5672396,309,,
5672796,309,,
5673196,308,,
5673600,309,,
5673992,309,,
5674400,308,,
5674800,309,,
5675200,308,,
5675596,308,,
5676000,308,,
5676400,307,,
5676796,308,,
5677200,307,,
5677596,308,,
5678000,307,,
5678400,307,,
5678796,307,,
5679196,307,,
5679600,307,,
5680000,306,,
5680400,307,,
5680796,307,,
5681196,307,,
5681596,308,,
5681996,306,,
5682396,307,,
5682800,307,,
5683196,307,,
5683596,309,,
5683996,308,,
5684396,308,,
5684800,308,,
5685196,307,,
5685596,308,,
5686000,308,,
5686400,307,,
5686800,307,,
5687196,307,,
5687596,307,,
5688000,308,,
5688400,308,,
5688800,307,,
5689196,307,,
5689596,307,,
5690000,307,,
5690392,307,,
5690796,307,,
5691196,307,,
5691596,308,,
5692000,307,,
5692396,307,,
5692796,307,,
5693196,307,,
5693596,306,,
5694000,308,,
5694396,308,,
5694796,309,,
5695200,308,,
5695600,308,,
5696000,307,,
5696396,308,,
5696796,307,,
5697200,307,,
5697604,309,,
5698000,309,,
5698396,308,,
5698796,309,,
5699200,308,,
5699592,310,,
5699996,309,,
5700400,309,,
5700800,309,,
5701196,309,,
5701600,307,,
5702000,307,,
5702400,308,,
5702800,307,,
5703196,307,,
5703600,307,,
5704000,307,,
5704400,307,,
5704800,307,,
5705196,307,,
5705600,307,,
5706000,307,,
5706396,307,,
5706796,306,,
5707200,306,,
5707596,307,,
5707996,306,,
5708400,308,,
5708804,308,,
5709200,307,,
5709596,307,,
5709996,307,,
5710400,308,,
5710800,307,,
5711200,307,,
5711596,307,,
5711996,307,,
5712400,307,,
5712796,307,,
5713196,308,,
5713596,308,,
5713996,307,,
5714400,307,,
5714796,308,,
5715196,307,,
5715596,308,,
5715996,308,,
5716396,307,,
5716800,307,,
5717200,307,,
5717600,308,,
5717996,307,,
5718396,307,,
5718800,308,,
5719200,308,,
5719596,307,,
5719996,308,,
5720396,309,,
5720800,308,,
5721200,307,,
5721596,307,,
5722000,308,,
5722400,307,,
5722800,307,,
5723204,307,,
5723596,307,,
5724000,307,,
5724400,307,,
5724800,308,,
5725192,307,,
5725600,307,,
5725996,307,,
5726396,306,,
5726800,307,,
5727200,305,,
5727600,307,,
5727996,306,,
5728396,306,,
5728800,306,,
5729200,307,,
5729600,306,,
5729996,305,,
5730396,306,,
5730800,307,,
5731196,305,,
5731600,306,,
5731996,306,,
5732396,307,,
5732796,306,,
5733200,307,,
5733600,307,,
5734000,306,,
5734396,306,,
5734796,307,,
5735200,306,,
5735600,307,,
5736000,308,,
5736396,308,,
5736796,307,,
5737200,307,,
5737600,307,,
5737996,308,,
5738396,306,,
5738796,308,,
5739200,307,,
5739600,306,,
5739996,308,,
5740396,307,,
5740796,308,,
5741200,308,,
5741592,308,,
5741996,308,,
5742400,308,,
5742800,308,,
5743200,307,,
5743596,307,,
5743996,307,,
5744400,307,,
5744800,307,,
5745200,307,,
5745596,307,,
5745996,308,,
5746400,307,,
5746800,308,,
5747196,308,,
5747596,307,,
5747996,307,,
5748400,307,,
5748804,307,,
5749196,308,,
5749596,307,,
5749996,307,,
5750400,308,,
5750792,307,,
5751200,307,,
5751600,307,,
5752000,307,,
5752396,307,,
5752800,307,,
5753200,306,,
5753596,307,,
5753996,306,,
5754396,308,,
5754800,307,,
5755200,306,,
5755596,307,,
5755996,307,,
5756396,307,,
5756800,306,,
5757200,306,,
5757596,307,,
5757996,306,,
5758400,306,,
5758796,306,,
5759196,306,,
5759600,306,,
5759996,306,,
5760396,307,,
5760796,306,,
5761196,307,,
5761600,307,,
5761996,308,,
5762396,306,,
5762800,307,,
5763200,306,,
5763600,306,,
5763996,306,,
5764396,306,,
5764800,307,,
5765200,305,,
5765600,306,,
5765996,306,,
5766396,306,,
5766800,307,,
5767192,306,,
5767596,306,,
5767996,306,,
5768396,307,,
5768800,306,,
5769196,307,,
5769596,307,,
5770000,306,,
5770396,307,,
5770800,305,,
5771196,306,,
5771596,307,,
5772000,307,,
5772400,307,,
5772800,307,,
5773196,307,,
5773596,306,,
5774000,307,,
5774408,307,,
5774800,306,,
5775196,306,,
5775596,306,,
5776000,308,,
5776392,307,,
5776800,307,,
5777200,308,,
5777600,308,,
5777996,307,,
5778400,307,,
5778800,306,,
5779200,307,,
5779600,308,,
5779996,308,,
5780400,308,,
5780800,308,,
5781200,308,,
5781600,308,,
5781996,308,,
5782400,309,,
5782800,309,,
5783196,308,,
5783596,308,,
5784000,308,,
5784396,308,,
5784796,307,,
5785200,308,,
5785604,308,,
5786000,308,,
5786396,308,,
5786796,308,,
5787200,308,,
5787596,307,,
5788000,308,,
5788396,308,,
5788796,308,,
5789200,308,,
5789596,308,,
5789996,308,,
5790396,308,,
5790796,308,,
5791200,309,,
5791596,309,,
5791996,309,,
5792400,309,,
5792796,308,,
5793196,308,,
5793600,308,,
5794000,308,,
5794396,309,,
5794796,308,,
5795196,308,,
5795600,308,,
5796000,308,,
5796396,308,,
5796796,308,,
5797196,308,,
5797600,308,,
5798000,307,,
5798396,308,,
5798800,308,,
5799200,308,,
5799600,307,,
5800004,308,,
5800396,308,,
5800800,309,,
5801200,308,,
5801600,309,,
5801992,308,,
5802400,309,,
5802796,309,,
5803196,307,,
5803596,308,,
5804000,308,,
5804400,307,,
5804796,307,,
5805196,307,,
5805600,308,,
5806000,307,,
5806400,308,,
5806796,308,,
5807196,308,,
5807600,307,,
5807996,307,,
5808396,308,,
5808796,307,,
5809196,307,,
5809596,308,,
5810000,309,,
5810400,308,,
5810800,307,,
5811196,308,,
5811596,308,,
5812000,307,,
5812400,307,,
5812800,308,,
5813196,307,,
5813596,307,,
5814000,307,,
5814400,307,,
5814796,308,,
5815196,308,,
5815596,308,,
5816000,308,,
5816400,308,,
5816796,307,,
5817200,308,,
5817596,308,,
5818000,308,,
5818392,307,,
5818796,307,,
5819200,309,,
5819600,308,,
5820000,307,,
5820396,307,,
5820796,309,,
5821200,307,,
5821600,308,,
5822000,308,,
5822396,307,,
5822796,308,,
5823200,308,,
5823600,308,,
5823996,308,,
5824396,307,,
5824796,308,,
5825200,307,,
5825604,307,,
5825996,307,,
5826400,307,,
5826796,308,,
5827200,308,,
5827592,308,,
5828000,307,,
5828396,309,,
5828800,309,,
5829196,308,,
5829600,308,,
5830000,309,,
5830396,308,,
5830796,308,,
5831196,309,,
5831600,310,,
5832000,309,,
5832396,310,,
5832796,310,,
5833200,309,,
5833600,309,,
5834000,309,,
5834396,309,,
5834796,308,,
5835196,308,,
5835596,309,,
5835996,307,,
5836400,307,,
5836796,309,,
5837196,308,,
5837596,308,,
5837996,309,,
5838400,308,,
5838796,307,,
5839196,308,,
5839600,308,,
5840000,308,,
5840400,308,,
5840796,308,,
5841196,307,,
5841600,308,,
5842000,308,,
5842400,307,,
5842796,307,,
5843196,307,,
5843600,308,,
5843992,308,,
5844400,307,,
5844796,308,,
5845196,308,,
5845600,307,,
5845996,308,,
5846396,308,,
5846796,307,,
5847196,308,,
5847600,307,,
5847996,307,,
5848396,307,,
5848800,307,,
5849200,306,,
5849600,307,,
5849996,307,,
5850396,306,,
5850800,306,,
5851204,307,,
5851600,307,,
5851996,306,,
5852396,306,,
5852800,307,,
5853192,307,,
5853600,307,,
5854000,308,,
5854400,307,,
5854796,308,,
5855200,308,,
5855600,307,,
5856000,308,,
5856400,308,,
5856796,308,,
5857200,308,,
5857600,308,,
5857996,308,,
5858400,308,,
5858796,309,,
5859200,309,,
5859600,307,,
5859996,308,,
5860396,309,,
5860800,308,,
5861196,309,,
5861596,308,,
5862000,307,,
5862408,309,,
5862800,308,,
5863196,307,,
5863596,309,,
5864000,307,,
5864396,307,,
5864796,308,,
5865196,308,,
5865596,308,,
5866000,307,,
5866396,309,,
5866796,307,,
5867196,308,,
5867596,308,,
5868000,308,,
5868396,308,,
5868796,308,,
5869200,309,,
5869596,308,,
5869996,309,,
5870400,308,,
5870800,308,,
5871196,308,,
5871596,308,,
5871996,309,,
5872400,307,,
5872800,308,,
5873196,308,,
5873600,308,,
5873996,308,,
5874400,306,,
5874800,308,,
5875196,307,,
5875600,307,,
5876000,307,,
5876400,307,,
5876804,307,,
5877196,306,,
5877600,307,,
5878000,307,,
5878400,307,,
5878792,307,,
5879200,307,,
5879596,308,,
5879996,306,,
5880400,307,,
5880800,307,,
5881200,306,,
5881596,307,,
5881996,307,,
5882400,306,,
5882800,306,,
5883200,306,,
5883596,306,,
5883996,307,,
5884400,307,,
5884796,308,,
5885200,307,,
5885596,306,,
5885996,307,,
5886396,307,,
5886800,307,,
5887200,307,,
5887600,308,,
5887996,307,,
5888396,307,,
5888800,307,,
5889200,307,,
5889600,308,,
5889996,306,,
5890396,307,,
5890800,306,,
5891200,307,,
5891596,307,,
5891996,307,,
5892396,308,,
5892800,309,,
5893200,308,,
5893596,307,,
5894000,307,,
5894400,307,,
5894800,307,,
5895192,307,,
5895596,307,,
5896000,308,,
5896400,307,,
5896800,308,,
5897196,307,,
5897596,307,,
5898000,307,,
5898400,308,,
5898796,308,,
5899196,307,,
5899596,307,,
5900000,306,,
5900400,307,,
5900796,307,,
5901196,306,,
5901596,306,,
5902000,306,,
5902404,306,,
5902796,306,,
5903200,307,,
5903600,306,,
5904000,306,,
5904392,308,,
5904800,307,,
5905196,306,,
5905596,307,,
5905996,307,,
5906400,307,,
5906800,306,,
5907196,307,,
5907596,305,,
5907996,307,,
5908400,308,,
5908800,308,,
5909196,308,,
5909596,308,,
5910000,307,,
5910400,307,,
5910800,308,,
5911196,308,,
5911596,308,,
5911996,307,,
5912396,308,,
5912796,307,,
5913200,307,,
5913596,308,,
5913996,308,,
5914400,308,,
5914796,309,,
5915200,308,,
5915596,307,,
5915996,307,,
5916400,307,,
5916800,307,,
5917200,306,,
5917596,307,,
5917996,306,,
5918400,306,,
5918800,306,,
5919200,307,,
5919596,307,,
5919996,308,,
5920400,308,,
5920792,308,,
5921196,308,,
5921596,308,,
5921996,308,,
5922400,308,,
5922796,308,,
5923196,307,,
5923596,307,,
5923996,306,,
5924400,307,,
5924796,306,,
5925196,307,,
5925600,308,,
5926000,307,,
5926400,307,,
5926796,307,,
5927196,306,,
5927600,307,,
5928004,306,,
5928400,306,,
5928796,306,,
5929196,306,,
5929600,307,,
5929992,307,,
5930396,308,,
5930800,308,,
5931200,307,,
5931596,307,,
5932000,307,,
5932400,307,,
5932800,307,,
5933200,308,,
5933596,308,,
5934000,308,,
5934400,307,,
5934796,307,,
5935196,307,,
5935596,307,,
5936000,307,,
5936400,307,,
5936796,307,,
5937196,307,,
5937600,308,,
5937996,308,,
5938396,308,,
5938800,308,,
5939196,308,,
5939600,308,,
5939996,308,,
5940396,307,,
5940800,308,,
5941196,308,,
5941596,309,,
5941996,308,,
5942396,308,,
5942800,308,,
5943196,307,,
5943596,308,,
5944000,307,,
5944396,308,,
5944800,309,,
5945196,307,,
5945596,308,,
5946000,308,,
5946396,308,,
5946796,308,,
5947200,309,,
5947600,308,,
5947996,308,,
5948396,307,,
5948796,307,,
5949200,307,,
5949600,307,,
5949996,308,,
5950400,306,,
5950800,307,,
5951200,308,,
5951600,307,,
5951996,307,,
5952400,308,,
5952800,308,,
5953200,307,,
5953604,306,,
5953996,307,,
5954400,307,,
5954800,307,,
5955196,307,,
5955596,307,,
5956000,308,,
5956396,308,,
5956796,307,,
5957200,309,,
5957600,308,,
5958000,308,,
5958396,307,,
5958796,308,,
5959200,308,,
5959600,308,,
5960000,308,,
5960396,307,,
5960796,309,,
5961200,308,,
5961596,308,,
5961996,308,,
5962396,308,,
5962796,308,,
5963196,308,,
5963600,309,,
5964000,308,,
5964400,308,,
5964796,307,,
5965196,308,,
5965600,308,,
5966000,307,,
5966400,308,,
5966796,308,,
5967196,309,,
5967600,307,,
5968000,307,,
5968396,309,,
5968796,308,,
5969196,308,,
5969600,308,,
5970000,309,,
5970396,308,,
5970800,309,,
5971196,308,,
5971600,308,,
5971992,309,,
5972396,308,,
5972800,309,,
5973200,308,,
5973600,308,,
5973996,308,,
5974396,309,,
5974800,308,,
5975200,308,,
5975600,308,,
5975996,308,,
5976396,307,,
5976800,308,,
5977200,306,,
5977596,307,,
5978000,307,,
5978396,307,,
5978800,307,,
5979204,307,,
5979596,308,,
5980000,308,,
5980400,307,,
5980800,308,,
5981192,308,,
5981600,307,,
5981996,308,,
5982396,308,,
5982796,308,,
5983200,308,,
5983600,308,,
5983996,307,,
5984396,307,,
5984800,308,,
5985200,308,,
5985600,308,,
5985996,307,,
5986396,306,,
5986800,307,,
5987200,306,,
5987600,307,,
5987996,307,,
5988396,308,,
5988796,307,,
5989196,308,,
5989596,308,,
5990000,308,,
5990396,309,,
5990796,308,,
5991200,307,,
5991600,309,,
5992000,307,,
5992396,307,,
5992796,307,,
5993200,307,,
5993600,308,,
5994000,308,,
5994396,309,,
5994796,307,,
5995200,308,,
5995600,307,,
5996000,307,,
5996396,307,,
5996796,307,,
5997200,307,,
5997592,308,,
5997996,307,,
5998396,308,,
5998796,308,,
5999200,308,,
5999596,308,,
5999996,307,,
6000400,307,,
6000796,307,,
6001200,306,,
6001596,306,,
6001996,307,,
6002400,307,,
6002800,307,,
6003200,306,,
6003596,306,,
6003996,307,,
6004400,307,,
6004804,307,,
6005200,306,,
6005596,306,,
6005996,306,,
6006400,307,,
6006792,307,,
6007200,307,,
6007600,307,,
6008000,308,,
6008396,307,,
6008800,309,,
6009200,308,,
6009600,308,,
6010000,309,,
6010396,308,,
6010800,308,,
6011200,308,,
6011596,309,,
6012000,307,,
6012396,307,,
6012800,307,,
6013200,308,,
6013596,307,,
6013996,307,,
6014400,307,,
6014796,307,,
6015196,308,,
6015600,308,,
6016004,308,,
6016400,306,,
6016796,307,,
6017196,307,,
6017600,308,,
6017996,307,,
6018396,309,,
6018796,309,,
6019196,307,,
6019600,309,,
6019996,309,,
6020396,309,,
6020800,308,,
6021200,310,,
6021600,310,,
6021996,309,,
6022396,308,,
6022800,309,,
6023196,308,,
6023596,308,,
6024000,308,,
6024400,308,,
6024796,308,,
6025200,308,,
6025596,307,,
6026000,307,,
6026400,308,,
6026796,307,,
6027200,305,,
6027600,306,,
6028000,306,,
6028400,305,,
6028796,305,,
6029200,306,,
6029600,306,,
6030000,305,,
6030404,306,,
6030796,305,,
6031200,304,,
6031600,306,,
6031996,306,,
6032396,306,,
6032800,307,,
6033196,306,,
6033596,306,,
6034000,307,,
6034400,307,,
6034800,307,,
6035196,306,,
6035596,306,,
6036000,307,,
6036396,306,,
6036800,306,,
6037196,307,,
6037596,306,,
6038000,306,,
6038396,306,,
6038796,307,,
6039196,307,,
6039596,306,,
6039996,307,,
6040400,307,,
6040800,307,,
6041200,307,,
6041596,308,,
6041996,307,,
6042400,308,,
6042800,308,,
6043196,307,,
6043596,307,,
6043996,307,,
6044400,307,,
6044800,306,,
6045196,307,,
6045596,307,,
6045996,307,,
6046400,307,,
6046800,307,,
6047196,307,,
6047600,307,,
6048000,307,,
6048400,307,,
6048792,307,,
6049196,307,,
6049600,306,,
6050000,307,,
6050400,307,,
6050796,307,,
6051196,307,,
6051600,307,,
6052000,307,,
6052400,307,,
6052796,307,,
6053196,307,,
6053600,307,,
6054000,306,,
6054396,306,,
6054796,307,,
6055196,305,,
6055600,306,,
6056004,307,,
6056396,307,,
6056800,307,,
6057196,308,,
6057600,307,,
6057992,308,,
6058400,307,,
6058796,308,,
6059200,308,,
6059596,308,,
6060000,309,,
6060400,308,,
6060796,308,,
6061196,308,,
6061596,307,,
6062000,307,,
6062400,308,,
6062796,308,,
6063196,307,,
6063600,307,,
6064000,307,,
6064400,307,,
6064796,307,,
6065196,306,,
6065596,307,,
6066000,305,,
6066396,306,,
6066800,307,,
6067196,306,,
6067596,307,,
6068000,306,,
6068400,306,,
6068800,307,,
6069196,307,,
6069596,306,,
6070000,307,,
6070400,307,,
6070800,308,,
6071196,308,,
6071596,307,,
6072000,308,,
6072400,307,,
6072796,307,,
6073196,307,,
6073596,307,,
6074000,307,,
6074392,308,,
6074796,308,,
6075196,307,,
6075596,308,,
6076000,307,,
6076396,307,,
6076796,307,,
6077200,306,,
6077600,306,,
6078000,306,,
6078396,306,,
6078796,306,,
6079200,307,,
6079600,307,,
6080000,306,,
6080396,307,,
6080796,306,,
6081200,307,,
6081604,307,,
6081996,308,,
6082396,307,,
6082796,307,,
6083200,306,,
6083592,307,,
6084000,309,,
6084400,307,,
6084800,308,,
6085196,308,,
6085600,307,,
6086000,308,,
6086400,308,,
6086800,309,,
6087196,308,,
6087600,309,,
6088000,309,,
6088396,309,,
6088796,309,,
6089196,308,,
6089600,308,,
6090000,307,,
6090396,307,,
6090796,307,,
6091200,307,,
6091596,307,,
6091996,307,,
6092400,307,,
6092796,307,,
6093200,307,,
6093596,308,,
6093996,308,,
6094400,308,,
6094796,309,,
6095196,308,,
6095596,308,,
6095996,307,,
6096400,307,,
6096796,308,,
6097196,308,,
6097600,308,,
6097996,308,,
6098400,308,,
6098796,308,,
6099196,307,,
6099600,307,,
6099996,308,,
6100396,308,,
6100800,308,,
6101200,308,,
6101596,308,,
6101996,307,,
6102396,307,,
6102800,307,,
6103200,306,,
6103596,306,,
6104000,306,,
6104400,306,,
6104800,307,,
6105200,307,,
6105596,306,,
6106000,306,,
6106400,306,,
6106796,306,,
6107204,306,,
6107596,305,,
6108000,305,,
6108400,306,,
6108796,306,,
6109196,306,,
6109600,307,,
6109996,306,,
6110396,306,,
6110800,307,,
6111200,308,,
6111600,307,,
6111996,308,,
6112396,307,,
6112800,308,,
6113196,308,,
6113596,308,,
6113996,307,,
6114396,308,,
6114800,308,,
6115196,307,,
6115596,307,,
6115996,308,,
6116396,307,,
6116796,307,,
6117200,306,,
6117600,306,,
6118000,307,,
6118396,306,,
6118796,306,,
6119200,306,,
6119600,306,,
6119996,306,,
6120396,306,,
6120796,307,,
6121200,307,,
6121600,307,,
6121996,307,,
6122400,307,,
6122796,307,,
6123200,307,,
6123600,306,,
6123996,307,,
6124400,307,,
6124800,307,,
6125200,307,,
6125592,307,,
6125996,308,,
6126400,308,,
6126800,308,,
6127200,308,,
6127596,308,,
6127996,308,,
6128400,307,,
6128800,308,,
6129196,309,,
6129596,307,,
6129996,307,,
6130400,309,,
6130800,310,,
6131196,307,,
6131596,307,,
6131996,307,,
6132400,309,,
6132804,308,,
6133196,306,,
6133600,307,,
6134000,306,,
6134400,306,,
6134792,307,,
6135200,306,,
6135596,307,,
6135996,308,,
6136396,308,,
6136800,307,,
6137200,308,,
6137596,307,,
6137996,307,,
6138396,307,,
6138800,308,,
6139200,308,,
6139596,308,,
6139996,306,,
6140400,307,,
6140800,307,,
6141200,308,,
6141596,308,,
6141996,308,,
6142396,307,,
6142796,306,,
6143196,306,,
6143600,307,,
6143996,307,,
6144396,306,,
6144800,306,,
6145196,306,,
6145600,306,,
6145996,306,,
6146396,307,,
6146800,307,,
6147200,307,,
6147600,307,,
6147996,307,,
6148396,306,,
6148800,306,,
6149200,306,,
6149596,305,,
6149996,305,,
6150396,305,,
6150800,305,,
6151192,306,,
6151596,306,,
6152000,306,,
6152396,306,,
6152800,307,,
6153196,306,,
6153596,307,,
6154000,306,,
6154400,307,,
6154800,306,,
6155196,307,,
6155596,307,,
6156000,306,,
6156400,306,,
6156800,306,,
6157196,306,,
6157596,307,,
6158000,306,,
6158404,306,,
6158796,307,,
6159196,306,,
6159596,306,,
6160000,306,,
6160392,307,,
6160800,307,,
6161200,307,,
6161600,307,,
6161996,307,,
6162400,307,,
6162800,308,,
6163196,308,,
6163600,309,,
6163996,308,,
6164400,307,,
6164800,308,,
6165196,307,,
6165596,307,,
6165996,308,,
6166400,308,,
6166800,308,,
6167196,308,,
6167596,308,,
6168000,308,,
6168396,308,,
6168796,308,,
6169200,307,,
6169596,307,,
6169996,308,,
6170396,307,,
6170796,307,,
6171200,308,,
6171596,307,,
6171996,307,,
6172396,307,,
6172796,308,,
6173200,307,,
6173596,306,,
6173996,308,,
6174400,308,,
6174800,307,,
6175200,308,,
6175596,307,,
6175996,306,,
6176400,308,,
6176796,308,,
6177196,307,,
6177600,308,,
6178000,307,,
6178396,309,,
6178800,308,,
6179196,308,,
6179600,308,,
6180000,307,,
6180396,308,,
6180800,307,,
6181200,307,,
6181600,307,,
6182000,307,,
6182396,308,,
6182800,307,,
6183200,307,,
6183600,308,,
6184004,308,,
6184396,307,,
6184800,309,,
6185200,307,,
6185596,309,,
6185996,308,,
6186400,308,,
6186796,308,,
6187196,307,,
6187600,308,,
6188000,309,,
6188400,309,,
6188796,308,,
6189196,308,,
6189600,309,,
6190000,308,,
6190396,309,,
6190796,309,,
6191196,310,,
6191600,309,,
6191996,309,,
6192396,308,,
6192800,307,,
6193196,307,,
6193596,306,,
6194000,307,,
6194400,306,,
6194796,305,,
6195196,305,,
6195596,305,,
6196000,306,,
6196400,305,,
6196796,305,,
6197196,306,,
6197596,306,,
6198000,305,,
6198400,306,,
6198796,306,,
6199200,306,,
6199600,307,,
6200000,306,,
6200400,307,,
6200796,307,,
6201200,307,,
6201600,308,,
6202000,307,,
6202392,308,,
6202796,307,,
6203200,307,,
6203600,306,,
6204000,306,,
6204396,307,,
6204796,307,,
6205200,309,,
6205600,309,,
6205996,308,,
6206396,307,,
6206796,308,,
6207200,307,,
6207600,308,,
6207996,307,,
6208400,307,,
6208796,307,,
6209200,307,,
6209604,307,,
6209996,308,,
6210400,307,,
6210800,307,,
6211200,306,,
6211592,307,,
6212000,307,,
6212396,308,,
6212796,308,,
6213196,306,,
6213600,308,,
6214000,308,,
6214396,307,,
6214796,309,,
6215200,309,,
6215600,307,,
6216000,303,,
6216396,308,,
6216796,312,,
6217200,304,,
6217600,306,,
6218000,306,,
6218396,319,,
6218796,292,,
6219196,312,,
6219596,306,,
6219996,298,,
6220400,308,,
6220796,301,,
6221196,295,,
6221600,316,,
6222000,313,,
6222400,295,,
6222796,310,,
6223196,302,,
6223600,309,,
6224000,310,,
6224400,310,,
6224796,299,,
6225196,305,,
6225600,300,,
6226000,315,,
6226396,305,,
6226796,310,,
6227196,303,,
6227600,304,,
6227992,311,,
6228396,309,,
6228796,300,,
6229196,306,,
6229600,307,,
6229996,314,,
6230396,309,,
6230800,306,,
6231200,304,,
6231600,301,,
6231996,306,,
6232396,317,,
6232800,302,,
6233200,305,,
6233596,306,,
6233996,306,,
6234396,304,,
6234800,316,,
6235204,304,,
6235596,315,,
6235996,301,,
6236396,309,,
6236800,308,,
6237192,304,,
6237600,303,,
6238000,307,,
6238400,305,,
6238796,310,,
6239200,315,,
6239600,296,,
6239996,305,,
6240396,298,,
6240796,319,,
6241200,307,,
6241600,305,,
6241996,308,,
6242396,300,,
6242796,308,,
6243200,305,,
6243600,305,,
6243996,302,,
6244396,314,,
6244800,304,,
6245196,303,,
6245596,308,,
6246000,303,,
6246396,312,,
6246796,308,,
6247196,310,,
6247596,299,,
6248000,301,,
6248396,305,,
6248796,308,,
6249200,302,,
6249596,305,,
6250000,304,,
6250396,301,,
6250796,300,,
6251200,287,,
6251600,290,,
6252000,259,,
6252396,344,,
6252796,268,,
6253200,1013,,
6253596,0,,6253232
6254000,235,,
6254400,440,,
6254796,93,,
6255200,174,,
6255600,75,,
6256000,219,,
6256396,124,,
6256800,200,,
6257200,200,,
6257596,187,,
6258000,145,,
6258400,198,,
6258800,229,,
6259196,168,,
6259600,230,,
6260000,213,,
6260396,185,,
6260808,225,,
6261200,203,,
6261596,224,,
6261996,240,,
6262400,207,,
6262796,231,,
6263200,219,,
6263596,233,,
6264000,179,,
6264400,128,,
6264796,217,,
6265200,217,,
6265600,234,,
6266000,258,,
6266396,281,,
6266800,280,,
6267200,224,,
6267596,245,,
6268000,254,,
6268400,256,,
6268796,240,,
6269196,223,,
6269600,251,,
6269996,235,,
6270400,233,,
6270796,256,,
6271200,264,,
6271600,269,,
6271996,245,,
6272400,277,,
6272800,271,,
6273200,293,,
6273596,272,,
6274000,263,,
6274400,284,,
6274796,262,,
6275196,273,,
6275600,275,,
6276000,287,,
6276396,294,,
6276800,294,,
6277200,289,,
6277596,296,,
6278000,285,,
6278400,301,,
6278800,283,,
6279192,339,,
6279600,307,,
6280000,283,,
6280396,310,,
6280800,255,,
6281200,294,,
6281600,301,,
6281996,321,,
6282400,291,,
6282800,284,,
6283196,301,,
6283600,280,,
6284000,293,,
6284396,308,,
6284800,290,,
6285200,281,,
6285600,299,,
6285996,305,,
6286408,299,,
6286800,309,,
6287196,314,,
6287600,300,,
6288000,303,,
6288396,306,,
6288800,298,,
6289196,324,,
6289600,303,,
6290000,292,,
6290396,292,,
6290800,308,,
6291200,295,,
6291600,312,,
6291996,321,,
6292400,319,,
6292800,302,,
6293196,321,,
6293600,311,,
6294000,304,,
6294396,313,,
6294796,302,,
6295200,293,,
6295596,313,,
6296000,311,,
6296396,303,,
6296800,310,,
6297200,309,,
6297596,299,,
6298000,318,,
6298400,312,,
6298800,306,,
6299196,301,,
6299600,309,,
6300000,307,,
6300396,305,,
6300800,297,,
6301200,314,,
6301596,315,,
6301996,314,,
6302400,319,,
6302800,300,,
6303196,308,,
6303600,314,,
6304000,309,,
6304396,304,,
6304796,303,,
6305200,306,,
6305600,313,,
6306000,306,,
6306396,314,,
6306800,311,,
6307200,312,,
6307600,314,,
6307996,314,,
6308400,311,,
6308800,313,,
6309196,308,,
6309600,312,,
6310000,311,,
6310400,306,,
6310796,314,,
6311200,308,,
6311600,307,,
6312004,305,,
6312400,307,,
6312800,307,,
6313200,311,,
6313596,315,,
6313996,307,,
6314400,306,,
6314800,309,,
6315196,319,,
6315600,311,,
6316000,311,,
6316400,308,,
6316796,310,,
6317200,322,,
6317600,316,,
6317996,304,,
6318400,315,,
6318800,317,,
6319200,315,,
6319596,313,,
6320000,312,,
6320400,313,,
6320796,305,,
6321196,311,,
6321600,310,,
6321996,308,,
6322396,306,,
6322800,316,,
6323200,309,,
6323596,310,,
6324000,307,,
6324400,317,,
6324796,306,,
6325200,307,,
6325600,316,,
6326000,314,,
6326396,311,,
6326800,315,,
6327200,308,,
6327596,317,,
6328000,313,,
6328400,309,,
6328800,311,,
6329196,313,,
6329600,315,,
6330000,313,,
6330392,312,,
6330800,308,,
6331200,308,,
6331600,311,,
6331996,309,,
6332400,307,,
6332800,305,,
6333200,309,,
6333596,307,,
6334000,310,,
6334400,312,,
6334800,316,,
6335196,315,,
6335600,307,,
6336000,310,,
6336396,306,,
6336800,305,,
6337200,308,,
6337604,308,,
6338000,306,,
6338400,310,,
6338800,310,,
6339196,309,,
6339596,313,,
6340000,311,,
6340400,307,,
6340796,307,,
6341200,312,,
6341600,311,,
6342000,309,,
6342396,310,,
6342800,314,,
6343200,310,,
6343596,311,,
6344000,312,,
6344400,311,,
6344800,311,,
6345196,310,,
6345600,314,,
6346000,313,,
6346396,312,,
6346796,312,,
6347200,310,,
6347596,309,,
6347996,309,,
6348400,312,,
6348800,310,,
6349196,309,,
6349600,312,,
6350000,311,,
6350396,312,,
6350800,311,,
6351200,316,,
6351600,311,,
6351996,312,,
6352400,312,,
6352800,310,,
6353196,310,,
6353600,312,,
6354000,311,,
6354400,311,,
6354796,315,,
6355200,309,,
6355600,311,,
6355992,311,,
6356400,313,,
6356800,308,,
6357200,311,,
6357596,312,,
6358000,310,,
6358400,310,,
6358800,312,,
6359196,314,,
6359600,310,,
6360000,311,,
6360396,314,,
6360800,314,,
6361200,311,,
6361600,311,,
6361996,312,,
6362400,312,,
6362800,309,,
6363204,311,,
6363596,310,,
6364000,312,,
6364400,310,,
6364796,312,,
6365196,313,,
6365600,312,,
6366000,311,,
6366396,312,,
6366800,311,,
6367200,310,,
6367600,307,,
6367996,310,,
6368400,310,,
6368800,309,,
6369196,310,,
6369600,311,,
6370000,311,,
6370400,311,,
6370796,311,,
6371200,314,,
6371600,312,,
6371996,312,,
6372396,311,,
6372800,309,,
6373196,309,,
6373596,307,,
6374000,311,,
6374400,312,,
6374796,309,,
6375200,311,,
6375600,312,,
6375996,311,,
6376400,309,,
6376800,309,,
6377200,310,,
6377596,309,,
6378000,309,,
6378400,311,,
6378796,310,,
6379200,313,,
6379600,311,,
6380000,310,,
6380396,312,,
6380800,311,,
6381200,312,,
6381592,311,,
6382000,312,,
6382400,312,,
6382800,310,,
6383196,310,,
6383600,310,,
6384000,310,,
6384400,308,,
6384796,308,,
6385200,310,,
6385600,308,,
6385996,309,,
6386400,311,,
6386800,311,,
6387200,310,,
6387596,311,,
6388000,311,,
6388400,311,,
6388804,311,,
6389200,311,,
6389600,311,,
6390000,311,,
6390396,312,,
6390796,312,,
6391200,310,,
6391600,310,,
6391996,311,,
6392400,310,,
6392800,311,,
6393200,310,,
6393596,311,,
6394000,311,,
6394400,310,,
6394796,310,,
6395200,310,,
6395600,310,,
6396000,311,,
6396396,311,,
6396800,312,,
6397200,312,,
6397596,311,,
6397996,312,,
6398400,311,,
6398796,310,,
6399200,311,,
6399600,310,,
6400000,310,,
6400396,310,,
6400800,310,,
6401200,311,,
6401596,312,,
6402000,310,,
6402400,310,,
6402800,311,,
6403196,312,,
6403600,310,,
6404000,310,,
6404396,309,,
6404800,309,,
6405200,309,,
6405600,309,,
6405996,310,,
6406400,310,,
6406800,311,,
6407192,311,,
6407600,311,,
6408000,311,,
6408400,312,,
6408796,311,,
6409200,311,,
6409600,310,,
6410000,309,,
6410396,310,,
6410800,310,,
6411200,310,,
6411600,311,,
6411996,311,,
6412400,310,,
6412800,311,,
6413196,311,,
6413600,312,,
6414000,310,,
6414404,310,,
6414796,311,,
6415200,310,,
6415600,311,,
6415996,311,,
6416396,312,,
6416800,311,,
6417200,311,,
6417596,311,,
6418000,310,,
6418400,311,,
6418800,310,,
6419196,311,,
6419600,311,,
6420000,310,,
6420396,310,,
6420800,311,,
6421200,311,,
6421600,310,,
6421996,311,,
6422400,311,,
6422800,311,,
6423196,313,,
6423596,312,,
6424000,312,,
6424396,312,,
6424796,312,,
6425200,312,,
6425600,312,,
6425996,311,,
6426400,312,,
6426800,311,,
6427196,311,,
6427600,313,,
6428000,313,,
6428400,312,,
6428796,312,,
6429200,313,,
6429600,313,,
6429996,312,,
6430400,312,,
6430800,310,,
6431200,311,,
6431596,311,,
6432000,311,,
6432400,312,,
6432792,312,,
6433200,311,,
6433600,312,,
6434000,311,,
6434396,311,,
6434800,311,,
6435200,311,,
6435600,311,,
6435996,311,,
6436400,311,,
6436800,311,,
6437196,311,,
6437600,311,,
6438000,312,,
6438400,313,,
6438796,312,,
6439200,312,,
6439600,313,,
6440004,312,,
6440400,312,,
6440800,312,,
6441200,312,,
6441596,313,,
6441996,312,,
6442400,312,,
6442800,310,,
6443196,310,,
6443600,311,,
6444000,310,,
6444400,312,,
6444796,310,,
6445200,311,,
6445600,311,,
6445996,310,,
6446400,311,,
6446800,310,,
6447200,310,,
6447596,310,,
6448000,310,,
6448400,310,,
6448796,311,,
6449196,311,,
6449600,311,,
6449996,312,,
6450396,311,,
6450800,311,,
6451200,312,,
6451596,311,,
6452000,311,,
6452400,311,,
6452800,311,,
6453196,311,,
6453596,311,,
6454000,311,,
6454400,311,,
6454796,310,,
6455196,311,,
6455596,309,,
6456000,310,,
6456400,310,,
6456796,309,,
6457196,311,,
6457596,309,,
6458000,311,,
6458392,311,,
6458796,310,,
6459200,312,,
6459600,310,,
6460000,311,,
6460396,312,,
6460796,311,,
6461200,311,,
6461600,311,,
6462000,310,,
6462396,310,,
6462796,311,,
6463200,311,,
6463600,311,,
6464000,311,,
6464396,311,,
6464796,311,,
6465200,311,,
6465604,311,,
6465996,312,,
6466396,311,,
6466796,311,,
6467200,311,,
6467592,310,,
6468000,311,,
6468400,311,,
6468800,310,,
6469196,310,,
6469600,309,,
6470000,311,,
6470396,309,,
6470800,310,,
6471196,309,,
6471600,309,,
6472000,311,,
6472396,309,,
6472796,311,,
6473196,309,,
6473600,310,,
6474000,310,,
6474396,309,,
6474796,311,,
6475200,311,,
6475596,310,,
6475996,311,,
6476400,309,,
6476796,311,,
6477196,310,,
6477596,310,,
6477996,309,,
6478400,309,,
6478796,309,,
6479196,311,,
6479596,311,,
6479996,310,,
6480400,310,,
6480796,309,,
6481196,310,,
6481600,309,,
6482000,309,,
6482400,309,,
6482796,309,,
6483196,309,,
6483600,309,,
6483996,309,,
6484396,309,,
6484800,309,,
6485200,309,,
6485596,310,,
6486000,310,,
6486396,309,,
6486800,309,,
6487200,310,,
6487596,310,,
6488000,312,,
6488400,311,,
6488800,310,,
6489200,311,,
6489596,312,,
6490000,312,,
6490400,312,,
6490796,312,,
6491204,311,,
6491596,312,,
6492000,312,,
6492400,311,,
6492796,312,,
6493196,310,,
6493600,311,,
6493996,311,,
6494396,310,,
6494800,311,,
6495196,312,,
6495600,310,,
6495996,311,,
6496396,310,,
6496800,310,,
6497196,310,,
6497596,310,,
6497996,310,,
6498396,310,,
6498800,310,,
6499196,311,,
6499596,311,,
6500000,311,,
6500396,311,,
6500800,311,,
6501196,311,,
6501596,310,,
6502000,310,,
6502404,309,,
6502800,309,,
6503196,309,,
6503596,309,,
6504000,309,,
6504396,310,,
6504800,309,,
6505196,310,,
6505596,310,,
6506000,310,,
6506396,310,,
6506796,311,,
6507196,310,,
6507596,310,,
6508000,310,,
6508396,309,,
6508796,310,,
6509200,310,,
6509596,311,,
6509996,310,,
6510400,309,,
6510800,309,,
6511196,310,,
6511596,310,,
6511996,310,,
6512400,311,,
6512800,311,,
6513196,310,,
6513596,310,,
6513996,310,,
6514400,311,,
6514800,311,,
6515196,310,,
6515600,311,,
6516000,310,,
6516400,310,,
6516804,309,,
6517196,309,,
6517600,310,,
6518000,308,,
6518400,309,,
6518792,310,,
6519200,310,,
6519596,310,,
6519996,309,,
6520396,310,,
6520800,310,,
6521200,310,,
6521596,310,,
6521996,310,,
6522400,310,,
6522800,310,,
6523200,311,,
6523596,311,,
6523996,310,,
6524400,309,,
6524800,308,,
6525200,309,,
6525596,309,,
6525996,310,,
6526396,311,,
6526800,310,,
6527196,312,,
6527600,311,,
6527996,311,,
6528396,311,,
6528800,311,,
6529200,311,,
6529600,310,,
6529996,310,,
6530396,311,,
6530800,310,,
6531200,311,,
6531596,310,,
6531996,310,,
6532396,310,,
6532800,309,,
6533200,309,,
6533596,310,,
6534000,309,,
6534396,310,,
6534800,310,,
6535192,311,,
6535596,311,,
6536000,311,,
6536400,311,,
6536800,310,,
6537196,311,,
6537596,310,,
6538000,310,,
6538400,311,,
6538800,311,,
6539196,311,,
6539596,311,,
6540000,311,,
6540400,312,,
6540796,312,,
6541196,311,,
6541596,311,,
6542000,311,,
6542404,311,,
6542796,311,,
6543196,311,,
6543596,310,,
6544000,310,,
6544392,311,,
6544800,310,,
6545200,310,,
6545600,309,,
6545996,309,,
6546400,308,,
6546800,309,,
6547196,308,,
6547596,309,,
6547996,309,,
6548400,308,,
6548800,308,,
6549196,309,,
6549596,309,,
6549996,308,,
6550400,308,,
6550800,309,,
6551196,308,,
6551596,308,,
6552000,309,,
6552396,308,,
6552796,309,,
6553200,309,,
6553596,308,,
6553996,309,,
6554396,310,,
6554796,309,,
6555200,309,,
6555596,309,,
6555996,309,,
6556400,308,,
6556796,309,,
6557200,308,,
6557596,308,,
6557996,309,,
6558400,308,,
6558800,308,,
6559200,309,,
6559596,308,,
6559996,309,,
6560400,310,,
6560792,308,,
6561200,307,,
6561596,308,,
6561996,309,,
6562400,308,,
6562796,309,,
6563196,309,,
6563596,309,,
6563996,307,,
6564400,309,,
6564796,309,,
6565196,309,,
6565600,309,,
6565996,309,,
6566400,310,,
6566796,310,,
6567196,310,,
6567600,309,,
6568004,310,,
6568400,309,,
6568796,309,,
6569196,310,,
6569600,309,,
6569996,309,,
6570396,311,,
6570800,308,,
6571200,309,,
6571596,309,,
6572000,308,,
6572400,309,,
6572800,309,,
6573200,308,,
6573596,309,,
6574000,309,,
6574400,309,,
6574796,310,,
6575200,309,,
6575596,309,,
6576000,310,,
6576400,309,,
6576796,308,,
6577196,309,,
6577600,308,,
6577996,309,,
6578396,309,,
6578800,309,,
6579204,310,,
6579600,308,,
6579996,310,,
6580396,309,,
6580800,310,,
6581196,310,,
6581596,311,,
6581996,310,,
6582396,309,,
6582800,311,,
6583196,309,,
6583596,310,,
6583996,310,,
6584396,310,,
6584800,310,,
6585196,309,,
6585596,310,,
6586000,310,,
6586396,309,,
6586796,310,,
6587200,310,,
6587600,309,,
6587996,309,,
6588396,310,,
6588796,308,,
6589200,311,,
6589600,308,,
6589996,311,,
6590400,311,,
6590796,309,,
6591200,311,,
6591600,310,,
6591996,310,,
6592400,309,,
6592800,310,,
6593200,310,,
6593604,309,,
6593996,309,,
6594400,310,,
6594800,310,,
6595200,310,,
6595592,310,,
6596000,309,,
6596396,309,,
6596796,310,,
6597200,310,,
6597600,310,,
6598000,310,,
6598396,310,,
6598796,309,,
6599200,310,,
6599600,310,,
6600000,310,,
6600396,310,,
6600796,310,,
6601200,309,,
6601600,310,,
6602000,309,,
6602396,309,,
6602796,310,,
6603196,309,,
6603600,309,,
6604000,309,,
6604400,310,,
6604796,310,,
6605196,309,,
6605600,311,,
6606000,309,,
6606400,308,,
6606796,309,,
6607196,308,,
6607600,309,,
6608000,309,,
6608400,310,,
6608796,310,,
6609196,310,,
6609600,310,,
6610000,310,,
6610396,310,,
6610796,310,,
6611196,311,,
6611600,311,,
6611992,311,,
6612396,309,,
6612800,310,,
6613196,310,,
6613600,310,,
6613996,310,,
6614396,310,,
6614800,309,,
6615200,310,,
6615600,311,,
6615996,311,,
6616396,310,,
6616800,310,,
6617200,310,,
6617596,309,,
6617996,309,,
6618396,309,,
6618800,308,,
6619204,309,,
6619596,310,,
6620000,310,,
6620396,309,,
6620800,310,,
6621192,309,,
6621600,310,,
6621996,309,,
6622400,310,,
6622796,310,,
6623200,310,,
6623600,311,,
6623996,310,,
6624396,311,,
6624796,310,,
6625200,311,,
6625600,311,,
6625996,311,,
6626396,310,,
6626800,310,,
6627200,309,,
6627600,310,,
6627996,309,,
6628396,309,,
6628796,310,,
6629196,310,,
6629596,309,,
6630000,309,,
6630396,310,,
6630796,309,,
6631196,309,,
6631596,310,,
6632000,310,,
6632396,309,,
6632796,310,,
6633200,310,,
6633600,309,,
6634000,309,,
6634396,310,,
6634796,309,,
6635200,310,,
6635600,309,,
6636000,310,,
6636396,310,,
6636796,310,,
6637200,310,,
6637592,311,,
6637996,311,,
6638396,311,,
6638796,311,,
6639200,311,,
6639596,311,,
6639996,311,,
6640396,312,,
6640796,310,,
6641200,310,,
6641596,311,,
6641996,311,,
6642400,311,,
6642800,310,,
6643200,310,,
6643596,310,,
6643996,310,,
6644400,310,,
6644804,309,,
6645200,310,,
6645596,309,,
6645996,309,,
6646400,310,,
6646792,310,,
6647196,310,,
6647600,311,,
6648000,310,,
6648396,309,,
6648800,310,,
6649200,310,,
6649600,311,,
6650000,310,,
6650396,309,,
6650800,310,,
6651200,311,,
6651600,310,,
6652000,311,,
6652396,311,,
6652800,311,,
6653200,310,,
6653596,310,,
6653996,310,,
6654400,309,,
6654796,310,,
6655196,311,,
6655600,310,,
6656004,310,,
6656400,309,,
6656796,309,,
6657196,308,,
6657600,309,,
6658000,309,,
6658400,309,,
6658796,310,,
6659196,309,,
6659600,309,,
6659996,310,,
6660396,310,,
6660800,310,,
6661196,310,,
6661600,310,,
6661996,310,,
6662396,309,,
6662800,310,,
6663196,310,,
6663596,310,,
6664000,310,,
6664400,310,,
6664796,309,,
6665196,310,,
6665596,310,,
6666000,309,,
6666400,310,,
6666796,309,,
6667200,309,,
6667600,310,,
6668000,309,,
6668400,309,,
6668796,310,,
6669200,309,,
6669600,310,,
6670000,310,,
6670404,309,,
6670796,310,,
6671200,310,,
6671600,309,,
6672000,310,,
6672392,309,,
6672800,309,,
6673196,309,,
6673596,308,,
6674000,309,,
6674400,309,,
6674800,309,,
6675196,310,,
6675596,309,,
6676000,309,,
6676400,309,,
6676800,308,,
6677196,309,,
6677596,309,,
6678000,309,,
6678396,309,,
6678800,309,,
6679196,309,,
6679596,310,,
6679996,310,,
6680400,309,,
6680800,310,,
6681200,309,,
6681596,309,,
6681996,308,,
6682400,308,,
6682800,308,,
6683200,308,,
6683596,308,,
6683996,308,,
6684400,308,,
6684800,308,,
6685196,309,,
6685596,308,,
6685996,308,,
6686400,309,,
6686800,307,,
6687196,309,,
6687596,307,,
6687996,308,,
6688400,309,,
6688792,309,,
6689196,309,,
6689600,309,,
6690000,309,,
6690400,310,,
6690796,310,,
6691196,309,,
6691600,310,,
6692000,310,,
6692400,310,,
6692796,310,,
6693196,310,,
6693600,310,,
6694000,309,,
6694396,309,,
6694796,309,,
6695196,309,,
6695600,309,,
6696004,309,,
6696396,310,,
6696796,309,,
6697196,309,,
6697600,309,,
6697992,309,,
6698400,310,,
6698800,309,,
6699200,310,,
6699596,310,,
6700000,309,,
6700400,309,,
6700796,309,,
6701196,309,,
6701596,309,,
6702000,310,,
6702400,310,,
6702796,310,,
6703196,311,,
6703600,311,,
6704000,311,,
6704400,311,,
6704796,311,,
6705196,311,,
6705596,311,,
6705996,310,,
6706396,310,,
6706800,310,,
6707196,311,,
6707596,310,,
6708000,309,,
6708396,310,,
6708800,309,,
6709196,309,,
6709596,308,,
6710000,309,,
6710400,309,,
6710800,310,,
6711196,310,,
6711596,309,,
6712000,310,,
6712400,310,,
6712800,309,,
6713196,309,,
6713596,309,,
6714000,309,,
6714392,310,,
6714796,310,,
6715196,311,,
6715596,310,,
6716000,310,,
6716396,310,,
6716796,309,,
6717200,310,,
6717596,309,,
6718000,309,,
6718396,309,,
6718796,310,,
6719200,310,,
6719600,308,,
6720000,309,,
6720396,309,,
6720796,309,,
6721200,309,,
6721608,310,,
6722000,309,,
6722396,309,,
6722796,309,,
6723200,308,,
6723592,309,,
6724000,309,,
6724400,309,,
6724800,309,,
6725196,308,,
6725600,308,,
6726000,309,,
6726400,309,,
6726800,309,,
6727196,309,,
6727600,309,,
6728000,309,,
6728400,309,,
6728800,310,,
6729196,308,,
6729600,309,,
6730000,309,,
6730396,310,,
6730796,309,,
6731200,309,,
6731596,309,,
6731996,310,,
6732400,309,,
6732804,309,,
6733200,308,,
6733596,308,,
6733996,308,,
6734400,308,,
6734796,308,,
6735200,307,,
6735596,308,,
6735996,307,,
6736400,308,,
6736796,308,,
6737196,307,,
6737596,308,,
6737996,308,,
6738400,308,,
6738796,308,,
6739196,307,,
6739600,308,,
6739996,308,,
6740396,307,,
6740800,308,,
6741200,308,,
6741596,308,,
6741996,309,,
6742396,309,,
6742800,308,,
6743200,308,,
6743596,309,,
6743996,309,,
6744396,309,,
6744800,309,,
6745200,309,,
6745596,309,,
6746000,310,,
6746400,309,,
6746800,309,,
6747204,309,,
6747596,308,,
6748000,309,,
6748400,309,,
6748796,310,,
6749196,310,,
6749600,308,,
6749996,309,,
6750396,309,,
6750800,309,,
6751200,309,,
6751600,310,,
6751996,309,,
6752396,308,,
6752800,309,,
6753200,310,,
6753600,310,,
6753996,309,,
6754396,309,,
6754800,309,,
6755196,310,,
6755596,308,,
6755996,309,,
6756396,310,,
6756796,308,,
6757200,309,,
6757600,310,,
6758000,310,,
6758396,308,,
6758796,310,,
6759200,309,,
6759600,308,,
6760000,309,,
6760396,308,,
6760796,308,,
6761200,308,,
6761600,308,,
6761996,308,,
6762396,308,,
6762796,309,,
6763200,310,,
6763600,309,,
6763996,310,,
6764400,310,,
6764796,310,,
6765200,309,,
6765592,310,,
6765996,310,,
6766400,310,,
6766800,310,,
6767200,310,,
6767596,310,,
6767996,310,,
6768400,311,,
6768800,312,,
6769200,311,,
6769596,310,,
6769996,311,,
6770400,311,,
6770800,310,,
6771196,311,,
6771596,310,,
6771996,309,,
6772400,310,,
6772804,310,,
6773196,310,,
6773600,309,,
6773996,311,,
6774400,311,,
6774792,310,,
6775200,308,,
6775596,309,,
6776000,310,,
6776396,309,,
6776800,309,,
6777200,310,,
6777596,310,,
6777996,309,,
6778396,309,,
6778800,311,,
6779200,309,,
6779596,310,,
6779996,310,,
6780400,309,,
6780800,310,,
6781200,310,,
6781596,309,,
6781996,309,,
6782396,310,,
6782796,310,,
6783196,309,,
6783600,309,,
6783996,311,,
6784396,310,,
6784796,310,,
6785196,310,,
6785600,310,,
6785996,310,,
6786396,309,,
6786800,309,,
6787200,309,,
6787600,309,,
6787996,309,,
6788396,309,,
6788800,309,,
6789200,310,,
6789596,310,,
6789996,310,,
6790396,309,,
6790800,310,,
6791192,310,,
6791596,309,,
6791996,309,,
6792396,310,,
6792800,309,,
6793196,310,,
6793596,311,,
6794000,309,,
6794400,310,,
6794800,310,,
6795196,310,,
6795596,310,,
6796000,310,,
6796400,310,,
6796800,309,,
6797196,310,,
6797596,309,,
6798000,310,,
6798404,310,,
6798800,310,,
6799196,310,,
6799596,309,,
6800000,310,,
6800392,311,,
6800800,309,,
6801200,310,,
6801600,309,,
6801996,310,,
6802400,310,,
6802800,309,,
6803200,310,,
6803600,310,,
6803996,309,,
6804400,310,,
6804800,310,,
6805196,311,,
6805600,309,,
6805996,310,,
6806400,310,,
6806800,309,,
6807196,310,,
6807596,310,,
6808000,310,,
6808396,309,,
6808796,309,,
6809200,310,,
6809608,309,,
6810000,311,,
6810396,310,,
6810796,311,,
6811200,310,,
6811596,308,,
6811996,310,,
6812396,309,,
6812796,309,,
6813200,310,,
6813596,310,,
6813996,310,,
6814396,309,,
6814796,309,,
6815200,308,,
6815596,309,,
6815996,310,,
6816400,310,,
6816796,311,,
6817196,311,,
6817600,310,,
6818000,311,,
6818396,310,,
6818796,310,,
6819196,310,,
6819600,310,,
6820000,310,,
6820396,309,,
6820800,309,,
6821196,309,,
6821600,309,,
6822000,309,,
6822396,309,,
6822800,309,,
6823200,309,,
6823600,309,,
6824004,309,,
6824396,308,,
6824800,310,,
6825200,309,,
6825600,310,,
6825992,308,,
6826400,310,,
6826796,309,,
6827196,308,,
6827600,308,,
6828000,310,,
6828400,310,,
6828796,310,,
6829196,309,,
6829600,309,,
6830000,308,,
6830400,308,,
6830796,308,,
6831196,309,,
6831600,309,,
6831996,309,,
6832396,309,,
6832796,309,,
6833196,310,,
6833596,309,,
6834000,310,,
6834400,309,,
6834800,310,,
6835196,310,,
6835596,309,,
6836000,309,,
6836400,310,,
6836796,311,,
6837196,310,,
6837596,309,,
6838000,309,,
6838400,308,,
6838796,310,,
6839196,310,,
6839596,309,,
6840000,310,,
6840400,309,,
6840796,309,,
6841200,309,,
6841600,308,,
6842000,309,,
6842392,308,,
6842796,308,,
6843200,309,,
6843600,308,,
6844000,309,,
6844396,309,,
6844796,308,,
6845200,308,,
6845600,309,,
6845996,309,,
6846396,309,,
6846796,308,,
6847200,308,,
6847600,309,,
6847996,308,,
6848396,309,,
6848796,308,,
6849200,308,,
6849604,309,,
6849996,309,,
6850400,310,,
6850800,309,,
6851200,309,,
6851592,309,,
6852000,309,,
6852396,308,,
6852796,308,,
6853196,309,,
6853600,308,,
6854000,308,,
6854396,309,,
6854796,307,,
6855196,309,,
6855600,309,,
6856000,309,,
6856396,308,,
6856796,310,,
6857200,309,,
6857600,307,,
6858000,308,,
6858396,309,,
6858796,309,,
6859196,309,,
6859596,308,,
6859996,309,,
6860400,308,,
6860796,308,,
6861196,309,,
6861600,308,,
6861996,308,,
6862400,309,,
6862796,308,,
6863196,308,,
6863600,309,,
6864000,308,,
6864400,308,,
6864796,309,,
6865196,307,,
6865600,307,,
6866000,307,,
6866400,308,,
6866796,308,,
6867196,307,,
6867600,307,,
6867992,307,,
6868396,307,,
6868796,306,,
6869196,307,,
6869600,306,,
6869996,307,,
6870396,308,,
6870796,307,,
6871196,307,,
6871600,307,,
6871996,308,,
6872396,308,,
6872800,307,,
6873200,307,,
6873600,307,,
6873996,308,,
6874396,307,,
6874800,307,,
6875204,308,,
6875596,308,,
6875996,307,,
6876396,307,,
6876800,308,,
6877192,308,,
6877600,307,,
6878000,308,,
6878400,308,,
6878796,307,,
6879200,308,,
6879600,307,,
6880000,308,,
6880400,308,,
6880796,308,,
6881200,309,,
6881600,308,,
6881996,308,,
6882396,308,,
6882796,309,,
6883200,308,,
6883600,308,,
6883996,308,,
6884396,308,,
6884800,307,,
6885196,308,,
6885596,307,,
6886000,307,,
6886396,308,,
6886800,307,,
6887196,307,,
6887596,307,,
6888000,307,,
6888396,308,,
6888796,308,,
6889196,307,,
6889596,308,,
6890000,308,,
6890396,308,,
6890796,308,,
6891200,307,,
6891596,309,,
6892000,309,,
6892396,308,,
6892796,308,,
6893200,308,,
6893596,309,,
6893996,309,,
6894400,308,,
6894800,309,,
6895196,309,,
6895596,309,,
6895996,308,,
6896400,308,,
6896800,309,,
6897196,308,,
6897600,309,,
6898000,308,,
6898400,308,,
6898800,308,,
6899196,309,,
6899600,308,,
6900000,308,,
6900400,308,,
6900804,308,,
6901196,307,,
6901600,307,,
6902000,307,,
6902396,308,,
6902796,309,,
6903200,310,,
6903596,309,,
6903996,309,,
6904400,309,,
6904800,310,,
6905200,310,,
6905596,311,,
6905996,310,,
6906400,311,,
6906800,309,,
6907200,310,,
6907596,310,,
6907996,310,,
6908400,310,,
6908796,310,,
6909196,311,,
6909596,310,,
6909996,309,,
6910396,310,,
6910800,309,,
6911200,309,,
6911600,309,,
6911996,309,,
6912396,309,,
6912800,309,,
6913200,309,,
6913600,309,,
6913996,308,,
6914396,308,,
6914800,308,,
6915200,309,,
6915596,309,,
6916000,309,,
6916396,309,,
6916800,308,,
6917200,308,,
6917596,308,,
6918000,308,,
6918400,308,,
6918800,309,,
6919192,309,,
6919596,309,,
6920000,309,,
6920400,309,,
6920800,309,,
6921196,309,,
6921596,309,,
6922000,309,,
6922400,310,,
6922796,310,,
6923196,310,,
6923596,310,,
6924000,309,,
6924400,309,,
6924796,309,,
6925200,309,,
6925596,309,,
6926000,310,,
6926404,310,,
6926796,309,,
6927200,310,,
6927600,309,,
6928000,310,,
6928392,310,,
6928800,311,,
6929196,311,,
6929596,311,,
6929996,310,,
6930400,311,,
6930800,311,,
6931196,311,,
6931596,311,,
6932000,311,,
6932400,310,,
6932800,310,,
6933196,310,,
6933596,310,,
6934000,309,,
6934400,310,,
6934800,311,,
6935196,310,,
6935596,310,,
6935996,310,,
6936396,310,,
6936796,310,,
6937200,309,,
6937596,310,,
6937996,310,,
6938400,309,,
6938800,309,,
6939200,309,,
6939596,310,,
6939996,310,,
6940400,310,,
6940800,310,,
6941200,310,,
6941596,310,,
6941996,310,,
6942400,310,,
6942800,311,,
6943200,310,,
6943596,310,,
6943996,309,,
6944400,309,,
6944792,311,,
6945196,309,,
6945596,310,,
6945996,310,,
6946400,310,,
6946796,310,,
6947196,309,,
6947600,309,,
6947996,309,,
6948400,309,,
6948796,310,,
6949196,310,,
6949600,310,,
6950000,310,,
6950400,311,,
6950796,310,,
6951196,309,,
6951600,311,,
6952004,310,,
6952400,310,,
6952796,309,,
6953196,310,,
6953600,309,,
6953992,310,,
6954400,310,,
6954800,311,,
6955200,312,,
6955596,310,,
6956000,310,,
6956400,311,,
6956800,311,,
6957200,310,,
6957596,310,,
6958000,310,,
6958400,310,,
6958796,309,,
6959196,310,,
6959596,311,,
6960000,310,,
6960400,309,,
6960796,310,,
6961196,310,,
6961600,310,,
6961996,310,,
6962396,310,,
6962800,310,,
6963196,310,,
6963596,310,,
6963996,309,,
6964396,309,,
6964800,309,,
6965196,310,,
6965596,309,,
6965996,309,,
6966396,310,,
6966800,308,,
6967196,308,,
6967596,309,,
6968000,308,,
6968400,308,,
6968800,308,,
6969196,309,,
6969596,308,,
6970000,309,,
6970396,309,,
6970796,308,,
6971200,310,,
6971600,309,,
6971996,309,,
6972400,309,,
6972796,309,,
6973200,309,,
6973600,309,,
6973996,310,,
6974400,309,,
6974800,308,,
6975200,310,,
6975600,308,,
6975996,308,,
6976400,309,,
6976800,309,,
6977200,308,,
6977604,309,,
6977996,308,,
6978400,308,,
6978800,308,,
6979196,308,,
6979596,308,,
6980000,309,,
6980396,308,,
6980796,308,,
6981200,309,,
6981600,308,,
6982000,308,,
6982396,309,,
6982796,308,,
6983200,308,,
6983596,309,,
6984000,308,,
6984396,309,,
6984796,309,,
6985200,308,,
6985596,307,,
6985996,309,,
6986396,308,,
6986796,308,,
6987196,307,,
6987600,308,,
6988000,309,,
6988400,308,,
6988796,307,,
6989196,308,,
6989600,307,,
6990000,308,,
6990396,308,,
6990796,307,,
6991196,308,,
6991600,306,,
6992000,307,,
6992396,307,,
6992796,307,,
6993196,308,,
6993600,307,,
6994000,308,,
6994396,307,,
6994800,307,,
6995200,307,,
6995600,306,,
6995992,307,,
6996396,307,,
6996800,307,,
6997200,307,,
6997600,307,,
6997996,308,,
6998396,307,,
6998800,309,,
6999200,309,,
6999600,308,,
6999996,308,,
7000396,308,,
7000800,307,,
7001200,308,,
7001596,308,,
7002000,307,,
7002400,309,,
7002800,308,,
7003204,308,,
7003596,309,,
7004000,307,,
7004400,309,,
7004800,309,,
7005192,308,,
7005600,308,,
7005996,309,,
7006396,308,,
7006796,308,,
7007200,308,,
7007600,308,,
7007996,307,,
7008396,306,,
7008800,308,,
7009200,308,,
7009600,308,,
7009996,309,,
7010396,309,,
7010800,308,,
7011200,307,,
7011600,306,,
7011996,307,,
7012396,306,,
7012796,307,,
7013200,307,,
7013596,307,,
7014000,308,,
7014396,307,,
7014796,308,,
7015200,309,,
7015600,309,,
7016000,308,,
7016396,307,,
7016796,308,,
7017200,308,,
7017600,307,,
7018000,308,,
7018396,309,,
7018796,308,,
7019200,308,,
7019600,307,,
7019996,308,,
7020396,307,,
7020796,308,,
7021200,307,,
7021592,307,,
7021996,307,,
7022396,306,,
7022796,306,,
7023200,307,,
7023596,307,,
7023996,308,,
7024400,308,,
7024800,308,,
7025200,308,,
7025596,307,,
7025996,307,,
7026400,307,,
7026800,307,,
7027200,307,,
7027596,307,,
7027996,307,,
7028400,308,,
7028804,309,,
7029196,309,,
7029596,309,,
7029996,308,,
7030400,308,,
7030792,309,,
7031200,308,,
7031600,309,,
7032000,309,,
7032396,309,,
7032800,308,,
7033200,309,,
7033600,308,,
7034000,308,,
7034396,309,,
7034800,308,,
7035200,308,,
7035596,309,,
7035996,308,,
7036396,308,,
7036800,307,,
7037200,308,,
7037596,308,,
7037996,307,,
7038400,308,,
7038796,307,,
7039196,307,,
7039600,308,,
7039996,309,,
7040400,310,,
7040796,309,,
7041196,309,,
7041600,307,,
7041996,308,,
7042396,308,,
7042796,307,,
7043196,307,,
7043600,307,,
7043996,308,,
7044396,307,,
7044800,307,,
7045200,307,,
7045600,307,,
7045996,307,,
7046396,307,,
7046800,308,,
7047192,308,,
7047600,308,,
7047996,308,,
7048396,308,,
7048800,308,,
7049196,309,,
7049596,308,,
7049996,308,,
7050396,309,,
7050800,308,,
7051196,309,,
7051596,309,,
7052000,309,,
7052396,308,,
7052800,307,,
7053196,309,,
7053596,308,,
7054000,309,,
7054404,309,,
7054800,309,,
7055196,309,,
7055596,309,,
7056000,310,,
7056396,309,,
7056796,309,,
7057200,309,,
7057600,309,,
7057996,309,,
7058400,307,,
7058800,309,,
7059200,308,,
7059600,308,,
7059996,308,,
7060400,308,,
7060800,308,,
7061200,308,,
7061600,309,,
7061996,310,,
7062400,309,,
7062800,308,,
7063200,309,,
7063592,308,,
7064000,307,,
7064396,308,,
7064796,308,,
7065200,309,,
7065604,308,,
7066000,308,,
7066396,309,,
7066796,310,,
7067200,308,,
7067600,309,,
7068000,310,,
7068396,309,,
7068796,308,,
7069200,309,,
7069596,309,,
7070000,308,,
7070396,309,,
7070796,309,,
7071200,309,,
7071596,310,,
7071996,309,,
7072396,309,,
7072796,310,,
7073196,309,,
7073600,308,,
7074000,310,,
7074400,308,,
7074796,309,,
7075196,309,,
7075600,308,,
7076000,310,,
7076396,310,,
7076796,308,,
7077196,310,,
7077600,308,,
7078000,309,,
7078396,310,,
7078796,309,,
7079196,310,,
7079600,309,,
7080004,309,,
7080396,309,,
7080800,310,,
7081200,310,,
7081600,310,,
7081992,311,,
7082400,309,,
7082796,310,,
7083196,311,,
7083596,309,,
7084000,309,,
7084400,309,,
7084796,309,,
7085196,308,,
7085596,308,,
7086000,309,,
7086400,308,,
7086796,309,,
7087196,308,,
7087600,309,,
7088000,308,,
7088400,309,,
7088796,309,,
7089196,308,,
7089596,309,,
7090000,309,,
7090400,308,,
7090800,309,,
7091196,308,,
7091596,310,,
7092000,308,,
7092400,309,,
7092800,310,,
7093196,309,,
7093596,309,,
7094000,308,,
7094400,309,,
7094800,310,,
7095196,309,,
7095596,308,,
7096000,308,,
7096400,309,,
7096796,308,,
7097196,310,,
7097596,308,,
7098000,309,,
7098392,309,,
7098796,308,,
7099200,308,,
7099596,307,,
7100000,309,,
7100396,309,,
7100796,309,,
7101200,310,,
7101600,309,,
7102000,310,,
7102396,309,,
7102796,309,,
7103200,310,,
7103600,309,,
7104000,310,,
7104396,308,,
7104796,308,,
7105200,309,,
7105604,309,,
7105996,310,,
7106396,310,,
7106796,309,,
7107200,309,,
7107592,309,,
7108000,309,,
7108400,311,,
7108800,309,,
7109196,309,,
7109600,310,,
7110000,310,,
7110396,310,,
7110800,309,,
7111196,309,,
7111600,309,,
7112000,309,,
7112396,309,,
7112796,310,,
7113196,308,,
7113600,309,,
7114000,308,,
7114396,310,,
7114796,309,,
7115200,309,,
7115596,309,,
7115996,309,,
7116400,308,,
7116796,308,,
7117196,309,,
7117596,309,,
7117996,308,,
7118400,309,,
7118796,310,,
7119196,310,,
7119596,310,,
7119996,309,,
7120400,309,,
7120796,308,,
7121196,309,,
7121600,309,,
7122000,310,,
7122400,309,,
7122796,308,,
7123196,309,,
7123600,309,,
7123996,310,,
7124396,310,,
7124800,310,,
7125200,310,,
7125596,309,,
7126000,309,,
7126396,309,,
7126800,309,,
7127200,308,,
7127596,308,,
7128000,308,,
7128400,308,,
7128800,308,,
7129200,308,,
7129596,309,,
7130000,308,,
7130400,308,,
7130796,308,,
7131204,309,,
7131596,308,,
7132000,309,,
7132400,309,,
7132796,309,,
7133196,309,,
7133600,310,,
7133996,309,,
7134396,309,,
7134800,309,,
7135196,309,,
7135600,308,,
7135996,308,,
7136396,308,,
7136800,308,,
7137196,307,,
7137596,308,,
7137996,308,,
7138396,308,,
7138800,308,,
7139196,307,,
7139596,307,,
7140000,307,,
7140396,307,,
7140796,307,,
7141200,308,,
7141600,307,,
7141996,307,,
7142396,307,,
7142796,307,,
7143200,306,,
7143600,308,,
7143996,308,,
7144396,308,,
7144796,308,,
7145200,308,,
7145600,308,,
7145996,309,,
7146400,309,,
7146800,309,,
7147200,310,,
7147600,308,,
7147996,308,,
7148400,309,,
7148800,309,,
7149200,309,,
7149592,309,,
7149996,310,,
7150400,309,,
7150800,308,,
7151200,309,,
7151596,308,,
7151996,307,,
7152400,307,,
7152800,307,,
7153196,307,,
7153596,306,,
7153996,308,,
7154400,308,,
7154800,308,,
7155196,308,,
7155600,309,,
7155996,308,,
7156400,308,,
7156804,308,,
7157196,307,,
7157600,307,,
7158000,307,,
7158400,308,,
7158792,308,,
7159200,308,,
7159596,308,,
7159996,307,,
7160396,308,,
7160800,308,,
7161200,308,,
7161596,308,,
7161996,308,,
7162400,309,,
7162800,308,,
7163200,308,,
7163596,308,,
7163996,308,,
7164400,309,,
7164800,307,,
7165200,308,,
7165596,307,,
7165996,306,,
7166396,308,,
7166796,308,,
7167196,307,,
7167600,307,,
7167996,307,,
7168396,307,,
7168800,307,,
7169200,307,,
7169600,308,,
7169996,308,,
7170396,308,,
7170800,309,,
7171200,308,,
7171596,308,,
7171996,308,,
7172396,308,,
7172800,308,,
7173200,308,,
7173596,307,,
7173996,309,,
7174396,309,,
7174800,308,,
7175192,308,,
7175596,308,,
7176000,308,,
7176400,307,,
7176800,307,,
7177196,308,,
7177596,308,,
7178000,308,,
7178400,309,,
7178800,308,,
7179196,308,,
7179596,309,,
7180000,308,,
7180400,308,,
7180796,309,,
7181196,308,,
7181596,307,,
7182000,309,,
7182404,309,,
7182796,308,,
7183196,308,,
7183596,308,,
7184000,307,,
7184392,308,,
7184800,308,,
7185200,307,,
7185600,307,,
7185996,308,,
7186400,308,,
7186800,308,,
7187196,308,,
7187596,307,,
7187996,307,,
7188400,307,,
7188800,307,,
7189196,308,,
7189596,307,,
7189996,307,,
7190400,308,,
7190800,307,,
7191196,308,,
7191596,307,,
7192000,307,,
7192396,308,,
7192796,307,,
7193200,307,,
7193596,307,,
7193996,307,,
7194396,308,,
7194796,308,,
7195200,308,,
7195596,308,,
7195996,308,,
7196400,308,,
7196796,308,,
7197200,309,,
7197596,308,,
7197996,308,,
7198400,308,,
7198800,308,,
7199200,308,,
7199596,309,,
7199996,308,,
7200400,309,,
7200796,307,,
7201196,308,,
7201600,308,,
7202000,307,,
7202396,309,,
7202800,309,,
7203200,309,,
7203600,308,,
7204000,309,,
7204396,308,,
7204800,308,,
7205200,307,,
7205600,308,,
7206000,307,,
7206396,307,,
7206800,307,,
7207200,308,,
7207600,308,,
7208004,308,,
7208396,307,,
7208800,308,,
7209200,308,,
7209596,307,,
7209996,308,,
7210400,308,,
7210796,307,,
7211196,308,,
7211600,307,,
7212000,308,,
7212400,308,,
7212796,308,,
7213196,309,,
7213600,308,,
7213996,309,,
7214396,308,,
7214796,309,,
7215196,308,,
7215600,309,,
7215996,309,,
7216396,309,,
7216800,307,,
7217196,308,,
7217600,307,,
7217996,308,,
7218396,307,,
7218800,308,,
7219204,308,,
7219600,309,,
7219996,308,,
7220396,308,,
7220800,308,,
7221196,307,,
7221600,307,,
7221996,308,,
7222396,308,,
7222800,307,,
7223196,308,,
7223596,307,,
7223996,307,,
7224396,307,,
7224800,308,,
7225196,308,,
7225596,309,,
7226000,308,,
7226396,309,,
7226796,308,,
7227200,308,,
7227600,309,,
7227996,309,,
7228396,308,,
7228796,307,,
7229200,307,,
7229600,307,,
7229996,307,,
7230396,307,,
7230796,306,,
7231200,307,,
7231600,308,,
7231996,308,,
7232400,308,,
7232800,308,,
7233200,308,,
7233604,308,,
7233996,308,,
7234400,308,,
7234800,307,,
7235200,307,,
7235592,307,,
7236000,308,,
7236396,307,,
7236796,306,,
7237196,308,,
7237600,307,,
7238000,306,,
7238396,307,,
7238796,307,,
7239200,308,,
7239600,307,,
7240000,307,,
7240396,307,,
7240796,307,,
7241200,308,,
7241600,306,,
7242000,307,,
7242396,306,,
7242796,307,,
7243196,307,,
7243600,307,,
7243996,308,,
7244400,307,,
7244796,307,,
7245196,307,,
7245600,308,,
7246000,306,,
7246400,307,,
7246796,308,,
7247196,307,,
7247600,307,,
7248000,308,,
7248400,306,,
7248796,307,,
7249196,308,,
7249600,308,,
7250000,307,,
7250396,308,,
7250796,308,,
7251196,306,,
7251600,307,,
7251992,307,,
7252396,307,,
7252800,306,,
7253196,307,,
7253600,307,,
7253996,307,,
7254396,308,,
7254800,308,,
7255200,308,,
7255600,309,,
7255996,308,,
7256396,308,,
7256800,308,,
7257200,308,,
7257596,308,,
7257996,308,,
7258396,308,,
7258800,308,,
7259204,308,,
7259596,308,,
7260000,307,,
7260396,308,,
7260800,308,,
7261192,307,,
7261600,308,,
7261996,307,,
7262400,305,,
7262796,307,,
7263200,307,,
7263600,308,,
7263996,308,,
7264396,307,,
7264796,307,,
7265200,308,,
7265600,306,,
7265996,307,,
7266396,307,,
7266800,307,,
7267200,308,,
7267600,307,,
7267996,307,,
7268396,308,,
7268796,308,,
7269196,307,,
7269596,308,,
7270000,308,,
7270396,307,,
7270796,309,,
7271196,309,,
7271596,308,,
7272000,307,,
7272396,308,,
7272796,308,,
7273200,308,,
7273600,308,,
7274000,309,,
7274396,310,,
7274796,308,,
7275200,308,,
7275600,310,,
7276000,309,,
7276396,307,,
7276796,308,,
7277200,309,,
7277592,309,,
7278000,308,,
7278396,309,,
7278796,308,,
7279200,308,,
7279596,309,,
7279996,308,,
7280396,307,,
7280796,309,,
7281200,308,,
7281596,308,,
7281996,309,,
7282400,308,,
7282796,308,,
7283200,308,,
7283596,309,,
7283996,308,,
7284400,308,,
7284804,309,,
7285200,308,,
7285596,309,,
7285996,308,,
7286400,308,,
7286792,309,,
7287196,308,,
7287600,308,,
7288000,310,,
7288396,309,,
7288800,310,,
7289200,309,,
7289600,310,,
7290000,311,,
7290396,310,,
7290800,311,,
7291200,310,,
7291600,309,,
7292000,309,,
7292396,310,,
7292800,308,,
7293200,311,,
7293596,311,,
7293996,309,,
7294400,310,,
7294796,309,,
7295196,309,,
7295600,310,,
7296004,309,,
7296400,310,,
7296796,310,,
7297196,309,,
7297600,310,,
7298000,309,,
7298400,310,,
7298796,309,,
7299196,310,,
7299600,310,,
7299996,310,,
7300396,309,,
7300796,310,,
7301196,309,,
7301600,311,,
7301996,309,,
7302396,310,,
7302800,309,,
7303196,309,,
7303596,309,,
7304000,310,,
7304400,309,,
7304796,309,,
7305196,308,,
7305596,309,,
7306000,309,,
7306400,309,,
7306796,309,,
7307200,310,,
7307596,309,,
7308000,308,,
7308400,309,,
7308796,309,,
7309200,308,,
7309600,308,,
7310000,308,,
7310404,308,,
7310796,309,,
7311200,309,,
7311600,310,,
7312000,309,,
7312392,308,,
7312800,310,,
7313196,309,,
7313596,308,,
7314000,308,,
7314400,308,,
7314800,309,,
7315196,309,,
7315596,309,,
7316000,308,,
7316400,309,,
7316800,308,,
7317196,308,,
7317596,308,,
7318000,309,,
7318396,309,,
7318800,309,,
7319196,309,,
7319596,309,,
7319996,310,,
7320400,308,,
7320800,308,,
7321200,307,,
7321596,309,,
7321996,309,,
7322400,310,,
7322800,309,,
7323200,308,,
7323596,309,,
7323996,310,,
7324400,309,,
7324800,309,,
7325196,308,,
7325596,307,,
7325996,308,,
7326400,308,,
7326800,309,,
7327196,308,,
7327596,308,,
7327996,308,,
7328400,309,,
7328792,309,,
7329196,310,,
7329600,309,,
7330000,308,,
7330400,308,,
7330796,308,,
7331196,308,,
7331600,308,,
7332000,308,,
7332400,307,,
7332796,307,,
7333196,307,,
7333600,307,,
7334000,307,,
7334400,306,,
7334796,306,,
7335196,307,,
7335600,307,,
7336004,306,,
7336396,307,,
7336796,306,,
7337196,308,,
7337600,309,,
7337992,308,,
7338400,308,,
7338800,309,,
7339200,308,,
7339596,308,,
7340000,308,,
7340400,308,,
7340796,308,,
7341200,308,,
7341596,308,,
7342000,308,,
7342400,308,,
7342796,308,,
7343196,309,,
7343600,309,,
7344000,309,,
7344400,309,,
7344796,308,,
7345196,308,,
7345596,309,,
7345996,308,,
7346396,307,,
7346800,307,,
7347196,307,,
7347596,307,,
7348000,306,,
7348396,307,,
7348800,307,,
7349196,308,,
7349596,307,,
7350000,307,,
7350400,307,,
7350800,307,,
7351196,307,,
7351596,307,,
7352000,306,,
7352400,307,,
7352800,307,,
7353196,307,,
7353596,308,,
7354000,307,,
7354392,307,,
7354796,307,,
7355196,307,,
7355596,307,,
7356000,307,,
7356396,307,,
7356796,308,,
7357196,307,,
7357596,307,,
7358000,307,,
7358396,307,,
7358796,308,,
7359200,307,,
7359600,307,,
7360000,307,,
7360396,307,,
7360796,307,,
7361200,307,,
7361604,307,,
7362000,307,,
7362396,306,,
7362796,306,,
7363200,308,,
7363592,307,,
7363996,307,,
7364400,307,,
7364800,308,,
7365196,308,,
7365600,308,,
7366000,307,,
7366400,308,,
7366800,307,,
7367196,307,,
7367600,307,,
7368000,307,,
7368400,306,,
7368800,307,,
7369196,307,,
7369600,307,,
7370000,307,,
7370396,307,,
7370796,308,,
7371200,307,,
7371596,307,,
7371996,307,,
7372400,307,,
7372804,307,,
7373200,307,,
7373596,307,,
7373996,307,,
7374400,306,,
7374796,306,,
7375200,306,,
7375596,307,,
7375996,306,,
7376400,307,,
7376796,306,,
7377196,307,,
7377596,306,,
7377996,306,,
7378400,306,,
7378796,306,,
7379196,306,,
7379600,307,,
7379996,306,,
7380396,306,,
7380800,306,,
7381200,306,,
7381596,307,,
7381996,307,,
7382396,306,,
7382800,306,,
7383200,306,,
7383596,306,,
7383996,306,,
7384396,307,,
7384800,307,,
7385200,306,,
7385596,307,,
7386000,307,,
7386400,306,,
7386800,306,,
7387204,307,,
7387596,306,,
7388000,306,,
7388400,307,,
7388796,308,,
7389196,306,,
7389600,307,,
7389996,307,,
7390396,307,,
7390800,307,,
7391200,307,,
7391600,307,,
7391996,307,,
7392396,307,,
7392800,307,,
7393200,307,,
7393600,306,,
7393996,307,,
7394396,307,,
7394800,308,,
7395196,308,,
7395596,307,,
7395996,308,,
7396396,306,,
7396796,307,,
7397200,307,,
7397600,308,,
7398000,307,,
7398396,307,,
7398796,307,,
7399200,307,,
7399600,306,,
7400000,306,,
7400396,307,,
7400796,307,,
7401200,307,,
7401600,307,,
7401996,307,,
7402396,307,,
7402796,308,,
7403200,308,,
7403600,307,,
7403996,308,,
7404400,308,,
7404796,307,,
7405200,307,,
7405592,307,,
7405996,307,,
7406400,306,,
7406800,308,,
7407200,308,,
7407596,307,,
7407996,307,,
7408400,307,,
7408800,307,,
7409200,307,,
7409596,306,,
7409996,306,,
7410400,306,,
7410800,307,,
7411196,306,,
7411596,307,,
7411996,307,,
7412400,307,,
7412804,307,,
7413196,307,,
7413596,308,,
7413996,308,,
7414400,307,,
7414792,307,,
7415200,307,,
7415600,306,,
7416000,306,,
7416396,307,,
7416800,307,,
7417200,307,,
7417596,306,,
7417996,306,,
7418396,305,,
7418800,305,,
7419200,306,,
7419596,304,,
7419996,303,,
7420396,302,,
7420800,299,,
7421200,293,,
7421596,277,,
7421996,293,,
7422400,354,,
7422796,383,,
7423196,474,,
7423600,312,,
7423996,317,,
7424396,311,,
7424796,328,,
7425196,349,,
7425600,362,,
7425996,324,,
7426396,298,,
7426800,290,,
7427200,301,,
7427600,312,,
7427996,313,,
7428396,296,,
7428800,292,,
7429200,303,,
7429600,302,,
7429996,307,,
7430396,298,,
7430800,298,,
7431192,300,,
7431596,305,,
7431996,305,,
7432396,311,,
7432800,308,,
7433196,303,,
7433596,312,,
7434000,313,,
7434396,323,,
7434800,312,,
7435196,309,,
7435596,308,,
7436000,314,,
7436400,308,,
7436800,311,,
7437196,305,,
7437596,306,,
7438000,305,,
7438404,308,,
7438800,307,,
7439196,306,,
7439596,313,,
7440000,307,,
7440392,310,,
7440800,313,,
7441200,315,,
7441600,309,,
7441996,305,,
7442400,305,,
7442800,311,,
7443200,312,,
7443600,309,,
7443996,303,,
7444400,304,,
7444800,306,,
7445196,304,,
7445600,302,,
7445996,300,,
7446400,306,,
7446800,308,,
7447196,307,,
7447596,300,,
7448000,300,,
7448396,305,,
7448796,304,,
7449200,310,,
7449604,307,,
7450000,305,,
7450396,303,,
7450796,301,,
7451200,311,,
7451596,311,,
7451996,308,,
7452396,310,,
7452796,307,,
7453200,307,,
7453596,303,,
7453996,308,,
7454396,309,,
7454796,309,,
7455200,309,,
7455596,309,,
7455996,312,,
7456400,304,,
7456796,306,,
7457196,304,,
7457600,306,,
7458000,305,,
7458396,309,,
7458796,306,,
7459196,307,,
7459600,304,,
7460000,306,,
7460396,311,,
7460800,310,,
7461196,317,,
7461600,314,,
7462000,310,,
7462396,304,,
7462800,300,,
7463200,304,,
7463600,309,,
7464004,307,,
7464396,304,,
7464800,302,,
7465200,301,,
7465600,308,,
7465992,310,,
7466400,312,,
7466796,310,,
7467196,308,,
7467600,304,,
7468000,304,,
7468400,306,,
7468796,310,,
7469196,307,,
7469600,306,,
7470000,310,,
7470400,309,,
7470796,309,,
7471196,311,,
7471600,311,,
7471996,311,,
7472396,311,,
7472796,303,,
7473196,302,,
7473596,303,,
7474000,305,,
7474400,306,,
7474800,308,,
7475196,305,,
7475596,307,,
7476000,307,,
7476400,309,,
7476796,311,,
7477196,309,,
7477596,312,,
7478000,311,,
7478400,309,,
7478796,308,,
7479196,307,,
7479596,311,,
7480000,310,,
7480400,311,,
7480796,311,,
7481200,308,,
7481600,305,,
7482000,306,,
7482392,311,,
7482796,311,,
7483200,311,,
7483600,309,,
7484000,306,,
7484396,305,,
7484796,306,,
7485200,309,,
7485600,311,,
7486000,313,,
7486396,311,,
7486796,308,,
7487200,307,,
7487600,310,,
7487996,309,,
7488396,309,,
7488796,310,,
7489200,309,,
7489604,308,,
7489996,308,,
7490400,308,,
7490796,307,,
7491200,308,,
7491592,308,,
7492000,309,,
7492396,309,,
7492800,311,,
7493196,309,,
7493600,309,,
7494000,306,,
7494396,309,,
7494796,309,,
7495196,308,,
7495600,309,,
7496000,310,,
7496396,308,,
7496796,309,,
7497200,309,,
7497600,310,,
7498000,309,,
7498396,306,,
7498796,308,,
7499196,308,,
7499596,307,,
7499996,306,,
7500400,303,,
7500796,304,,
7501196,307,,
7501596,307,,
7501996,307,,
7502400,308,,
7502796,308,,
7503196,309,,
7503600,308,,
7504000,310,,
7504400,311,,
7504796,308,,
7505196,310,,
7505600,307,,
7506000,307,,
7506400,307,,
7506796,308,,
7507196,308,,
7507600,309,,
7507992,309,,
7508396,310,,
7508796,310,,
7509196,307,,
7509600,308,,
7509996,306,,
7510396,306,,
7510796,306,,
7511196,307,,
7511600,308,,
7511996,307,,
7512396,308,,
7512800,307,,
7513200,307,,
7513600,309,,
7513996,308,,
7514396,308,,
7514800,308,,
7515204,306,,
7515596,307,,
7515996,307,,
7516396,306,,
7516800,305,,
7517192,307,,
7517600,307,,
7518000,309,,
7518400,308,,
7518796,308,,
7519200,308,,
7519600,307,,
7520000,308,,
7520400,310,,
7520796,310,,
7521200,309,,
7521600,309,,
7521996,308,,
7522396,308,,
7522796,308,,
7523200,307,,
7523600,308,,
7523996,308,,
7524396,307,,
7524800,306,,
7525196,306,,
7525596,305,,
7526000,306,,
7526396,308,,
7526800,307,,
7527196,306,,
7527596,307,,
7528000,306,,
7528396,307,,
7528796,308,,
7529196,308,,
7529596,308,,
7530000,308,,
7530396,309,,
7530796,309,,
7531200,308,,
7531596,309,,
7532000,309,,
7532396,308,,
7532796,309,,
7533200,309,,
7533596,307,,
7533996,308,,
7534400,308,,
7534800,307,,
7535196,308,,
7535596,309,,
7535996,307,,
7536400,307,,
7536800,308,,
7537196,308,,
7537600,307,,
7538000,307,,
7538400,308,,
7538800,308,,
7539196,307,,
7539600,309,,
7540000,309,,
7540400,310,,
7540804,309,,
7541196,309,,
7541600,308,,
7542000,306,,
7542400,305,,
7542792,306,,
7543200,307,,
7543596,307,,
7543996,307,,
7544400,307,,
7544800,307,,
7545200,306,,
7545596,305,,
7545996,307,,
7546400,306,,
7546800,305,,
7547200,305,,
7547596,305,,
7547996,307,,
7548400,308,,
7548796,308,,
7549200,309,,
7549596,308,,
7549996,307,,
7550396,306,,
7550800,306,,
7551200,305,,
7551600,306,,
7551996,305,,
7552396,305,,
7552800,306,,
7553200,306,,
7553600,306,,
7553996,306,,
7554396,306,,
7554800,307,,
7555200,307,,
7555596,308,,
7556000,308,,
7556396,308,,
7556800,308,,
7557200,308,,
7557596,308,,
7558000,308,,
7558400,308,,
7558800,308,,
7559192,308,,
7559596,307,,
7560000,306,,
7560400,306,,
7560800,306,,
7561196,306,,
7561596,306,,
7562000,306,,
7562400,307,,
7562796,306,,
7563196,306,,
7563596,307,,
7564000,308,,
7564400,308,,
7564796,308,,
7565196,308,,
7565596,308,,
7566000,307,,
7566404,309,,
7566796,308,,
7567200,308,,
7567600,308,,
7568000,309,,
7568392,307,,
7568800,308,,
7569196,307,,
7569596,306,,
7569996,307,,
7570400,307,,
7570800,307,,
7571196,307,,
7571596,307,,
7571996,307,,
7572400,308,,
7572800,308,,
7573196,308,,
7573596,308,,
7574000,308,,
7574400,308,,
7574800,308,,
7575196,308,,
7575596,307,,
7575996,308,,
7576396,307,,
7576796,306,,
7577200,307,,
7577596,306,,
7577996,306,,
7578400,306,,
7578796,306,,
7579200,307,,
7579596,306,,
7579996,306,,
7580400,306,,
7580800,307,,
7581200,307,,
7581596,307,,
7581996,307,,
7582400,308,,
7582800,307,,
7583200,308,,
7583596,307,,
7583996,307,,
7584400,307,,
7584792,307,,
7585196,307,,
7585596,306,,
7585996,306,,
7586400,306,,
7586796,306,,
7587196,307,,
7587600,307,,
7587996,307,,
7588400,306,,
7588796,306,,
7589196,306,,
7589600,305,,
7590000,305,,
7590400,306,,
7590796,306,,
7591196,307,,
7591600,306,,
7592008,307,,
7592400,308,,
7592796,307,,
7593196,307,,
7593600,307,,
7593992,306,,
7594400,307,,
7594800,306,,
7595200,306,,
7595596,306,,
7596000,307,,
7596400,306,,
7596800,306,,
7597200,305,,
7597596,306,,
7598000,306,,
7598400,308,,
7598796,307,,
7599196,308,,
7599596,307,,
7600000,308,,
7600400,307,,
7600796,309,,
7601196,309,,
7601600,307,,
7601996,308,,
7602396,308,,
7602800,308,,
7603196,309,,
7603596,307,,
7603996,307,,
7604396,307,,
7604800,307,,
7605196,307,,
7605596,307,,
7605996,307,,
7606396,308,,
7606800,310,,
7607196,310,,
7607596,308,,
7608000,310,,
7608400,309,,
7608800,311,,
7609196,310,,
7609596,311,,
7610000,310,,
7610396,308,,
7610796,309,,
7611200,308,,
7611600,309,,
7611996,308,,
7612400,308,,
7612796,308,,
7613200,308,,
7613600,308,,
7613996,307,,
7614400,307,,
7614800,308,,
7615200,309,,
7615600,308,,
7615996,309,,
7616400,308,,
7616800,308,,
7617200,308,,
7617604,309,,
7617996,309,,
7618400,309,,
7618800,308,,
7619196,309,,
7619596,309,,
7620000,309,,
7620396,309,,
7620796,309,,
7621200,309,,
7621600,308,,
7622000,308,,
7622396,307,,
7622796,308,,
7623200,308,,
7623600,309,,
7624000,309,,
7624396,309,,
7624796,308,,
7625200,308,,
7625596,308,,
7625996,308,,
7626396,308,,
7626796,309,,
7627196,308,,
7627600,309,,
7628000,309,,
7628400,309,,
7628796,310,,
7629196,311,,
7629600,310,,
7630000,309,,
7630400,308,,
7630796,307,,
7631196,308,,
7631600,307,,
7632000,307,,
7632396,307,,
7632796,307,,
7633196,307,,
7633600,308,,
7634000,308,,
7634396,310,,
7634800,309,,
7635196,310,,
7635600,310,,
7635992,309,,
7636396,308,,
7636800,309,,
7637200,309,,
7637600,310,,
7637996,310,,
7638396,309,,
7638800,309,,
7639200,310,,
7639600,310,,
7639996,309,,
7640396,308,,
7640800,309,,
7641200,308,,
7641596,310,,
7642000,310,,
7642396,309,,
7642800,310,,
7643204,309,,
7643596,310,,
7644000,309,,
7644400,310,,
7644800,310,,
7645192,310,,
7645600,310,,
7645996,309,,
7646396,310,,
7646796,309,,
7647200,309,,
7647600,308,,
7647996,308,,
7648396,309,,
7648800,308,,
7649200,308,,
7649600,309,,
7649996,310,,
7650396,309,,
7650800,309,,
7651200,308,,
7651600,308,,
7651996,307,,
7652396,309,,
7652796,309,,
7653196,309,,
7653596,310,,
7654000,310,,
7654396,310,,
7654796,309,,
7655200,309,,
7655600,309,,
7656000,309,,
7656396,308,,
7656796,309,,
7657200,309,,
7657600,308,,
7658000,308,,
7658396,309,,
7658796,309,,
7659200,310,,
7659600,309,,
7659996,310,,
7660396,309,,
7660796,310,,
7661200,310,,
7661592,310,,
7661996,311,,
7662396,311,,
7662796,310,,
7663200,309,,
7663596,310,,
7663996,310,,
7664400,310,,
7664800,310,,
7665200,310,,
7665596,310,,
7665996,310,,
7666400,308,,
7666800,308,,
7667200,309,,
7667596,308,,
7667996,308,,
7668400,308,,
7668804,309,,
7669200,310,,
7669596,309,,
7669996,309,,
7670400,310,,
7670792,310,,
7671200,310,,
7671600,309,,
7672000,309,,
7672396,310,,
7672800,310,,
7673200,308,,
7673600,309,,
7674000,309,,
7674396,308,,
7674800,308,,
7675200,308,,
7675596,309,,
7676000,309,,
7676396,307,,
7676800,308,,
7677200,308,,
7677596,308,,
7677996,308,,
7678400,308,,
7678796,309,,
7679196,309,,
7679600,308,,
7680008,310,,
7680400,309,,
7680796,309,,
7681196,309,,
7681600,310,,
7681996,308,,
7682396,308,,
7682796,308,,
7683196,308,,
7683600,307,,
7683996,308,,
7684396,307,,
7684800,307,,
7685200,308,,
7685600,307,,
7685996,308,,
7686396,309,,
7686800,308,,
7687196,309,,
7687596,309,,
7688000,307,,
7688400,308,,
7688796,308,,
7689200,308,,
7689600,308,,
7690000,307,,
7690400,308,,
7690796,308,,
7691200,308,,
7691600,309,,
7692000,308,,
7692400,308,,
7692796,306,,
7693200,307,,
7693600,308,,
7694000,307,,
7694404,308,,
7694796,307,,
7695200,307,,
7695600,309,,
7695996,308,,
7696396,308,,
7696800,308,,
7697196,308,,
7697596,307,,
7698000,307,,
7698400,307,,
7698800,307,,
7699196,306,,
7699596,306,,
7700000,307,,
7700396,307,,
7700800,307,,
7701196,307,,
7701596,306,,
7702000,308,,
7702396,307,,
7702796,307,,
7703196,306,,
7703596,306,,
7703996,307,,
7704400,305,,
7704800,305,,
7705200,307,,
7705596,306,,
7705996,307,,
7706400,306,,
7706800,308,,
7707196,307,,
7707596,308,,
7707996,307,,
7708400,308,,
7708800,307,,
7709196,307,,
7709596,306,,
7709996,308,,
7710400,307,,
7710800,307,,
7711196,307,,
7711600,307,,
7712000,307,,
7712400,307,,
7712792,307,,
7713196,307,,
7713600,307,,
7714000,306,,
7714400,308,,
7714796,306,,
7715196,306,,
7715600,307,,
7716000,307,,
7716396,306,,
7716796,307,,
7717196,306,,
7717600,307,,
7718000,306,,
7718396,306,,
7718796,306,,
7719196,306,,
7719600,306,,
7720004,306,,
7720396,306,,
7720800,305,,
7721200,306,,
7721600,307,,
7721992,306,,
7722400,308,,
7722796,307,,
7723196,307,,
7723596,308,,
7724000,307,,
7724400,307,,
7724796,307,,
7725196,307,,
7725596,307,,
7726000,307,,
7726400,306,,
7726796,306,,
7727196,307,,
7727600,308,,
7728000,307,,
7728400,307,,
7728796,308,,
7729196,308,,
7729596,307,,
7730000,306,,
7730396,307,,
7730800,307,,
7731196,308,,
7731596,307,,
7732000,307,,
7732400,307,,
7732800,308,,
7733196,308,,
7733596,307,,
7734000,307,,
7734400,306,,
7734800,306,,
7735196,305,,
7735596,306,,
7736000,306,,
7736400,305,,
7736796,306,,
7737196,306,,
7737596,307,,
7738000,307,,
7738392,308,,
7738796,308,,
7739200,308,,
7739596,308,,
7740000,308,,
7740396,308,,
7740796,308,,
7741200,308,,
7741600,307,,
7742000,307,,
7742396,307,,
7742796,306,,
7743200,306,,
7743600,307,,
7744000,307,,
7744396,307,,
7744796,307,,
7745200,307,,
7745604,307,,
7745996,307,,
7746396,307,,
7746796,306,,
7747200,306,,
7747592,306,,
7748000,307,,
7748400,307,,
7748800,307,,
7749196,306,,
7749600,307,,
7750000,307,,
7750400,306,,
7750800,308,,
7751196,306,,
7751600,305,,
7752000,307,,
7752396,306,,
7752796,306,,
7753196,307,,
7753600,307,,
7754000,307,,
7754396,307,,
7754796,307,,
7755200,307,,
7755596,307,,
7755996,307,,
7756400,307,,
7756796,307,,
7757200,307,,
7757596,307,,
7757996,306,,
7758400,307,,
7758796,308,,
7759196,307,,
7759596,308,,
7759996,308,,
7760400,308,,
7760796,308,,
7761196,308,,
7761600,307,,
7761996,307,,
7762400,308,,
7762796,308,,
7763196,307,,
7763600,308,,
7763996,307,,
7764396,308,,
7764800,308,,
7765200,307,,
7765596,309,,
7765996,308,,
7766396,307,,
7766800,307,,
7767200,308,,
7767596,307,,
7768000,308,,
7768400,308,,
7768800,307,,
7769200,307,,
7769596,307,,
7770000,307,,
7770400,307,,
7770796,307,,
7771204,308,,
7771596,307,,
7772000,308,,
7772400,307,,
7772796,307,,
7773196,308,,
7773600,307,,
7773996,306,,
7774396,308,,
7774800,307,,
7775200,307,,
7775600,307,,
7775996,308,,
7776396,306,,
7776800,307,,
7777196,307,,
7777596,307,,
7777996,307,,
7778396,307,,
7778800,307,,
7779196,307,,
7779596,306,,
7779996,307,,
7780396,307,,
7780796,307,,
7781200,307,,
7781600,307,,
7782000,307,,
7782396,308,,
7782796,308,,
7783200,307,,
7783600,307,,
7783996,308,,
7784396,307,,
7784796,307,,
7785200,307,,
7785600,307,,
7785996,307,,
7786400,307,,
7786796,307,,
7787200,307,,
7787600,308,,
7787996,309,,
7788400,307,,
7788800,306,,
7789200,307,,
7789592,307,,
7789996,308,,
7790400,308,,
7790800,308,,
7791200,308,,
7791596,308,,
7791996,307,,
7792400,309,,
7792800,308,,
7793196,308,,
7793596,308,,
7793996,308,,
7794400,307,,
7794800,308,,
7795196,308,,
7795600,308,,
7795996,308,,
7796400,308,,
7796804,308,,
7797196,309,,
7797600,309,,
7798000,308,,
7798400,309,,
7798792,310,,
7799200,309,,
7799596,309,,
7799996,308,,
7800396,308,,
7800800,309,,
7801200,309,,
7801596,310,,
7801996,309,,
7802400,309,,
7802800,309,,
7803200,309,,
7803596,309,,
7803996,309,,
7804400,310,,
7804800,309,,
7805200,308,,
7805596,310,,
7805996,309,,
7806396,309,,
7806796,308,,
7807196,309,,
7807600,308,,
7807996,308,,
7808396,308,,
7808800,308,,
7809200,308,,
7809600,307,,
7809996,308,,
7810396,308,,
7810800,308,,
7811200,308,,
7811596,308,,
7811996,307,,
7812396,308,,
7812800,308,,
7813200,308,,
7813596,308,,
7813996,308,,
7814396,308,,
7814800,307,,
7815192,308,,
7815596,307,,
7816000,308,,
7816400,308,,
7816800,308,,
7817196,308,,
7817596,307,,
7818000,309,,
7818400,308,,
7818800,308,,
7819196,308,,
7819596,308,,
7820000,308,,
7820400,308,,
7820800,309,,
7821196,308,,
7821596,308,,
7822000,308,,
7822404,308,,
7822796,308,,
7823196,308,,
7823596,308,,
7824000,308,,
7824392,308,,
7824800,308,,
7825200,308,,
7825600,308,,
7825996,307,,
7826400,307,,
7826800,307,,
7827196,308,,
7827600,306,,
7827996,308,,
7828400,307,,
7828800,307,,
7829196,307,,
7829596,307,,
7829996,306,,
7830400,307,,
7830800,308,,
7831196,306,,
7831596,307,,
7832000,306,,
7832396,307,,
7832796,306,,
7833200,307,,
7833596,307,,
7833996,308,,
7834396,307,,
7834796,309,,
7835200,308,,
7835596,308,,
7835996,307,,
7836396,309,,
7836796,308,,
7837200,308,,
7837596,309,,
7837996,308,,
7838400,308,,
7838800,308,,
7839200,308,,
7839596,308,,
7839996,308,,
7840400,308,,
7840796,307,,
7841196,306,,
7841600,307,,
7842000,307,,
7842396,308,,
7842800,308,,
7843196,308,,
7843600,308,,
7844000,308,,
7844396,308,,
7844800,308,,
7845200,308,,
7845600,308,,
7846000,308,,
7846396,307,,
7846800,307,,
7847200,307,,
7847600,308,,
7848004,307,,
7848396,308,,
7848800,308,,
7849200,308,,
7849596,307,,
7849996,308,,
7850400,309,,
7850796,307,,
7851196,308,,
7851600,309,,
7852000,309,,
7852400,308,,
7852796,308,,
7853196,307,,
7853600,308,,
7853996,308,,
7854396,307,,
7854796,308,,
7855196,308,,
7855600,308,,
7855996,307,,
7856396,308,,
7856800,308,,
7857196,308,,
7857600,309,,
7857996,309,,
7858396,308,,
7858800,308,,
7859204,307,,
7859600,307,,
7859996,308,,
7860396,306,,
7860800,307,,
7861196,307,,
7861600,309,,
7861996,308,,
7862396,308,,
7862800,307,,
7863196,309,,
7863596,308,,
7863996,307,,
7864396,308,,
7864800,308,,
7865196,307,,
7865596,307,,
7866000,307,,
7866396,307,,
7866796,308,,
7867200,307,,
7867600,307,,
7867996,308,,
7868396,307,,
7868796,307,,
7869200,307,,
7869600,307,,
7869996,307,,
7870396,307,,
7870796,307,,
7871200,308,,
7871600,308,,
7871996,309,,
7872400,309,,
7872800,309,,
7873200,309,,
7873604,308,,
7873996,308,,
7874400,308,,
7874800,309,,
7875200,307,,
7875592,307,,
7876000,307,,
7876396,306,,
7876796,307,,
7877196,307,,
7877600,308,,
7878000,308,,
7878396,307,,
7878796,307,,
7879200,307,,
7879600,306,,
7880000,306,,
7880396,307,,
7880796,308,,
7881200,307,,
7881600,308,,
7882000,307,,
7882396,307,,
7882796,307,,
7883196,307,,
7883600,308,,
7883996,308,,
7884400,309,,
7884796,308,,
7885196,307,,
7885600,307,,
7886000,308,,
7886400,308,,
7886796,307,,
7887196,308,,
7887600,308,,
7888000,308,,
7888400,308,,
7888796,307,,
7889196,307,,
7889600,307,,
7890000,307,,
7890396,307,,
7890796,306,,
7891196,307,,
7891600,307,,
7891992,307,,
7892396,307,,
7892796,307,,
7893196,307,,
7893600,307,,
7893996,307,,
7894396,307,,
7894800,307,,
7895200,306,,
7895600,306,,
7895996,306,,
7896396,307,,
7896800,307,,
7897200,307,,
7897596,308,,
7897996,307,,
7898396,307,,
7898800,308,,
7899204,308,,
7899596,308,,
7899996,307,,
7900396,308,,
7900800,308,,
7901192,307,,
7901600,308,,
7902000,308,,
7902400,306,,
7902796,306,,
7903200,307,,
7903600,307,,
7903996,306,,
7904396,307,,
7904796,307,,
7905200,307,,
7905600,306,,
7905996,307,,
7906396,306,,
7906796,307,,
7907200,307,,
7907600,307,,
7907996,307,,
7908396,306,,
7908800,306,,
7909196,306,,
7909596,305,,
7910000,306,,
7910396,306,,
7910796,307,,
7911196,306,,
7911596,307,,
7912000,306,,
7912396,306,,
7912796,306,,
7913200,306,,
7913596,306,,
7914000,306,,
7914396,306,,
7914796,306,,
7915200,305,,
7915600,306,,
7916000,307,,
7916396,307,,
7916796,306,,
7917200,307,,
7917592,307,,
7918000,307,,
7918396,307,,
7918796,308,,
7919200,307,,
7919596,308,,
7919996,308,,
7920396,308,,
7920796,307,,
7921200,306,,
7921596,307,,
7921996,308,,
7922400,307,,
7922796,307,,
7923200,306,,
7923596,306,,
7923996,307,,
7924400,306,,
7924804,307,,
7925200,307,,
7925596,307,,
7925996,306,,
7926400,306,,
7926796,306,,
7927196,306,,
7927600,307,,
7928000,307,,
7928396,307,,
7928800,307,,
7929200,306,,
7929600,306,,
7930000,306,,
7930396,307,,
7930800,307,,
7931200,306,,
7931600,307,,
7932000,306,,
7932396,307,,
7932800,306,,
7933200,307,,
7933600,307,,
7933992,308,,
7934400,307,,
7934796,308,,
7935196,307,,
7935600,308,,
7936004,307,,
7936400,307,,
7936796,306,,
7937196,306,,
7937600,307,,
7938000,308,,
7938400,307,,
7938796,308,,
7939196,308,,
7939600,307,,
7939996,307,,
7940396,307,,
7940796,307,,
7941196,307,,
7941600,307,,
7941996,307,,
7942396,308,,
7942800,308,,
7943196,308,,
7943596,309,,
7944000,309,,
7944400,309,,
7944796,309,,
7945196,308,,
7945596,308,,
7946000,308,,
7946400,308,,
7946796,309,,
7947200,308,,
7947596,308,,
7948000,308,,
7948400,307,,
7948796,307,,
7949200,307,,
7949600,307,,
7950000,307,,
7950404,307,,
7950796,307,,
7951200,307,,
7951600,307,,
7952000,308,,
7952392,308,,
7952800,308,,
7953196,308,,
7953596,308,,
7954000,308,,
7954400,307,,
7954800,307,,
7955196,307,,
7955596,307,,
7956000,307,,
7956400,307,,
7956800,307,,
7957196,307,,
7957596,307,,
7958000,308,,
7958400,308,,
7958800,308,,
7959196,308,,
7959596,307,,
7959996,308,,
7960400,308,,
7960800,308,,
7961200,308,,
7961596,308,,
7961996,309,,
7962400,309,,
7962800,309,,
7963200,308,,
7963596,309,,
7963996,309,,
7964400,309,,
7964800,309,,
7965200,310,,
7965596,309,,
7965996,309,,
7966400,309,,
7966800,309,,
7967196,308,,
7967596,308,,
7967996,309,,
7968400,309,,
7968792,309,,
7969196,309,,
7969600,309,,
7969996,309,,
7970400,309,,
7970796,308,,
7971196,308,,
7971600,309,,
7972000,308,,
7972400,308,,
7972796,309,,
7973196,310,,
7973600,308,,
7974000,309,,
7974400,309,,
7974796,310,,
7975196,309,,
7975600,309,,
7976004,308,,
7976396,309,,
7976796,308,,
7977196,308,,
7977600,308,,
7977992,307,,
7978400,309,,
7978800,309,,
7979200,308,,
7979596,308,,
7980000,308,,
7980400,308,,
7980796,308,,
7981200,308,,
7981596,308,,
7982000,307,,
7982400,308,,
7982796,308,,
7983196,309,,
7983600,308,,
7984000,307,,
7984400,308,,
7984796,308,,
7985196,307,,
7985596,308,,
7985996,308,,
7986396,307,,
7986800,307,,
7987196,308,,
7987596,308,,
7987996,309,,
7988396,308,,
7988800,308,,
7989196,308,,
7989596,309,,
7990000,310,,
7990400,309,,
7990800,310,,
7991196,310,,
7991596,310,,
7992000,309,,
7992400,308,,
7992800,309,,
7993196,308,,
7993596,307,,
7994000,308,,
7994392,308,,
7994796,308,,
7995196,307,,
7995596,308,,
7996000,308,,
7996396,308,,
7996796,308,,
7997196,308,,
7997596,307,,
7998000,308,,
7998396,308,,
7998796,308,,
7999200,309,,
7999600,308,,
8000000,307,,
8000396,308,,
8000796,307,,
8001200,308,,
8001604,309,,
8002000,308,,
8002396,308,,
8002796,307,,
8003200,308,,
8003592,308,,
8003996,308,,
8004400,308,,
8004800,308,,
8005196,307,,
8005600,307,,
8006000,307,,
8006400,308,,
8006800,307,,
8007196,307,,
8007600,306,,
8008000,306,,
8008400,307,,
8008800,307,,
8009196,307,,
8009600,307,,
8010000,307,,
8010396,307,,
8010796,308,,
8011200,307,,
8011596,306,,
8011996,307,,
8012400,307,,
8012804,306,,
8013200,307,,
8013596,306,,
8013996,307,,
8014400,306,,
8014800,307,,
8015200,307,,
8015596,307,,
8015996,307,,
8016400,307,,
8016796,307,,
8017196,306,,
8017596,307,,
8017996,306,,
8018400,307,,
8018796,306,,
8019196,307,,
8019596,307,,
8019996,308,,
8020396,307,,
8020800,308,,
8021200,308,,
8021600,308,,
8021996,307,,
8022396,307,,
8022800,308,,
8023200,306,,
8023596,307,,
8023996,307,,
8024396,307,,
8024800,307,,
8025200,307,,
8025596,307,,
8026000,307,,
8026400,308,,
8026800,307,,
8027204,307,,
8027596,307,,
8028000,306,,
8028400,307,,
8028800,307,,
8029192,307,,
8029600,307,,
8029996,307,,
8030396,306,,
8030800,306,,
8031200,306,,
8031600,307,,
8031996,307,,
8032396,306,,
8032800,306,,
8033200,305,,
8033600,305,,
8033996,305,,
8034396,305,,
8034800,305,,
8035196,305,,
8035600,306,,
8035996,306,,
8036396,306,,
8036796,305,,
8037200,306,,
8037600,306,,
8038000,306,,
8038396,307,,
8038796,307,,
8039200,306,,
8039600,306,,
8040000,306,,
8040396,306,,
8040796,306,,
8041200,306,,
8041600,306,,
8041996,307,,
8042396,306,,
8042796,307,,
8043200,307,,
8043600,306,,
8043996,306,,
8044396,305,,
8044796,305,,
8045200,306,,
8045592,306,,
8045996,307,,
8046400,307,,
8046800,307,,
8047200,307,,
8047596,307,,
8047996,308,,
8048400,307,,
8048800,305,,
8049200,306,,
8049596,306,,
8049996,306,,
8050400,306,,
8050800,306,,
8051196,307,,
8051596,306,,
8051996,305,,
8052400,306,,
8052804,306,,
8053196,305,,
8053596,306,,
8053996,307,,
8054400,307,,
8054792,305,,
8055200,305,,
8055600,306,,
8056000,306,,
8056396,306,,
8056800,306,,
8057200,305,,
8057596,304,,
8057996,305,,
8058396,303,,
8058800,302,,
8059200,300,,
8059596,295,,
8059996,277,,
8060396,263,,
8060800,335,,
8061200,434,,
8061596,320,,
8061996,302,,
8062400,345,,
8062796,220,,
8063196,316,,
8063600,338,,
8063996,373,,
8064396,333,,
8064796,288,,
8065196,311,,
8065600,317,,
8065996,335,,
8066396,320,,
8066800,286,,
8067200,317,,
8067600,314,,
8067996,313,,
8068396,320,,
8068800,303,,
8069200,303,,
8069600,316,,
8069996,308,,
8070396,309,,
8070800,305,,
8071192,306,,
8071596,299,,
8071996,301,,
8072396,283,,
8072800,297,,
8073196,311,,
8073596,307,,
8074000,307,,
8074396,306,,
8074800,315,,
8075196,311,,
8075596,308,,
8076000,309,,
8076400,307,,
8076800,297,,
8077196,295,,
8077596,322,,
8078000,313,,
8078408,309,,
8078800,307,,
8079196,311,,
8079596,312,,
8080000,299,,
8080392,293,,
8080800,297,,
8081200,307,,
8081600,308,,
8081996,306,,
8082400,306,,
8082800,296,,
8083200,311,,
8083600,308,,
8083996,293,,
8084400,296,,
8084800,314,,
8085200,313,,
8085600,303,,
8085996,301,,
8086400,301,,
8086800,292,,
8087196,304,,
8087596,302,,
8088000,310,,
8088396,308,,
8088796,291,,
8089200,308,,
8089604,305,,
8090000,298,,
8090396,293,,
8090796,300,,
8091200,308,,
8091596,307,,
8092000,310,,
8092396,314,,
8092796,302,,
8093200,306,,
8093596,315,,
8093996,321,,
8094396,301,,
8094796,308,,
8095200,314,,
8095596,304,,
8095996,301,,
8096400,309,,
8096796,307,,
8097196,307,,
8097600,302,,
8098000,302,,
8098396,309,,
8098796,302,,
8099196,304,,
8099600,310,,
8100000,311,,
8100396,311,,
8100796,304,,
8101196,309,,
8101600,315,,
8102000,308,,
8102396,304,,
8102800,305,,
8103200,302,,
8103600,306,,
8104004,307,,
8104396,307,,
8104800,306,,
8105200,304,,
8105600,309,,
8105992,304,,
8106400,309,,
8106796,308,,
8107196,305,,
8107596,301,,
8108000,308,,
8108400,309,,
8108796,302,,
8109196,314,,
8109600,308,,
8110000,311,,
8110400,309,,
8110796,310,,
8111196,308,,
8111600,302,,
8111996,307,,
8112396,305,,
8112796,303,,
8113196,305,,
8113596,304,,
8114000,308,,
8114400,313,,
8114800,311,,
8115196,307,,
8115596,309,,
8116000,311,,
8116400,308,,
8116800,310,,
8117196,304,,
8117596,311,,
8118000,309,,
8118400,310,,
8118796,311,,
8119196,309,,
8119596,307,,
8120000,306,,
8120400,305,,
8120796,307,,
8121200,311,,
8121596,310,,
8122000,310,,
8122392,306,,
8122796,308,,
8123200,306,,
8123600,307,,
8124000,306,,
8124396,310,,
8124796,312,,
8125200,308,,
8125600,311,,
8126000,310,,
8126396,307,,
8126796,309,,
8127200,310,,
8127600,305,,
8127996,304,,
8128396,310,,
8128796,303,,
8129200,306,,
8129604,308,,
8129996,306,,
8130400,304,,
8130796,311,,
8131200,310,,
8131592,309,,
8132000,309,,
8132396,309,,
8132800,308,,
8133196,308,,
8133600,310,,
8134000,311,,
8134396,309,,
8134796,309,,
8135196,311,,
8135600,310,,
8136000,307,,
8136396,310,,
8136796,309,,
8137200,308,,
8137600,311,,
8138000,309,,
8138396,308,,
8138796,306,,
8139196,307,,
8139596,308,,
8139996,308,,
8140400,307,,
8140796,308,,
8141196,307,,
8141596,307,,
8141996,310,,
8142400,309,,
8142796,309,,
8143196,309,,
8143600,307,,
8144000,309,,
8144400,308,,
8144796,309,,
8145196,309,,
8145600,312,,
8146000,312,,
8146400,310,,
8146796,312,,
8147196,311,,
8147600,309,,
8147992,311,,
8148400,310,,
8148796,310,,
8149196,310,,
8149600,309,,
8149996,311,,
8150396,309,,
8150796,307,,
8151196,310,,
8151600,309,,
8151996,308,,
8152396,310,,
8152800,308,,
8153200,309,,
8153600,310,,
8153996,309,,
8154396,310,,
8154800,307,,
8155204,309,,
8155600,309,,
8155996,309,,
8156396,309,,
8156800,309,,
8157192,307,,
8157600,307,,
8158000,307,,
8158400,308,,
8158796,308,,
8159200,307,,
8159600,308,,
8160000,308,,
8160400,308,,
8160796,308,,
8161200,309,,
8161600,308,,
8161996,310,,
8162400,310,,
8162796,309,,
8163200,309,,
8163600,309,,
8163996,308,,
8164396,309,,
8164800,308,,
8165196,308,,
8165596,310,,
8166000,309,,
8166408,309,,
8166800,309,,
8167196,310,,
8167596,312,,
8168000,312,,
8168396,310,,
8168796,310,,
8169196,310,,
8169596,308,,
8170000,308,,
8170396,309,,
8170796,310,,
8171196,309,,
8171596,307,,
8172000,309,,
8172396,310,,
8172796,309,,
8173200,308,,
8173596,307,,
8173996,307,,
8174400,307,,
8174800,307,,
8175196,307,,
8175596,307,,
8175996,307,,
8176400,308,,
8176800,308,,
8177196,307,,
8177600,307,,
8177996,308,,
8178400,308,,
8178800,307,,
8179196,308,,
8179600,310,,
8180000,309,,
8180400,307,,
8180804,306,,
8181196,307,,
8181600,309,,
8182000,308,,
8182400,308,,
8182792,308,,
8183200,308,,
8183596,308,,
8183996,308,,
8184400,308,,
8184800,306,,
8185200,307,,
8185596,305,,
8185996,307,,
8186400,308,,
8186800,307,,
8187200,306,,
8187596,307,,
8187996,306,,
8188400,306,,
8188796,308,,
8189200,307,,
8189596,306,,
8189996,306,,
8190396,307,,
8190800,306,,
8191200,307,,
8191600,307,,
8191996,307,,
8192396,306,,
8192800,306,,
8193200,305,,
8193600,307,,
8193996,307,,
8194396,308,,
8194800,307,,
8195200,307,,
8195596,307,,
8195996,307,,
8196396,306,,
8196800,308,,
8197200,308,,
8197596,308,,
8198000,308,,
8198400,308,,
8198800,308,,
8199192,307,,
8199596,307,,
8200000,306,,
8200400,306,,
8200800,307,,
8201196,306,,
8201596,307,,
8202000,307,,
8202400,306,,
8202796,307,,
8203196,307,,
8203596,305,,
8204000,307,,
8204400,307,,
8204796,306,,
8205196,306,,
8205596,306,,
8206000,306,,
8206404,305,,
8206796,306,,
8207200,306,,
8207600,305,,
8208000,305,,
8208392,306,,
8208800,306,,
8209196,306,,
8209596,307,,
8209996,307,,
8210400,305,,
8210800,306,,
8211196,306,,
8211596,306,,
8211996,305,,
8212400,305,,
8212800,305,,
8213196,305,,
8213596,305,,
8214000,306,,
8214400,306,,
8214800,305,,
8215196,305,,
8215596,305,,
8215996,306,,
8216396,305,,
8216796,305,,
8217200,304,,
8217596,305,,
8217996,306,,
8218400,306,,
8218796,306,,
8219200,307,,
8219596,307,,
8219996,306,,
8220400,306,,
8220800,306,,
8221200,306,,
8221596,306,,
8221996,305,,
8222400,307,,
8222800,306,,
8223200,306,,
8223596,306,,
8223996,306,,
8224400,306,,
8224792,306,,
8225196,307,,
8225596,306,,
8225996,305,,
8226400,305,,
8226796,306,,
8227196,305,,
8227596,306,,
8227996,306,,
8228400,306,,
8228796,306,,
8229196,306,,
8229600,307,,
8230000,307,,
8230400,307,,
8230796,307,,
8231196,307,,
8231600,307,,
8232004,306,,
8232400,307,,
8232796,307,,
8233196,305,,
8233600,306,,
8233992,307,,
8234396,307,,
8234800,307,,
8235200,306,,
8235596,306,,
8236000,306,,
8236400,305,,
8236800,305,,
8237200,306,,
8237596,307,,
8238000,307,,
8238400,307,,
8238796,307,,
8239196,306,,
8239596,306,,
8240000,307,,
8240400,307,,
8240796,307,,
8241196,308,,
8241600,308,,
8241996,308,,
8242396,307,,
8242800,307,,
8243196,307,,
8243600,307,,
8243996,308,,
8244396,308,,
8244800,308,,
8245196,308,,
8245596,308,,
8245996,308,,
8246396,307,,
8246800,308,,
8247196,307,,
8247596,307,,
8248000,307,,
8248396,307,,
8248800,308,,
8249196,307,,
8249596,308,,
8250000,308,,
8250396,307,,
8250796,308,,
8251200,308,,
8251600,308,,
8251996,308,,
8252396,307,,
8252796,307,,
8253200,307,,
8253600,307,,
8253996,308,,
8254400,308,,
8254800,308,,
8255200,308,,
8255600,308,,
8255996,309,,
8256400,308,,
8256800,308,,
8257200,308,,
8257604,308,,
8257996,309,,
8258400,308,,
8258800,308,,
8259196,308,,
8259596,308,,
8260000,308,,
8260396,308,,
8260796,310,,
8261200,309,,
8261600,309,,
8262000,308,,
8262396,308,,
8262796,308,,
8263200,308,,
8263600,308,,
8264000,308,,
8264396,309,,
8264796,308,,
8265200,308,,
8265596,308,,
8265996,308,,
8266396,308,,
8266796,308,,
8267196,307,,
8267600,308,,
8268000,308,,
8268400,308,,
8268796,308,,
8269196,308,,
8269600,309,,
8270000,309,,
8270400,309,,
8270796,310,,
8271196,310,,
8271600,310,,
8272000,310,,
8272396,310,,
8272796,309,,
8273196,310,,
8273600,310,,
8274000,310,,
8274396,309,,
8274800,309,,
8275196,310,,
8275600,309,,
8275992,309,,
8276396,309,,
8276800,309,,
8277200,309,,
8277600,308,,
8277996,309,,
8278396,308,,
8278800,308,,
8279200,309,,
8279600,308,,
8279996,309,,
8280396,308,,
8280800,308,,
8281200,308,,
8281596,308,,
8282000,309,,
8282396,308,,
8282800,309,,
8283204,308,,
8283596,308,,
8284000,308,,
8284400,308,,
8284800,308,,
8285192,307,,
8285600,308,,
8285996,307,,
8286396,308,,
8286796,308,,
8287200,308,,
8287600,309,,
8287996,309,,
8288396,309,,
8288800,308,,
8289200,309,,
8289600,309,,
8289996,309,,
8290396,310,,
8290800,308,,
8291200,309,,
8291600,309,,
8291996,307,,
8292396,307,,
8292796,308,,
8293196,308,,
8293596,307,,
8294000,307,,
8294396,307,,
8294796,308,,
8295200,306,,
8295600,306,,
8296000,306,,
8296396,308,,
8296796,307,,
8297200,308,,
8297600,308,,
8298000,307,,
8298396,308,,
8298796,308,,
8299200,307,,
8299600,309,,
8300000,308,,
8300396,308,,
8300796,308,,
8301200,309,,
8301592,308,,
8301996,308,,
8302396,308,,
8302796,309,,
8303200,308,,
8303596,308,,
8303996,309,,
8304400,308,,
8304796,308,,
8305200,309,,
8305596,308,,
8305996,309,,
8306400,308,,
8306800,308,,
8307200,308,,
8307596,308,,
8307996,309,,
8308400,307,,
8308804,308,,
8309200,308,,
8309596,307,,
8309996,308,,
8310400,308,,
8310792,308,,
8311200,308,,
8311600,307,,
8312000,307,,
8312396,308,,
8312800,307,,
8313200,308,,
8313600,307,,
8314000,308,,
8314396,307,,
8314800,307,,
8315200,307,,
8315596,307,,
8316000,308,,
8316396,308,,
8316800,307,,
8317200,307,,
8317596,309,,
8317996,308,,
8318400,309,,
8318796,308,,
8319196,307,,
8319600,309,,
8320004,307,,
8320400,308,,
8320796,307,,
8321196,308,,
8321600,308,,
8321996,307,,
8322396,309,,
8322796,306,,
8323196,307,,
8323600,307,,
8323996,307,,
8324396,308,,
8324800,306,,
8325200,306,,
8325600,306,,
8325996,306,,
8326396,307,,
8326800,307,,
8327196,306,,
8327596,307,,
8328000,306,,
8328400,306,,
8328796,305,,
8329200,306,,
8329596,306,,
8330000,307,,
8330400,305,,
8330796,306,,
8331200,306,,
8331600,306,,
8332000,306,,
8332400,306,,
8332796,306,,
8333200,306,,
8333600,307,,
8334000,306,,
8334404,306,,
8334796,306,,
8335200,306,,
8335600,305,,
8335996,306,,
8336396,306,,
8336800,306,,
8337196,305,,
8337596,306,,
8338000,307,,
8338400,306,,
8338800,306,,
8339196,307,,
8339596,307,,
8340000,307,,
8340396,308,,
8340800,307,,
8341196,306,,
8341596,306,,
8342000,307,,
8342396,307,,
8342796,306,,
8343196,305,,
8343596,306,,
8343996,306,,
8344400,306,,
8344800,306,,
8345200,306,,
8345596,305,,
8345996,304,,
8346400,304,,
8346800,304,,
8347196,304,,
8347596,304,,
8347996,304,,
8348400,305,,
8348800,306,,
8349196,306,,
8349596,306,,
8349996,306,,
8350400,307,,
8350800,307,,
8351196,307,,
8351600,306,,
8352000,305,,
8352400,304,,
8352792,305,,
8353196,306,,
8353600,306,,
8354000,307,,
8354400,306,,
8354796,306,,
8355196,306,,
8355600,305,,
8356000,305,,
8356400,306,,
8356796,306,,
8357196,306,,
8357600,307,,
8358000,307,,
8358396,307,,
8358796,306,,
8359196,307,,
8359600,306,,
8360004,306,,
8360396,306,,
8360800,305,,
8361196,306,,
8361600,305,,
8361992,305,,
8362400,306,,
8362796,305,,
8363200,305,,
8363596,305,,
8364000,305,,
8364400,305,,
8364796,306,,
8365196,307,,
8365596,306,,
8366000,307,,
8366400,306,,
8366796,307,,
8367196,307,,
8367600,308,,
8368000,307,,
8368400,308,,
8368796,307,,
8369196,306,,
8369596,306,,
8370000,306,,
8370396,307,,
8370800,307,,
8371196,306,,
8371596,306,,
8372000,306,,
8372400,306,,
8372800,306,,
8373196,306,,
8373596,306,,
8374000,306,,
8374400,306,,
8374800,306,,
8375196,305,,
8375596,305,,
8376000,307,,
8376400,306,,
8376796,307,,
8377196,306,,
8377596,306,,
8378000,307,,
8378392,307,,
8378796,307,,
8379196,306,,
8379596,307,,
8380000,307,,
8380396,306,,
8380796,306,,
8381200,307,,
8381600,307,,
8382000,306,,
8382396,307,,
8382796,306,,
8383200,307,,
8383600,307,,
8384000,306,,
8384396,307,,
8384796,307,,
8385200,307,,
8385604,306,,
8385996,307,,
8386396,306,,
8386796,307,,
8387200,308,,
8387592,306,,
8388000,307,,
8388400,307,,
8388800,306,,
8389196,306,,
8389600,307,,
8390000,308,,
8390400,306,,
8390800,305,,
8391196,307,,
8391600,306,,
8392000,306,,
8392396,307,,
8392796,307,,
8393196,308,,
8393600,307,,
8394000,307,,
8394396,307,,
8394796,306,,
8395200,307,,
8395596,306,,
8395996,306,,
8396400,307,,
8396796,307,,
8397200,307,,
8397596,306,,
8397996,306,,
8398400,307,,
8398796,307,,
8399196,306,,
8399596,306,,
8399996,308,,
8400400,306,,
8400796,307,,
8401196,308,,
8401600,307,,
8401996,306,,
8402400,307,,
8402796,307,,
8403196,307,,
8403600,308,,
8403996,307,,
8404396,306,,
8404800,307,,
8405200,306,,
8405596,306,,
8405996,307,,
8406396,307,,
8406800,308,,
8407200,307,,
8407596,306,,
8408000,307,,
8408400,307,,
8408800,308,,
8409200,307,,
8409596,308,,
8410000,308,,
8410400,307,,
8410796,309,,
8411204,308,,
8411596,308,,
8412000,309,,
8412400,309,,
8412796,307,,
8413196,308,,
8413600,308,,
8413996,308,,
8414396,310,,
8414800,308,,
8415200,310,,
8415600,308,,
8415996,308,,
8416396,309,,
8416800,308,,
8417196,309,,
8417596,309,,
8417996,308,,
8418396,310,,
8418800,308,,
8419196,309,,
8419596,309,,
8419996,310,,
8420396,309,,
8420796,309,,
8421200,309,,
8421600,308,,
8422000,309,,
8422396,309,,
8422796,308,,
8423200,309,,
8423600,308,,
8423996,308,,
8424396,309,,
8424796,308,,
8425200,309,,
8425600,309,,
8425996,308,,
8426400,309,,
8426796,308,,
8427200,308,,
8427600,308,,
8427996,308,,
8428400,309,,
8428800,308,,
8429200,310,,
8429592,308,,
8429996,310,,
8430400,309,,
8430800,309,,
8431200,310,,
8431596,308,,
8431996,309,,
8432400,309,,
8432800,309,,
8433196,310,,
8433596,308,,
8433996,311,,
8434400,311,,
8434800,310,,
8435196,310,,
8435596,309,,
8435996,309,,
8436400,311,,
8436804,310,,
8437196,310,,
8437600,309,,
8438000,310,,
8438400,309,,
8438792,308,,
8439200,310,,
8439596,310,,
8439996,308,,
8440396,309,,
8440800,310,,
8441200,310,,
8441596,309,,
8441996,308,,
8442396,308,,
8442800,309,,
8443200,310,,
8443596,311,,
8443996,311,,
8444400,312,,
8444800,311,,
8445200,311,,
8445596,310,,
8445996,311,,
8446396,311,,
8446796,311,,
8447196,312,,
8447600,312,,
8447996,312,,
8448396,312,,
8448800,311,,
8449196,311,,
8449600,311,,
8449996,310,,
8450396,309,,
8450800,309,,
8451200,308,,
8451600,308,,
8451996,309,,
8452396,309,,
8452800,309,,
8453200,310,,
8453596,310,,
8453996,310,,
8454396,310,,
8454800,309,,
8455192,310,,
8455596,310,,
8456000,311,,
8456396,309,,
8456800,310,,
8457196,309,,
8457596,309,,
8458000,309,,
8458400,310,,
8458800,310,,
8459196,309,,
8459596,309,,
8460000,309,,
8460400,309,,
8460800,311,,
8461196,310,,
8461596,309,,
8462000,310,,
8462404,309,,
8462796,310,,
8463196,309,,
8463596,310,,
8464000,310,,
8464392,310,,
8464800,309,,
8465200,308,,
8465600,309,,
8465996,308,,
8466400,308,,
8466800,309,,
8467196,308,,
8467600,307,,
8467996,307,,
8468400,307,,
8468800,308,,
8469196,308,,
8469596,309,,
8469996,309,,
8470400,308,,
8470800,308,,
8471196,308,,
8471596,308,,
8472000,309,,
8472396,309,,
8472796,309,,
8473200,308,,
8473596,307,,
8473996,306,,
8474396,307,,
8474796,307,,
8475200,306,,
8475596,305,,
8475996,305,,
8476396,306,,
8476796,306,,
8477200,305,,
8477596,305,,
8477996,307,,
8478400,306,,
8478800,305,,
8479200,305,,
8479596,307,,
8479996,306,,
8480400,306,,
8480796,307,,
8481196,308,,
8481600,306,,
8482000,307,,
8482396,306,,
8482800,306,,
8483196,308,,
8483600,307,,
8484000,306,,
8484396,306,,
8484800,307,,
8485200,307,,
8485600,307,,
8486000,307,,
8486396,308,,
8486800,308,,
8487200,309,,
8487600,307,,
8488004,308,,
8488396,307,,
8488800,307,,
8489200,308,,
8489596,308,,
8489996,308,,
8490400,308,,
8490796,306,,
8491196,307,,
8491600,306,,
8492000,306,,
8492400,306,,
8492796,306,,
8493196,306,,
8493600,305,,
8494000,306,,
8494396,305,,
8494796,305,,
8495196,305,,
8495600,306,,
8495996,306,,
8496396,306,,
8496800,306,,
8497196,306,,
8497596,307,,
8498000,306,,
8498400,306,,
8498796,307,,
8499196,306,,
8499596,307,,
8500000,307,,
8500400,307,,
8500796,306,,
8501196,306,,
8501596,306,,
8502000,307,,
8502400,306,,
8502796,307,,
8503200,306,,
8503600,306,,
8504000,306,,
8504400,305,,
8504796,307,,
8505200,306,,
8505600,306,,
8506000,307,,
8506392,307,,
8506796,307,,
8507200,307,,
8507600,307,,
8508000,307,,
8508396,307,,
8508796,306,,
8509200,307,,
8509600,306,,
8509996,306,,
8510396,306,,
8510796,307,,
8511200,306,,
8511600,306,,
8511996,305,,
8512400,305,,
8512796,306,,
8513200,307,,
8513604,307,,
8513996,307,,
8514400,306,,
8514800,307,,
8515200,307,,
8515592,306,,
8516000,307,,
8516396,307,,
8516796,307,,
8517196,306,,
8517600,307,,
8518000,307,,
8518396,307,,
8518796,306,,
8519200,307,,
8519600,307,,
8520000,306,,
8520396,306,,
8520796,307,,
8521200,307,,
8521600,306,,
8522000,306,,
8522396,307,,
8522796,307,,
8523196,306,,
8523596,307,,
8523996,307,,
8524400,307,,
8524796,307,,
8525196,307,,
8525600,306,,
8526000,307,,
8526400,306,,
8526796,306,,
8527196,306,,
8527600,306,,
8528000,306,,
8528400,306,,
8528796,307,,
8529196,305,,
8529600,307,,
8530000,306,,
8530396,307,,
8530796,307,,
8531196,306,,
8531600,307,,
8531992,306,,
8532396,306,,
8532796,308,,
8533196,307,,
8533600,307,,
8533996,307,,
8534396,308,,
8534800,307,,
8535200,307,,
8535600,307,,
8535996,306,,
8536396,307,,
8536800,307,,
8537200,307,,
8537596,308,,
8537996,307,,
8538396,308,,
8538800,307,,
8539204,308,,
8539596,308,,
8539996,308,,
8540396,307,,
8540800,308,,
8541192,307,,
8541600,307,,
8542000,307,,
8542400,307,,
8542796,308,,
8543200,307,,
8543600,307,,
8543996,307,,
8544396,307,,
8544796,306,,
8545200,307,,
8545600,306,,
8545996,306,,
8546396,307,,
8546796,307,,
8547200,308,,
8547600,308,,
8547996,306,,
8548396,307,,
8548800,307,,
8549196,306,,
8549596,306,,
8550000,306,,
8550396,306,,
8550796,307,,
8551196,306,,
8551596,307,,
8552000,306,,
8552396,306,,
8552796,306,,
8553200,307,,
8553596,308,,
8554000,307,,
8554396,308,,
8554796,307,,
8555200,307,,
8555600,307,,
8556000,307,,
8556396,307,,
8556796,307,,
8557200,307,,
8557596,308,,
8557996,308,,
8558400,308,,
8558800,307,,
8559196,307,,
8559600,308,,
8560000,308,,
8560400,307,,
8560800,307,,
8561196,308,,
8561600,307,,
8562000,307,,
8562400,307,,
8562800,308,,
8563196,307,,
8563600,307,,
8564000,307,,
8564400,307,,
8564804,307,,
8565196,308,,
8565600,308,,
8566000,308,,
8566396,307,,
8566796,307,,
8567200,307,,
8567596,308,,
8567996,308,,
8568400,307,,
8568800,308,,
8569200,308,,
8569596,308,,
8569996,308,,
8570400,309,,
8570796,309,,
8571200,308,,
8571596,308,,
8571996,307,,
8572400,308,,
8572796,307,,
8573196,307,,
8573596,307,,
8573996,307,,
8574396,308,,
8574800,307,,
8575200,307,,
8575600,307,,
8575996,307,,
8576396,307,,
8576800,306,,
8577200,306,,
8577596,308,,
8577996,307,,
8578396,308,,
8578800,308,,
8579200,308,,
8579596,308,,
8580000,308,,
8580400,308,,
8580800,307,,
8581200,307,,
8581596,308,,
8582000,307,,
8582400,307,,
8582800,306,,
8583192,307,,
8583596,307,,
8584000,308,,
8584400,306,,
8584796,308,,
8585196,307,,
8585596,307,,
8586000,307,,
8586400,308,,
8586796,308,,
8587196,308,,
8587596,309,,
8588000,309,,
8588400,309,,
8588796,309,,
8589200,309,,
8589600,310,,
8590000,310,,
8590404,310,,
8590796,310,,
8591200,310,,
8591600,309,,
8592000,309,,
8592392,309,,
8592800,309,,
8593196,309,,
8593596,308,,
8593996,307,,
8594400,308,,
8594800,308,,
8595196,308,,
8595596,308,,
8596000,308,,
8596400,308,,
8596800,306,,
8597196,308,,
8597596,308,,
8598000,308,,
8598400,307,,
8598800,308,,
8599196,309,,
8599596,310,,
8599996,309,,
8600400,309,,
8600796,309,,
8601200,309,,
8601596,309,,
8601996,309,,
8602400,309,,
8602800,309,,
8603200,309,,
8603596,309,,
8603996,310,,
8604400,309,,
8604800,310,,
8605200,309,,
8605596,309,,
8605996,309,,
8606400,310,,
8606800,310,,
8607196,309,,
8607596,310,,
8607996,310,,
8608400,309,,
8608792,310,,
8609196,309,,
8609600,309,,
8609996,309,,
8610400,309,,
8610796,308,,
8611196,308,,
8611600,309,,
8612000,309,,
8612400,308,,
8612796,308,,
8613196,307,,
8613600,307,,
8614000,308,,
8614400,308,,
8614796,307,,
8615196,308,,
8615600,309,,
8616004,309,,
8616396,308,,
8616796,308,,
8617196,308,,
8617600,309,,
8617992,309,,
8618400,308,,
8618800,307,,
8619200,308,,
8619596,308,,
8620000,307,,
8620400,309,,
8620800,308,,
8621200,308,,
8621596,308,,
8622000,308,,
8622400,308,,
8622796,307,,
8623196,308,,
8623600,308,,
8624000,308,,
8624400,308,,
8624796,308,,
8625196,308,,
8625596,309,,
8625996,308,,
8626396,309,,
8626800,308,,
8627196,307,,
8627596,308,,
8627996,308,,
8628396,307,,
8628800,307,,
8629196,307,,
8629596,307,,
8630000,307,,
8630400,307,,
8630800,307,,
8631196,306,,
8631596,307,,
8632000,307,,
8632400,307,,
8632800,306,,
8633196,307,,
8633596,308,,
8634000,308,,
8634392,307,,
8634800,307,,
8635196,306,,
8635596,306,,
8636000,305,,
8636396,307,,
8636796,306,,
8637196,306,,
8637596,306,,
8638000,306,,
8638396,307,,
8638796,307,,
8639200,307,,
8639596,307,,
8640000,308,,
8640396,306,,
8640796,307,,
8641200,307,,
8641604,306,,
8642000,306,,
8642396,306,,
8642796,307,,
8643200,306,,
8643592,306,,
8643996,306,,
8644400,306,,
8644800,305,,
8645196,305,,
8645600,306,,
8646000,305,,
8646400,306,,
8646800,306,,
8647196,306,,
8647600,307,,
8648000,307,,
8648400,306,,
8648800,305,,
8649196,305,,
8649600,305,,
8650000,306,,
8650396,307,,
8650796,307,,
8651200,307,,
8651596,306,,
8651996,307,,
8652400,307,,
8652804,307,,
8653200,307,,
8653596,307,,
8653996,307,,
8654400,307,,
8654800,307,,
8655200,307,,
8655596,307,,
8655996,306,,
8656400,307,,
8656796,308,,
8657196,306,,
8657596,306,,
8657996,307,,
8658400,307,,
8658796,306,,
8659196,307,,
8659596,307,,
8659996,306,,
8660396,306,,
8660800,306,,
8661200,306,,
8661600,307,,
8661996,306,,
8662396,306,,
8662800,306,,
8663200,306,,
8663596,306,,
8663996,306,,
8664396,306,,
8664800,307,,
8665200,306,,
8665596,306,,
8666000,307,,
8666400,307,,
8666800,306,,
8667204,306,,
8667596,307,,
8668000,308,,
8668400,307,,
8668800,307,,
8669192,307,,
8669600,308,,
8669996,307,,
8670396,307,,
8670800,307,,
8671200,306,,
8671600,307,,
8671996,306,,
8672396,307,,
8672800,307,,
8673200,307,,
8673600,307,,
8673996,307,,
8674396,306,,
8674800,306,,
8675196,307,,
8675600,306,,
8675996,306,,
8676396,306,,
8676796,307,,
8677200,308,,
8677600,307,,
8678000,307,,
8678396,307,,
8678796,307,,
8679200,307,,
8679600,307,,
8680000,308,,
8680396,307,,
8680796,307,,
8681200,308,,
8681600,307,,
8681996,306,,
8682396,306,,
8682796,305,,
8683200,306,,
8683600,307,,
8683996,307,,
8684396,306,,
8684796,306,,
8685200,306,,
8685592,306,,
8685996,307,,
8686400,305,,
8686800,306,,
8687200,306,,
8687596,307,,
8687996,306,,
8688400,306,,
8688800,307,,
8689200,306,,
8689596,307,,
8689996,307,,
8690400,307,,
8690800,306,,
8691200,306,,
8691596,307,,
8691996,306,,
8692400,305,,
8692804,306,,
8693196,307,,
8693596,305,,
8693996,306,,
8694400,306,,
8694792,307,,
8695200,307,,
8695600,305,,
8696000,305,,
8696396,306,,
8696800,306,,
8697200,306,,
8697596,307,,
8698000,307,,
8698396,306,,
8698800,306,,
8699200,307,,
8699596,308,,
8699996,308,,
8700396,307,,
8700800,307,,
8701200,307,,
8701596,307,,
8701996,307,,
8702400,307,,
8702796,307,,
8703196,306,,
8703600,307,,
8703996,307,,
8704396,307,,
8704796,306,,
8705196,307,,
8705600,307,,
8705996,306,,
8706396,306,,
8706796,306,,
8707200,305,,
8707600,306,,
8707996,306,,
8708396,307,,
8708800,307,,
8709200,307,,
8709600,306,,
8709996,307,,
8710396,308,,
8710800,308,,
8711192,307,,
8711596,307,,
8711996,307,,
8712396,306,,
8712800,306,,
8713196,307,,
8713596,308,,
8713996,308,,
8714396,306,,
8714800,308,,
8715196,308,,
8715596,307,,
8716000,307,,
8716400,307,,
8716800,316,,
8717196,303,,
8717596,284,,
8718000,278,,
8718404,386,,
8718800,537,,
8719200,327,,8718832
8719600,306,,
8720000,251,,
8720392,206,,
8720796,293,,
8721200,375,,
8721600,345,,
8721996,287,,
8722400,327,,
8722800,310,,
8723200,334,,
8723596,321,,
8724000,296,,
8724400,308,,
8724796,307,,
8725200,313,,
8725600,314,,
8726000,309,,
8726396,298,,
8726800,295,,
8727200,313,,
8727592,306,,
8727996,313,,
8728400,307,,
8728800,310,,
8729196,304,,
8729608,330,,
8730000,307,,
8730400,315,,
8730796,279,,
8731200,295,,
8731600,317,,
8731996,319,,
8732400,305,,
8732800,318,,
8733200,318,,
8733596,308,,
8734000,305,,
8734400,305,,
8734796,309,,
8735200,304,,
8735600,312,,
8736000,312,,
8736396,312,,
8736796,304,,
8737200,308,,
8737600,295,,
8737996,301,,
8738400,315,,
8738800,307,,
8739196,308,,
8739600,308,,
8740000,307,,
8740400,307,,
8740796,315,,
8741200,306,,
8741600,299,,
8741996,309,,
8742400,313,,
8742800,308,,
8743200,313,,
8743596,316,,
8744008,293,,
8744400,315,,
8744796,303,,
8745200,309,,
8745600,313,,
8745996,310,,
8746396,308,,
8746800,307,,
8747200,300,,
8747600,310,,
8747996,303,,
8748400,317,,
8748800,305,,
8749196,306,,
8749600,302,,
8750000,306,,
8750400,306,,
8750796,306,,
8751200,316,,
8751600,308,,
8751996,305,,
8752396,313,,
8752800,307,,
8753196,308,,
8753600,311,,
8753996,306,,
8754400,302,,
8754800,302,,
8755196,304,,
8755600,308,,
8756000,310,,
8756400,306,,
8756796,306,,
8757200,307,,
8757600,309,,
8757996,304,,
8758400,306,,
8758800,312,,
8759196,313,,
8759596,306,,
8760000,309,,
8760400,306,,
8760796,310,,
8761200,305,,
8761600,308,,
8761996,306,,
8762396,310,,
8762800,310,,
8763200,304,,
8763600,304,,
8763996,307,,
8764400,309,,
8764800,304,,
8765200,305,,
8765596,303,,
8766000,304,,
8766400,311,,
8766800,304,,
8767196,308,,
8767600,312,,
8768000,311,,
8768396,312,,
8768800,307,,
8769200,309,,
8769604,312,,
8770000,309,,
8770400,308,,
8770800,307,,
8771196,308,,
8771596,308,,
8772000,308,,
8772400,307,,
8772796,310,,
8773200,310,,
8773600,308,,
8774000,311,,
8774396,308,,
8774800,310,,
8775200,308,,
8775596,309,,
8776000,306,,
8776400,308,,
8776800,309,,
8777196,307,,
8777600,308,,
8778000,307,,
8778396,308,,
8778796,312,,
8779200,311,,
8779596,307,,
8779996,307,,
8780400,308,,
8780800,307,,
8781196,307,,
8781600,311,,
8782000,309,,
8782396,310,,
8782800,310,,
8783200,310,,
8783600,310,,
8783996,311,,
8784400,309,,
8784800,307,,
8785196,305,,
8785600,308,,
8786000,309,,
8786400,309,,
8786796,310,,
8787200,308,,
8787600,307,,
8787992,313,,
8788400,310,,
8788800,310,,
8789200,309,,
8789596,311,,
8790000,305,,
8790400,307,,
8790800,308,,
8791196,308,,
8791600,311,,
8792000,309,,
8792396,307,,
8792800,308,,
8793200,308,,
8793600,309,,
8793996,310,,
8794400,308,,
8794800,310,,
8795204,309,,
8795596,307,,
8796000,307,,
8796400,308,,
8796796,310,,
8797196,307,,
8797600,309,,
8798000,309,,
8798396,311,,
8798800,309,,
8799200,309,,
8799600,308,,
8799996,310,,
8800400,310,,
8800800,308,,
8801196,310,,
8801600,307,,
8802000,309,,
8802400,308,,
8802796,309,,
8803200,310,,
8803600,308,,
8803996,310,,
8804396,311,,
8804800,310,,
8805196,311,,
8805596,310,,
8806000,309,,
8806400,308,,
8806796,309,,
8807200,309,,
8807600,308,,
8807996,307,,
8808400,311,,
8808800,310,,
8809200,308,,
8809596,310,,
8810000,311,,
8810400,308,,
8810796,311,,
8811200,310,,
8811600,307,,
8812000,309,,
8812396,310,,
8812800,308,,
8813200,309,,
8813592,311,,
8814000,309,,
8814400,309,,
8814800,308,,
8815196,307,,
8815600,307,,
8816000,308,,
8816400,308,,
8816796,308,,
8817200,307,,
8817600,308,,
8817996,307,,
8818400,307,,
8818800,309,,
8819200,307,,
8819596,310,,
8820000,308,,
8820400,308,,
8820804,310,,
8821200,308,,
8821600,308,,
8822000,308,,
8822396,307,,
8822796,309,,
8823200,308,,
8823600,308,,
8823996,310,,
8824400,309,,
8824800,309,,
8825200,309,,
8825596,308,,
8826000,309,,
8826400,307,,
8826796,308,,
8827200,308,,
8827600,307,,
8828000,308,,
8828396,307,,
8828800,307,,
8829200,308,,
8829596,309,,
8829996,309,,
8830400,308,,
8830796,308,,
8831200,308,,
8831600,307,,
8832000,307,,
8832396,306,,
8832800,307,,
8833200,306,,
8833596,307,,
8834000,306,,
8834400,307,,
8834800,308,,
8835196,306,,
8835600,307,,
8836000,306,,
8836396,307,,
8836800,309,,
8837200,306,,
8837600,308,,
8837996,306,,
8838400,307,,
8838800,307,,
8839192,307,,
8839600,308,,
8840000,307,,
8840400,307,,
8840796,307,,
8841200,308,,
8841600,307,,
8842000,306,,
8842396,307,,
8842800,306,,
8843200,306,,
8843600,307,,
8843996,307,,
8844400,306,,
8844800,306,,
8845196,307,,
8845600,306,,
8846000,307,,
8846404,307,,
8846796,306,,
8847200,306,,
8847600,306,,
8847996,307,,
8848396,307,,
8848800,306,,
8849200,307,,
8849596,307,,
8850000,305,,
8850400,306,,
8850800,307,,
8851196,307,,
8851600,307,,
8852000,307,,
8852396,306,,
8852800,308,,
8853200,307,,
8853600,306,,
8853996,307,,
8854400,307,,
8854800,307,,
8855196,307,,
8855596,307,,
8856000,308,,
8856396,307,,
8856796,308,,
8857200,308,,
8857600,307,,
8857996,307,,
8858400,306,,
8858800,306,,
8859196,306,,
8859600,306,,
8860000,308,,
8860400,307,,
8860796,307,,
8861200,307,,
8861600,307,,
8861996,307,,
8862400,307,,
8862800,308,,
8863200,307,,
8863596,307,,
8864000,306,,
8864400,306,,
8864792,306,,
8865200,306,,
8865600,306,,
8866000,305,,
8866396,305,,
8866800,307,,
8867200,306,,
8867600,306,,
8867996,306,,
8868400,305,,
8868800,306,,
8869196,305,,
8869600,306,,
8870000,307,,
8870400,307,,
8870796,306,,
8871200,306,,
8871600,306,,
8872004,306,,
8872400,307,,
8872800,307,,
8873200,308,,
8873596,307,,
8873996,306,,
8874400,308,,
8874800,306,,
8875196,305,,
8875600,306,,
8876000,307,,
8876400,307,,
8876796,307,,
8877200,307,,
8877600,307,,
8877996,307,,
8878400,307,,
8878800,307,,
8879200,307,,
8879596,307,,
8880000,306,,
8880400,306,,
8880796,306,,
8881196,306,,
8881600,306,,
8881996,306,,
8882396,307,,
8882800,306,,
8883200,307,,
8883596,306,,
8884000,306,,
8884400,306,,
8884796,306,,
8885200,307,,
8885600,306,,
8886000,306,,
8886396,306,,
8886800,306,,
8887200,307,,
8887596,308,,
8888000,307,,
8888400,308,,
8888800,309,,
8889196,308,,
8889600,308,,
8890000,308,,
8890392,308,,
8890800,306,,
8891200,308,,
8891600,307,,
8891996,308,,
8892400,308,,
8892800,308,,
8893200,308,,
8893596,307,,
8894000,308,,
8894400,308,,
8894800,308,,
8895196,308,,
8895600,308,,
8896000,307,,
8896396,308,,
8896800,307,,
8897200,307,,
8897604,308,,
8898000,308,,
8898400,309,,
8898800,309,,
8899196,308,,
8899596,310,,
8900000,310,,
8900400,310,,
8900796,310,,
8901200,310,,
8901600,309,,
8902000,308,,
8902396,308,,
8902800,308,,
8903200,308,,
8903596,309,,
8904000,309,,
8904400,308,,
8904800,308,,
8905196,308,,
8905600,308,,
8906000,308,,
8906396,308,,
8906796,307,,
8907200,308,,
8907596,307,,
8907996,308,,
8908400,309,,
8908800,308,,
8909196,309,,
8909600,309,,
8910000,308,,
8910396,308,,
8910800,308,,
8911200,308,,
8911600,308,,
8911996,309,,
8912400,309,,
8912800,307,,
8913196,308,,
8913600,308,,
8914000,308,,
8914400,309,,
8914796,309,,
8915200,309,,
8915600,308,,
8915992,308,,
8916400,307,,
8916800,308,,
8917200,308,,
8917596,308,,
8918000,308,,
8918400,309,,
8918800,308,,
8919200,307,,
8919596,307,,
8920000,308,,
8920396,308,,
8920800,307,,
8921200,307,,
8921596,307,,
8922000,307,,
8922400,307,,
8922800,307,,
8923204,308,,
8923596,307,,
8924000,308,,
8924400,307,,
8924796,307,,
8925196,308,,
8925600,307,,
8925996,308,,
8926396,308,,
8926800,308,,
8927200,308,,
8927600,308,,
8927996,307,,
8928396,306,,
8928800,308,,
8929196,308,,
8929600,308,,
8929996,307,,
8930396,307,,
8930800,308,,
8931196,308,,
8931596,308,,
8931996,307,,
8932396,307,,
8932796,307,,
8933200,306,,
8933600,306,,
8934000,306,,
8934396,306,,
8934796,306,,
8935200,305,,
8935600,305,,
8935996,306,,
8936396,305,,
8936796,306,,
8937200,306,,
8937600,306,,
8937996,305,,
8938396,306,,
8938796,306,,
8939200,306,,
8939600,308,,
8939996,306,,
8940400,307,,
8940800,306,,
8941200,306,,
8941592,307,,
8941996,306,,
8942400,306,,
8942800,306,,
8943200,306,,
8943596,307,,
8943996,307,,
8944400,307,,
8944800,307,,
8945200,308,,
8945596,307,,
8945996,307,,
8946400,309,,
8946800,308,,
8947196,309,,
8947596,309,,
8947996,309,,
8948400,308,,
8948804,307,,
8949196,308,,
8949600,308,,
8949996,309,,
8950400,308,,
8950792,308,,
8951200,307,,
8951596,307,,
8952000,308,,
8952396,307,,
8952800,308,,
8953200,308,,
8953596,309,,
8953996,309,,
8954396,309,,
8954800,308,,
8955200,308,,
8955596,308,,
8955996,308,,
8956400,307,,
8956800,308,,
8957200,308,,
8957596,307,,
8957996,307,,
8958396,308,,
8958796,307,,
8959196,308,,
8959600,307,,
8959996,309,,
8960396,310,,
8960796,309,,
8961196,309,,
8961600,309,,
8961996,308,,
8962396,308,,
8962800,307,,
8963200,307,,
8963600,307,,
8963996,307,,
8964396,307,,
8964800,307,,
8965200,308,,
8965596,308,,
8965996,308,,
8966396,309,,
8966800,308,,
8967192,309,,
8967596,308,,
8967996,308,,
8968396,308,,
8968800,309,,
8969196,309,,
8969596,309,,
8970000,309,,
8970400,309,,
8970800,308,,
8971196,308,,
8971596,309,,
8972000,309,,
8972400,309,,
8972800,308,,
8973196,307,,
8973596,308,,
8974000,307,,
8974404,308,,
8974796,309,,
8975196,307,,
8975596,308,,
8976000,308,,
8976392,308,,
8976800,308,,
8977200,309,,
8977600,309,,
8977996,309,,
8978400,309,,
8978800,308,,
8979200,308,,
8979600,308,,
8979996,309,,
8980400,308,,
8980800,308,,
8981196,309,,
8981596,308,,
8981996,309,,
8982400,308,,
8982800,309,,
8983196,309,,
8983596,309,,
8984000,308,,
8984396,308,,
8984796,308,,
8985200,308,,
8985596,308,,
8986000,308,,
8986396,308,,
8986796,307,,
8987200,307,,
8987596,307,,
8987996,307,,
8988396,306,,
8988796,306,,
8989200,307,,
8989596,306,,
8989996,307,,
8990400,308,,
8990796,307,,
8991200,307,,
8991596,308,,
8991996,308,,
8992400,308,,
8992796,307,,
8993196,307,,
8993600,308,,
8994000,308,,
8994396,307,,
8994796,309,,
8995196,307,,
8995600,307,,
8996000,307,,
8996396,308,,
8996800,308,,
8997200,307,,
8997600,308,,
8998000,308,,
8998396,308,,
8998800,309,,
8999200,308,,
8999600,309,,
9000004,307,,
9000396,307,,
9000800,309,,
9001200,308,,
9001600,307,,
9001992,308,,
9002400,309,,
9002796,307,,
9003196,308,,
9003600,308,,
9004000,307,,
9004400,308,,
9004796,308,,
9005196,307,,
9005600,307,,
9006000,308,,
9006396,307,,
9006796,308,,
9007196,308,,
9007600,308,,
9007996,309,,
9008396,308,,
9008796,308,,
9009196,309,,
9009596,308,,
9010000,309,,
9010400,309,,
9010800,308,,
9011196,308,,
9011596,307,,
9012000,308,,
9012400,309,,
9012796,308,,
9013196,308,,
9013596,309,,
9014000,308,,
9014400,308,,
9014796,308,,
9015200,308,,
9015596,307,,
9016000,308,,
9016400,307,,
9016796,308,,
9017200,307,,
9017600,307,,
9018000,308,,
9018392,307,,
9018796,308,,
9019200,309,,
9019600,307,,
9020000,308,,
9020396,308,,
9020796,307,,
9021200,308,,
9021600,309,,
9021996,308,,
9022396,308,,
9022796,308,,
9023200,308,,
9023600,309,,
9023996,309,,
9024396,309,,
9024796,310,,
9025200,309,,
9025604,309,,
9025996,309,,
9026400,308,,
9026800,309,,
9027200,308,,
9027592,309,,
9028000,308,,
9028396,308,,
9028796,309,,
9029196,309,,
9029600,310,,
9030000,308,,
9030396,309,,
9030796,308,,
9031196,308,,
9031600,308,,
9032000,307,,
9032396,307,,
9032796,309,,
9033200,308,,
9033600,308,,
9034000,308,,
9034396,308,,
9034796,308,,
9035196,308,,
9035596,309,,
9035996,309,,
9036400,307,,
9036796,309,,
9037196,309,,
9037600,308,,
9037996,308,,
9038400,310,,
9038796,308,,
9039196,309,,
9039600,309,,
9040000,307,,
9040400,309,,
9040796,308,,
9041196,308,,
9041600,307,,
9042000,308,,
9042400,307,,
9042796,306,,
9043196,307,,
9043600,308,,
9043992,307,,
9044396,307,,
9044796,307,,
9045196,308,,
9045600,306,,
9045996,307,,
9046396,307,,
9046800,307,,
9047196,307,,
9047600,307,,
9047996,306,,
9048396,307,,
9048800,307,,
9049200,307,,
9049600,307,,
9049996,307,,
9050396,306,,
9050800,307,,
9051204,307,,
9051596,308,,
9051996,307,,
9052396,307,,
9052800,307,,
9053192,307,,
9053600,307,,
9054000,308,,
9054400,309,,
9054796,308,,
9055200,309,,
9055600,308,,
9055996,309,,
9056400,308,,
9056796,308,,
9057200,308,,
9057600,307,,
9057996,308,,
9058396,307,,
9058796,306,,
9059200,306,,
9059600,305,,
9059996,306,,
9060396,306,,
9060800,305,,
9061196,306,,
9061596,306,,
9062000,306,,
9062396,306,,
9062796,307,,
9063196,306,,
9063596,306,,
9064000,306,,
9064396,305,,
9064796,306,,
9065196,307,,
9065596,305,,
9066000,307,,
9066396,307,,
9066796,306,,
9067200,307,,
9067600,306,,
9068000,307,,
9068396,307,,
9068796,307,,
9069200,308,,
9069596,308,,
9069996,308,,
9070400,308,,
9070800,308,,
9071196,308,,
9071600,308,,
9071996,308,,
9072400,308,,
9072800,307,,
9073196,307,,
9073600,307,,
9074000,306,,
9074400,307,,
9074800,307,,
9075196,306,,
9075600,307,,
9076000,306,,
9076400,307,,
9076804,307,,
9077196,306,,
9077600,307,,
9078000,306,,
9078396,307,,
9078796,307,,
9079200,307,,
9079596,306,,
9079996,306,,
9080400,306,,
9080800,307,,
9081200,307,,
9081596,307,,
9081996,307,,
9082400,308,,
9082800,308,,
9083200,308,,
9083596,308,,
9083996,307,,
9084400,307,,
9084796,307,,
9085196,306,,
9085596,306,,
9085996,307,,
9086396,307,,
9086800,308,,
9087200,307,,
9087600,307,,
9087996,307,,
9088396,305,,
9088800,305,,
9089200,306,,
9089600,306,,
9089996,307,,
9090396,307,,
9090800,307,,
9091200,308,,
9091596,307,,
9092000,306,,
9092400,306,,
9092800,306,,
9093200,306,,
9093596,305,,
9094000,305,,
9094400,306,,
9094800,306,,
9095192,307,,
9095596,306,,
9096000,306,,
9096400,307,,
9096800,307,,
9097196,306,,
9097596,307,,
9098000,307,,
9098400,306,,
9098796,307,,
9099196,307,,
9099596,306,,
9100000,306,,
9100400,306,,
9100796,307,,
9101200,306,,
9101596,306,,
9102000,306,,
9102404,305,,
9102796,306,,
9103200,306,,
9103600,306,,
9104000,306,,
9104392,305,,
9104800,306,,
9105196,306,,
9105596,306,,
9105996,307,,
9106400,307,,
9106800,304,,
9107196,307,,
9107596,307,,
9108000,306,,
9108400,310,,
9108800,307,,
9109196,308,,
9109596,308,,
9110000,308,,
9110400,305,,
9110800,308,,
9111196,306,,
9111596,306,,
9111996,308,,
9112396,304,,
9112796,307,,
9113200,309,,
9113596,306,,
9113996,305,,
9114400,308,,
9114800,306,,
9115200,307,,
9115596,305,,
9115996,307,,
9116400,306,,
9116800,306,,
9117200,306,,
9117596,305,,
9117996,305,,
9118400,306,,
9118800,305,,
9119196,306,,
9119596,306,,
9119996,306,,
9120400,307,,
9120792,307,,
9121196,306,,
9121596,307,,
9121996,306,,
9122400,307,,
9122796,308,,
9123196,308,,
9123600,310,,
9124000,306,,
9124400,309,,
9124796,309,,
9125196,307,,
9125600,309,,
9126000,307,,
9126400,308,,
9126796,307,,
9127196,306,,
9127600,308,,
9128004,308,,
9128400,307,,
9128796,308,,
9129196,306,,
9129600,307,,
9129992,309,,
9130400,306,,
9130800,307,,
9131200,308,,
9131596,307,,
9132000,309,,
9132400,307,,
9132800,308,,
9133200,308,,
9133596,309,,
9134000,309,,
9134400,308,,
9134796,309,,
9135196,309,,
9135596,309,,
9136000,308,,
9136400,307,,
9136796,308,,
9137196,307,,
9137600,307,,
9137996,308,,
9138396,306,,
9138800,309,,
9139196,306,,
9139596,306,,
9139996,308,,
9140396,306,,
9140800,306,,
9141196,307,,
9141596,305,,
9142000,308,,
9142396,306,,
9142800,307,,
9143196,307,,
9143596,306,,
9144000,307,,
9144400,308,,
9144800,308,,
9145196,309,,
9145596,307,,
9146000,308,,
9146396,308,,
9146796,309,,
9147200,309,,
9147600,308,,
9147996,308,,
9148400,309,,
9148800,308,,
9149200,308,,
9149600,309,,
9149996,308,,
9150400,308,,
9150800,308,,
9151200,308,,
9151600,308,,
9151996,308,,
9152400,308,,
9152800,309,,
9153200,307,,
9153604,308,,
9153996,307,,
9154400,305,,
9154800,307,,
9155196,307,,
9155596,307,,
9156000,308,,
9156396,307,,
9156796,307,,
9157200,308,,
9157600,308,,
9158000,307,,
9158396,307,,
9158796,308,,
9159200,307,,
9159596,308,,
9160000,309,,
9160396,307,,
9160796,307,,
9161200,309,,
9161596,307,,
9161996,307,,
9162396,308,,
9162796,308,,
9163196,308,,
9163600,308,,
9164000,308,,
9164400,309,,
9164796,308,,
9165196,308,,
9165600,308,,
9166000,308,,
9166396,308,,
9166796,307,,
9167196,308,,
9167600,308,,
9168000,307,,
9168396,307,,
9168796,309,,
9169196,308,,
9169600,307,,
9170000,307,,
9170396,308,,
9170800,307,,
9171200,307,,
9171600,307,,
9171992,308,,
9172396,308,,
9172800,308,,
9173200,308,,
9173600,308,,
9173996,307,,
9174396,307,,
9174800,308,,
9175200,308,,
9175596,308,,
9175996,308,,
9176396,308,,
9176800,308,,
9177200,308,,
9177596,308,,
9178000,308,,
9178400,307,,
9178800,308,,
9179204,308,,
9179596,307,,
9180000,308,,
9180400,308,,
9180800,309,,
9181192,308,,
9181600,308,,
9181996,309,,
9182396,308,,
9182796,308,,
9183200,307,,
9183600,308,,
9183996,308,,
9184396,308,,
9184800,308,,
9185200,309,,
9185600,309,,
9185996,310,,
9186396,309,,
9186800,309,,
9187200,308,,
9187600,309,,
9187996,310,,
9188396,309,,
9188796,307,,
9189200,307,,
9189596,308,,
9190000,308,,
9190396,309,,
9190796,309,,
9191200,308,,
9191600,307,,
9192000,307,,
9192396,307,,
9192796,307,,
9193200,306,,
9193600,307,,
9194000,307,,
9194396,307,,
9194796,306,,
9195200,306,,
9195600,305,,
9195996,307,,
9196396,306,,
9196796,307,,
9197200,307,,
9197592,308,,
9197996,308,,
9198400,309,,
9198796,309,,
9199200,309,,
9199596,309,,
9199996,309,,
9200400,309,,
9200800,307,,
9201200,310,,
9201596,309,,
9201996,308,,
9202400,309,,
9202800,309,,
9203200,308,,
9203596,307,,
9203996,307,,
9204400,307,,
9204804,308,,
9205196,309,,
9205596,308,,
9205996,307,,
9206400,308,,
9206792,308,,
9207200,309,,
9207600,309,,
9208000,309,,
9208396,310,,
9208800,309,,
9209200,309,,
9209600,308,,
9210000,308,,
9210396,309,,
9210800,307,,
9211200,308,,
9211596,309,,
9211996,309,,
9212396,309,,
9212800,309,,
9213200,308,,
9213596,309,,
9213996,308,,
9214400,308,,
9214796,308,,
9215196,308,,
9215600,308,,
9215996,308,,
9216400,307,,
9216796,307,,
9217196,307,,
9217600,307,,
9217996,308,,
9218396,308,,
9218796,307,,
9219200,307,,
9219600,308,,
9219996,307,,
9220396,308,,
9220800,307,,
9221200,308,,
9221600,307,,
9221996,308,,
9222396,308,,
9222800,307,,
9223192,307,,
9223600,307,,
9223996,307,,
9224396,307,,
9224800,307,,
9225196,308,,
9225596,307,,
9225996,306,,
9226396,307,,
9226800,308,,
9227196,308,,
9227596,307,,
9228000,307,,
9228396,307,,
9228800,308,,
9229196,307,,
9229596,307,,
9230000,307,,
9230404,306,,
9230800,306,,
9231196,307,,
9231596,308,,
9232000,307,,
9232392,306,,
9232796,308,,
9233200,308,,
9233600,307,,
9233996,308,,
9234400,308,,
9234800,307,,
9235200,307,,
9235600,308,,
9235996,307,,
9236400,307,,
9236800,308,,
9237200,308,,
9237600,309,,
9237996,307,,
9238400,307,,
9238800,308,,
9239196,306,,
9239596,307,,
9240000,308,,
9240396,307,,
9240796,307,,
9241200,307,,
9241604,306,,
9242000,306,,
9242396,307,,
9242796,307,,
9243200,307,,
9243600,307,,
9244000,308,,
9244396,306,,
9244796,308,,
9245200,308,,
9245596,308,,
9245996,308,,
9246396,308,,
9246796,309,,
9247200,307,,
9247596,308,,
9247996,308,,
9248396,308,,
9248796,307,,
9249196,308,,
9249600,307,,
9250000,306,,
9250400,307,,
9250796,307,,
9251196,306,,
9251600,307,,
9252000,307,,
9252396,307,,
9252796,306,,
9253196,307,,
9253600,306,,
9254000,307,,
9254396,307,,
9254800,306,,
9255196,306,,
9255600,306,,
9256004,306,,
9256396,307,,
9256800,307,,
9257200,306,,
9257600,306,,
9257992,305,,
9258400,305,,
9258796,306,,
9259196,306,,
9259596,306,,
9260000,308,,
9260400,308,,
9260796,308,,
9261196,307,,
9261600,308,,
9262000,307,,
9262400,308,,
9262796,309,,
9263196,308,,
9263600,308,,
9263996,307,,
9264400,307,,
9264796,307,,
9265196,307,,
9265596,307,,
9266000,307,,
9266400,305,,
9266800,305,,
9267196,305,,
9267596,305,,
9268000,305,,
9268400,306,,
9268800,306,,
9269196,306,,
9269596,306,,
9270000,306,,
9270400,306,,
9270796,306,,
9271196,305,,
9271596,305,,
9272000,305,,
9272400,305,,
9272796,306,,
9273196,306,,
9273596,307,,
9274000,306,,
9274392,306,,
9274796,306,,
9275200,307,,
9275600,307,,
9276000,307,,
9276396,307,,
9276796,307,,
9277200,308,,
9277600,308,,
9278000,307,,
9278396,309,,
9278796,308,,
9279200,307,,
9279600,308,,
9280000,308,,
9280396,308,,
9280796,308,,
9281200,308,,
9281604,308,,
9281996,308,,
9282396,307,,
9282796,307,,
9283200,307,,
9283592,306,,
9284000,306,,
9284400,306,,
9284800,306,,
9285196,306,,
9285600,306,,
9286000,306,,
9286396,306,,
9286800,307,,
9287196,307,,
9287600,306,,
9288000,306,,
9288396,307,,
9288796,307,,
9289196,307,,
9289600,307,,
9290000,307,,
9290396,307,,
9290796,307,,
9291200,307,,
9291596,307,,
9291996,307,,
9292400,307,,
9292796,307,,
9293196,307,,
9293596,307,,
9293996,306,,
9294400,306,,
9294796,307,,
9295196,306,,
9295596,306,,
9295996,306,,
9296400,306,,
9296796,307,,
9297196,307,,
9297600,307,,
9298000,308,,
9298400,308,,
9298796,307,,
9299196,307,,
9299600,308,,
9299996,308,,
9300396,307,,
9300800,307,,
9301200,306,,
9301596,307,,
9302000,307,,
9302396,306,,
9302800,307,,
9303200,307,,
9303596,307,,
9304000,307,,
9304400,309,,
9304800,307,,
9305200,307,,
9305596,309,,
9306000,307,,
9306400,308,,
9306796,308,,
9307204,308,,
9307596,309,,
9308000,308,,
9308400,308,,
9308796,308,,
9309196,308,,
9309600,308,,
9309996,309,,
9310396,308,,
9310800,307,,
9311196,308,,
9311600,308,,
9311996,307,,
9312396,307,,
9312800,307,,
9313196,306,,
9313596,308,,
9313996,307,,
9314396,308,,
9314800,307,,
9315196,307,,
9315596,307,,
9316000,306,,
9316396,306,,
9316800,307,,
9317196,307,,
9317596,308,,
9318000,307,,
9318404,306,,
9318800,307,,
9319196,308,,
9319596,307,,
9320000,308,,
9320396,308,,
9320800,306,,
9321196,307,,
9321596,307,,
9322000,307,,
9322396,307,,
9322796,307,,
9323196,307,,
9323596,307,,
9324000,308,,
9324396,308,,
9324796,307,,
9325200,308,,
9325596,308,,
9325996,308,,
9326400,307,,
9326800,307,,
9327196,308,,
9327596,308,,
9327996,308,,
9328400,309,,
9328800,309,,
9329196,309,,
9329596,309,,
9329996,309,,
9330400,308,,
9330800,309,,
9331196,308,,
9331600,308,,
9332000,309,,
9332400,308,,
9332804,307,,
9333196,308,,
9333600,308,,
9334000,308,,
9334400,309,,
9334792,307,,
9335200,307,,
9335596,307,,
9335996,306,,
9336396,308,,
9336800,307,,
9337200,308,,
9337596,308,,
9337996,307,,
9338400,308,,
9338800,308,,
9339200,308,,
9339596,308,,
9339996,309,,
9340400,308,,
9340800,308,,
9341200,309,,
9341596,309,,
9341996,308,,
9342396,308,,
9342800,308,,
9343196,309,,
9343600,307,,
9343996,309,,
9344396,308,,
9344800,307,,
9345200,307,,
9345600,307,,
9345996,307,,
9346396,306,,
9346800,307,,
9347200,306,,
9347596,306,,
9347996,307,,
9348396,306,,
9348800,307,,
9349200,306,,
9349596,307,,
9350000,307,,
9350396,307,,
9350800,307,,
9351192,306,,
9351596,308,,
9352000,307,,
9352400,307,,
9352800,307,,
9353196,307,,
9353596,307,,
9354000,307,,
9354400,308,,
9354800,307,,
9355196,307,,
9355596,308,,
9356000,307,,
9356400,308,,
9356796,307,,
9357196,307,,
9357596,307,,
9358000,307,,
9358404,307,,
9358796,306,,
9359196,307,,
9359596,306,,
9360000,306,,
9360392,306,,
9360800,306,,
9361200,307,,
9361600,306,,
9361996,305,,
9362400,305,,
9362800,306,,
9363196,306,,
9363596,307,,
9363996,307,,
9364400,307,,
9364800,307,,
9365196,306,,
9365596,307,,
9365996,306,,
9366400,307,,
9366800,307,,
9367196,307,,
9367596,308,,
9368000,307,,
9368396,307,,
9368796,306,,
9369200,307,,
9369596,306,,
9369996,306,,
9370396,306,,
9370796,306,,
9371200,307,,
9371596,307,,
9371996,307,,
9372400,307,,
9372796,307,,
9373200,307,,
9373596,308,,
9373996,308,,
9374400,307,,
9374800,306,,
9375200,306,,
9375596,306,,
9375996,306,,
9376400,307,,
9376792,309,,
9377200,308,,
9377596,307,,
9377996,308,,
9378400,307,,
9378796,307,,
9379196,307,,
9379596,307,,
9379996,307,,
9380400,307,,
9380796,307,,
9381196,307,,
9381600,307,,
9381996,308,,
9382400,309,,
9382796,308,,
9383196,308,,
9383600,308,,
9384004,308,,
9384400,307,,
9384796,307,,
9385196,308,,
9385600,308,,
9385996,309,,
9386396,307,,
9386800,308,,
9387200,307,,
9387596,308,,
9388000,308,,
9388400,308,,
9388800,307,,
9389200,308,,
9389596,307,,
9390000,307,,
9390400,306,,
9390796,308,,
9391200,307,,
9391596,306,,
9392000,307,,
9392400,307,,
9392796,307,,
9393196,307,,
9393600,307,,
9393996,308,,
9394396,307,,
9394800,308,,
9395204,307,,
9395600,307,,
9395996,307,,
9396396,307,,
9396800,308,,
9397196,308,,
9397596,308,,
9397996,308,,
9398396,309,,
9398800,308,,
9399196,307,,
9399596,308,,
9399996,309,,
9400396,308,,
9400800,308,,
9401196,309,,
9401596,308,,
9402000,308,,
9402396,309,,
9402796,309,,
9403200,308,,
9403600,309,,
9403996,309,,
9404396,309,,
9404796,309,,
9405200,309,,
9405600,309,,
9405996,309,,
9406400,308,,
9406796,308,,
9407200,309,,
9407600,309,,
9407996,308,,
9408400,309,,
9408800,308,,
9409200,309,,
9409604,309,,
9409996,309,,
9410400,310,,
9410800,308,,
9411200,308,,
9411592,308,,
9412000,308,,
9412396,309,,
9412796,309,,
9413200,309,,
9413600,310,,
9414000,309,,
9414396,309,,
9414796,309,,
9415200,308,,
9415600,308,,
9416000,308,,
9416396,307,,
9416796,308,,
9417200,307,,
9417600,308,,
9418000,308,,
9418396,307,,
9418796,308,,
9419196,307,,
9419600,307,,
9420000,307,,
9420400,307,,
9420796,307,,
9421196,306,,
9421600,306,,
9422000,307,,
9422400,306,,
9422796,307,,
9423196,307,,
9423600,307,,
9424000,308,,
9424400,308,,
9424796,307,,
9425196,307,,
9425600,308,,
9426000,307,,
9426396,307,,
9426796,307,,
9427196,307,,
9427600,306,,
9427992,308,,
9428396,306,,
9428800,306,,
9429196,308,,
9429600,307,,
9429996,308,,
9430396,307,,
9430800,307,,
9431200,307,,
9431600,307,,
9431996,307,,
9432396,307,,
9432800,307,,
9433200,307,,
9433596,307,,
9433996,306,,
9434396,308,,
9434800,307,,
9435204,306,,
9435596,307,,
9436000,306,,
9436396,307,,
9436800,305,,
9437192,306,,
9437600,307,,
9437996,306,,
9438400,307,,
9438796,306,,
9439200,307,,
9439600,306,,
9439996,307,,
9440396,307,,
9440796,306,,
9441200,307,,
9441600,306,,
9441996,306,,
9442396,306,,
9442800,306,,
9443200,306,,
9443600,306,,
9443996,307,,
9444396,307,,
9444796,307,,
9445196,306,,
9445596,306,,
9446000,307,,
9446396,306,,
9446796,307,,
9447196,307,,
9447596,307,,
9448000,306,,
9448396,307,,
9448796,307,,
9449200,307,,
9449600,307,,
9450000,307,,
9450396,309,,
9450796,307,,
9451200,307,,
9451600,308,,
9452000,308,,
9452396,307,,
9452796,307,,
9453200,307,,
9453592,307,,
9453996,309,,
9454396,307,,
9454796,307,,
9455200,308,,
9455596,307,,
9455996,309,,
9456396,307,,
9456796,308,,
9457200,308,,
9457596,307,,
9457996,308,,
9458400,307,,
9458800,307,,
9459200,307,,
9459596,308,,
9459996,308,,
9460400,307,,
9460804,308,,
9461200,308,,
9461596,307,,
9461996,307,,
9462400,308,,
9462792,307,,
9463196,308,,
9463600,308,,
9464000,307,,
9464396,308,,
9464800,308,,
9465200,308,,
9465600,308,,
9466000,308,,
9466396,307,,
9466800,307,,
9467200,306,,
9467600,306,,
9468000,306,,
9468396,306,,
9468800,306,,
9469200,306,,
9469596,307,,
9469996,306,,
9470400,308,,
9470796,307,,
9471196,307,,
9471600,307,,
9472004,307,,
9472400,307,,
9472796,308,,
9473196,308,,
9473600,308,,
9474000,308,,
9474400,307,,
9474796,308,,
9475196,307,,
9475600,307,,
9475996,308,,
9476396,309,,
9476800,308,,
9477196,308,,
9477600,308,,
9477996,308,,
9478396,307,,
9478800,307,,
9479196,307,,
9479596,307,,
9480000,307,,
9480400,308,,
9480796,308,,
9481196,307,,
9481596,307,,
9482000,307,,
9482400,307,,
9482796,307,,
9483200,307,,
9483600,308,,
9484000,309,,
9484400,308,,
9484796,307,,
9485200,309,,
9485600,307,,
9486000,307,,
9486404,308,,
9486796,308,,
9487200,307,,
9487600,308,,
9488000,308,,
9488392,308,,
9488800,307,,
9489196,308,,
9489596,307,,
9490000,307,,
9490400,307,,
9490800,307,,
9491196,307,,
9491596,308,,
9492000,307,,
9492400,307,,
9492800,307,,
9493196,308,,
9493596,307,,
9494000,308,,
9494396,309,,
9494800,309,,
9495196,309,,
9495596,309,,
9495996,308,,
9496400,309,,
9496800,310,,
9497200,309,,
9497596,308,,
9497996,308,,
9498400,309,,
9498800,308,,
9499200,307,,
9499596,307,,
9499996,308,,
9500400,307,,
9500800,307,,
9501196,308,,
9501596,308,,
9501996,307,,
9502400,307,,
9502800,307,,
9503196,308,,
9503596,308,,
9503996,307,,
9504400,308,,
9504792,308,,
9505196,307,,
9505600,307,,
9506000,307,,
9506400,308,,
9506796,308,,
9507196,308,,
9507600,307,,
9508000,309,,
9508400,308,,
9508796,308,,
9509196,309,,
9509600,308,,
9510000,307,,
9510396,307,,
9510796,308,,
9511196,307,,
9511600,309,,
9512004,308,,
9512396,308,,
9512796,307,,
9513196,306,,
9513600,307,,
9513992,307,,
9514400,307,,
9514800,307,,
9515200,306,,
9515596,307,,
9516000,307,,
9516400,306,,
9516796,307,,
9517196,307,,
9517596,306,,
9518000,308,,
9518400,307,,
9518796,307,,
9519196,306,,
9519600,307,,
9520000,307,,
9520400,307,,
9520796,307,,
9521196,308,,
9521596,306,,
9521996,307,,
9522396,308,,
9522800,307,,
9523196,307,,
9523596,308,,
9524000,308,,
9524396,306,,
9524800,307,,
9525196,307,,
9525596,306,,
9526000,307,,
9526400,306,,
9526800,306,,
9527196,306,,
9527596,306,,
9528000,307,,
9528400,307,,
9528800,307,,
9529196,306,,
9529596,307,,
9530000,307,,
9530392,307,,
9530796,308,,
9531196,307,,
9531596,307,,
9532000,307,,
9532396,307,,
9532796,307,,
9533200,308,,
9533596,307,,
9534000,307,,
9534396,307,,
9534796,307,,
9535200,307,,
9535600,307,,
9536000,307,,
9536396,308,,
9536796,307,,
9537200,308,,
9537608,308,,
9538000,308,,
9538396,308,,
9538796,307,,
9539200,308,,
9539592,308,,
9540000,308,,
9540400,307,,
9540800,308,,
9541196,307,,
9541600,308,,
9542000,308,,
9542400,307,,
9542800,308,,
9543196,307,,
9543600,307,,
9544000,308,,
9544400,308,,
9544800,308,,
9545196,307,,
9545600,307,,
9546000,306,,
9546396,308,,
9546796,308,,
9547200,309,,
9547596,308,,
9547996,307,,
9548400,306,,
9548804,307,,
9549200,306,,
9549596,308,,
9549996,305,,
9550400,306,,
9550796,307,,
9551200,306,,
9551596,306,,
9551996,306,,
9552400,304,,
9552796,309,,
9553196,306,,
9553596,306,,
9553996,305,,
9554400,309,,
9554796,307,,
9555196,307,,
9555600,307,,
9555996,307,,
9556396,308,,
9556800,307,,
9557200,309,,
9557596,308,,
9557996,307,,
9558396,309,,
9558800,307,,
9559200,308,,
9559596,306,,
9559996,306,,
9560396,308,,
9560800,308,,
9561200,307,,
9561596,306,,
9562000,307,,
9562400,307,,
9562800,306,,
9563204,306,,
9563596,308,,
9564000,307,,
9564400,307,,
9564796,306,,
9565196,306,,
9565600,307,,
9565996,307,,
9566396,306,,
9566800,306,,
9567200,306,,
9567600,305,,
9567996,304,,
9568396,305,,
9568800,305,,
9569200,305,,
9569600,305,,
9569996,306,,
9570396,305,,
9570800,304,,
9571196,306,,
9571596,307,,
9571996,306,,
9572396,307,,
9572796,307,,
9573200,307,,
9573600,307,,
9574000,308,,
9574396,308,,
9574796,307,,
9575200,307,,
9575600,307,,
9576000,307,,
9576396,307,,
9576796,307,,
9577200,308,,
9577600,309,,
9577996,309,,
9578396,308,,
9578796,307,,
9579200,308,,
9579600,308,,
9579996,309,,
9580400,308,,
9580796,307,,
9581200,307,,
9581592,307,,
9581996,307,,
9582400,308,,
9582800,308,,
9583200,308,,
9583596,308,,
9583996,307,,
9584400,307,,
9584800,307,,
9585200,306,,
9585596,306,,
9585996,306,,
9586400,306,,
9586800,306,,
9587196,307,,
9587596,307,,
9587996,308,,
9588400,308,,
9588804,308,,
9589196,309,,
9589600,309,,
9589996,309,,
9590400,308,,
9590792,309,,
9591200,309,,
9591596,308,,
9592000,308,,
9592396,308,,
9592800,307,,
9593200,308,,
9593596,308,,
9593996,308,,
9594396,308,,
9594800,307,,
9595200,307,,
9595596,307,,
9595996,307,,
9596400,307,,
9596800,307,,
9597200,307,,
9597596,307,,
9597996,307,,
9598396,308,,
9598796,307,,
9599196,306,,
9599600,307,,
9599996,308,,
9600396,308,,
9600796,308,,
9601196,308,,
9601600,307,,
9601996,308,,
9602396,308,,
9602800,307,,
9603200,308,,
9603600,307,,
9603996,307,,
9604396,308,,
9604800,307,,
9605200,307,,
9605596,307,,
9605996,307,,
9606396,306,,
9606800,306,,
9607192,307,,
9607596,307,,
9607996,307,,
9608396,307,,
9608800,306,,
9609196,306,,
9609596,306,,
9610000,307,,
9610400,307,,
9610800,306,,
9611196,307,,
9611596,306,,
9612000,308,,
9612400,306,,
9612800,307,,
9613196,307,,
9613596,307,,
9614000,308,,
9614404,307,,
9614800,307,,
9615196,306,,
9615596,307,,
9616000,307,,
9616392,307,,
9616800,309,,
9617200,309,,
9617600,308,,
9617996,307,,
9618400,307,,
9618800,308,,
9619200,308,,
9619600,307,,
9619996,306,,
9620400,307,,
9620800,307,,
9621196,307,,
9621600,307,,
9621996,307,,
9622400,307,,
9622800,307,,
9623196,308,,
9623596,307,,
9624000,307,,
9624396,307,,
9624796,308,,
9625200,307,,
9625608,307,,
9626000,306,,
9626396,307,,
9626796,306,,
9627200,307,,
9627596,308,,
9627996,308,,
9628396,306,,
9628796,308,,
9629200,306,,
9629596,307,,
9629996,306,,
9630396,305,,
9630796,307,,
9631200,306,,
9631596,305,,
9631996,305,,
9632400,305,,
9632796,306,,
9633196,306,,
9633600,305,,
9634000,306,,
9634396,307,,
9634796,307,,
9635196,306,,
9635600,306,,
9636000,307,,
9636396,307,,
9636800,307,,
9637196,307,,
9637600,308,,
9638000,306,,
9638396,308,,
9638800,308,,
9639200,308,,
9639600,308,,
9640004,307,,
9640396,307,,
9640800,307,,
9641200,307,,
9641600,307,,
9641992,307,,
9642400,307,,
9642796,306,,
9643196,307,,
9643600,307,,
9644000,307,,
9644400,307,,
9644796,306,,
9645196,307,,
9645600,307,,
9646000,306,,
9646400,308,,
9646796,306,,
9647196,306,,
9647600,307,,
9647996,307,,
9648396,306,,
9648796,307,,
9649196,308,,
9649596,307,,
9650000,307,,
9650400,308,,
9650800,308,,
9651196,307,,
9651596,307,,
9652000,307,,
9652400,307,,
9652796,307,,
9653196,307,,
9653596,307,,
9654000,305,,
9654400,306,,
9654796,306,,
9655196,306,,
9655596,306,,
9656000,306,,
9656400,307,,
9656796,305,,
9657200,307,,
9657600,306,,
9658000,307,,
9658392,307,,
9658796,306,,
9659200,308,,
9659600,307,,
9660000,308,,
9660396,307,,
9660796,307,,
9661200,308,,
9661600,307,,
9661996,308,,
9662396,307,,
9662796,308,,
9663200,307,,
9663600,308,,
9663996,308,,
9664396,308,,
9664796,307,,
9665200,309,,
9665604,307,,
9665996,307,,
9666400,308,,
9666800,308,,
9667200,308,,
9667592,307,,
9668000,306,,
9668396,308,,
9668796,308,,
9669196,308,,
9669600,308,,
9670000,308,,
9670396,308,,
9670796,307,,
9671196,308,,
9671600,309,,
9672000,309,,
9672396,310,,
9672796,308,,
9673200,308,,
9673600,308,,
9674000,308,,
9674396,307,,
9674796,307,,
9675196,307,,
9675596,307,,
9675996,307,,
9676400,307,,
9676796,306,,
9677196,307,,
9677600,306,,
9677996,306,,
9678400,307,,
9678796,306,,
9679196,307,,
9679600,307,,
9680000,308,,
9680400,307,,
9680796,307,,
9681196,308,,
9681600,308,,
9682000,308,,
9682400,308,,
9682796,308,,
9683196,308,,
9683600,306,,
9683992,307,,
9684396,307,,
9684796,306,,
9685196,307,,
9685600,307,,
9685996,308,,
9686396,306,,
9686796,306,,
9687196,306,,
9687600,306,,
9687996,306,,
9688396,306,,
9688800,306,,
9689200,306,,
9689600,306,,
9689996,307,,
9690396,307,,
9690800,307,,
9691204,307,,
9691596,308,,
9691996,307,,
9692396,306,,
9692800,307,,
9693192,307,,
9693600,307,,
9694000,307,,
9694400,306,,
9694796,307,,
9695200,307,,
9695600,307,,
9696000,309,,
9696400,308,,
9696796,308,,
9697200,308,,
9697600,308,,
9697996,307,,
9698396,308,,
9698796,307,,
9699200,307,,
9699600,306,,
9699996,307,,
9700396,306,,
9700800,307,,
9701196,306,,
9701596,307,,
9702000,307,,
9702396,308,,
9702800,307,,
9703196,307,,
9703596,307,,
9704000,307,,
9704396,307,,
9704796,306,,
9705196,307,,
9705596,306,,
9706000,308,,
9706396,307,,
9706796,307,,
9707200,307,,
9707596,307,,
9708000,307,,
9708396,306,,
9708796,306,,
9709200,308,,
9709596,306,,
9709996,307,,
9710400,306,,
9710800,306,,
9711196,307,,
9711596,307,,
9711996,307,,
9712400,307,,
9712800,308,,
9713196,308,,
9713600,308,,
9714000,308,,
9714400,307,,
9714800,307,,
9715196,307,,
9715600,308,,
9716000,307,,
9716400,308,,
9716804,307,,
9717196,307,,
9717600,308,,
9718000,309,,
9718396,309,,
9718796,309,,
9719200,308,,
9719596,307,,
9719996,308,,
9720400,307,,
9720800,307,,
9721200,308,,
9721596,308,,
9721996,309,,
9722400,309,,
9722800,308,,
9723200,308,,
9723596,308,,
9723996,307,,
9724400,307,,
9724796,307,,
9725196,307,,
9725596,308,,
9725996,308,,
9726396,308,,
9726800,307,,
9727200,307,,
9727600,308,,
9727996,307,,
9728396,308,,
9728800,308,,
9729200,309,,
9729600,308,,
9729996,307,,
9730396,306,,
9730800,307,,
9731200,307,,
9731596,308,,
9732000,308,,
9732396,308,,
9732800,308,,
9733200,307,,
9733596,308,,
9734000,308,,
9734400,308,,
9734800,308,,
9735192,307,,
9735596,307,,
9736000,307,,
9736400,307,,
9736800,307,,
9737196,308,,
9737596,307,,
9738000,308,,
9738400,308,,
9738796,309,,
9739196,309,,
9739596,308,,
9740000,309,,
9740400,307,,
9740796,308,,
9741200,308,,
9741596,308,,
9742000,308,,
9742404,308,,
9742796,309,,
9743200,309,,
9743600,308,,
9744000,308,,
9744392,308,,
9744800,307,,
9745196,308,,
9745596,309,,
9745996,307,,
9746400,309,,
9746800,307,,
9747196,306,,
9747596,308,,
9748000,308,,
9748400,309,,
9748800,308,,
9749196,308,,
9749596,308,,
9750000,307,,
9750400,307,,
9750800,307,,
9751196,307,,
9751596,306,,
9751996,306,,
9752396,307,,
9752796,306,,
9753200,306,,
9753596,307,,
9753996,306,,
9754400,306,,
9754800,307,,
9755200,306,,
9755596,305,,
9755996,306,,
9756400,306,,
9756800,306,,
9757200,306,,
9757596,307,,
9757996,306,,
9758400,307,,
9758800,307,,
9759200,306,,
9759596,307,,
9759996,307,,
9760400,307,,
9760792,306,,
9761196,307,,
9761596,307,,
9761996,307,,
9762400,306,,
9762796,308,,
9763196,308,,
9763600,306,,
9763996,307,,
9764400,306,,
9764796,306,,
9765196,307,,
9765600,306,,
9766000,306,,
9766400,306,,
9766796,306,,
9767196,306,,
9767600,307,,
9768004,307,,
9768400,306,,
9768796,307,,
9769196,306,,
9769600,306,,
9769992,307,,
9770400,307,,
9770800,306,,
9771200,307,,
9771596,306,,
9772000,306,,
9772400,306,,
9772800,306,,
9773200,305,,
9773596,306,,
9774000,306,,
9774400,305,,
9774796,305,,
9775196,305,,
9775596,306,,
9776000,306,,
9776400,306,,
9776796,305,,
9777196,306,,
9777600,306,,
9777996,305,,
9778396,306,,
9778800,307,,
9779196,306,,
9779596,306,,
9779996,305,,
9780396,305,,
9780800,306,,
9781196,305,,
9781596,306,,
9781996,306,,
9782396,305,,
9782800,306,,
9783196,305,,
9783596,305,,
9784000,307,,
9784400,306,,
9784800,306,,
9785196,306,,
9785596,306,,
9786000,306,,
9786396,307,,
9786796,306,,
9787200,307,,
9787600,306,,
9787996,306,,
9788400,306,,
9788796,306,,
9789200,307,,
9789600,307,,
9789996,307,,
9790400,306,,
9790800,307,,
9791200,306,,
9791600,306,,
9791996,307,,
9792400,306,,
9792800,306,,
9793200,306,,
9793604,306,,
9793996,305,,
9794400,306,,
9794800,306,,
9795196,307,,
9795596,306,,
9796000,307,,
9796396,307,,
9796796,306,,
9797200,306,,
9797600,306,,
9798000,306,,
9798396,306,,
9798796,306,,
9799200,307,,
9799596,307,,
9800000,306,,
9800396,307,,
9800796,307,,
9801200,307,,
9801596,307,,
9801996,307,,
9802396,306,,
9802796,306,,
9803196,306,,
9803600,307,,
9804000,307,,
9804400,307,,
9804796,307,,
9805196,306,,
9805600,307,,
9806000,306,,
9806396,308,,
9806796,307,,
9807196,307,,
9807600,307,,
9808000,307,,
9808396,306,,
9808796,308,,
9809196,307,,
9809600,307,,
9810000,307,,
9810396,307,,
9810800,307,,
9811200,307,,
9811600,307,,
9811992,307,,
9812396,306,,
9812800,307,,
9813200,307,,
9813600,307,,
9813996,307,,
9814396,308,,
9814800,307,,
9815200,306,,
9815600,307,,
9815996,307,,
9816396,307,,
9816800,307,,
9817200,308,,
9817596,308,,
9818000,309,,
9818400,308,,
9818800,307,,
9819204,308,,
9819596,308,,
9820000,307,,
9820400,307,,
9820800,307,,
9821192,307,,
9821600,309,,
9821996,309,,
9822396,309,,
9822796,309,,
9823200,309,,
9823600,309,,
9823996,308,,
9824396,308,,
9824800,309,,
9825200,309,,
9825600,309,,
9825996,308,,
9826396,308,,
9826800,307,,
9827200,308,,
9827600,308,,
9827996,308,,
9828396,308,,
9828796,307,,
9829200,308,,
9829596,307,,
9830000,307,,
9830396,307,,
9830796,307,,
9831200,308,,
9831600,309,,
9832000,309,,
9832396,308,,
9832796,309,,
9833200,309,,
9833600,309,,
9834000,309,,
9834396,309,,
9834796,308,,
9835200,308,,
9835600,308,,
9835996,309,,
9836396,308,,
9836796,309,,
9837200,309,,
9837592,308,,
9837996,308,,
9838396,308,,
9838796,308,,
9839200,308,,
9839596,308,,
9839996,308,,
9840400,308,,
9840800,307,,
9841200,308,,
9841596,307,,
9841996,308,,
9842400,309,,
9842800,309,,
9843200,309,,
9843596,308,,
9843996,308,,
9844400,308,,
9844804,308,,
9845196,309,,
9845596,308,,
9845996,308,,
9846400,309,,
9846792,309,,
9847200,309,,
9847600,309,,
9848000,308,,
9848396,310,,
9848800,309,,
9849200,309,,
9849600,308,,
9850000,308,,
9850396,309,,
9850800,308,,
9851200,308,,
9851596,308,,
9851996,307,,
9852396,306,,
9852800,307,,
9853200,308,,
9853596,307,,
9853996,307,,
9854400,308,,
9854796,308,,
9855196,308,,
9855600,307,,
9855996,309,,
9856400,308,,
9856796,308,,
9857196,309,,
9857600,308,,
9857996,309,,
9858396,308,,
9858796,309,,
9859196,309,,
9859600,309,,
9859996,308,,
9860396,308,,
9860800,308,,
9861200,308,,
9861600,309,,
9861996,308,,
9862396,308,,
9862800,309,,
9863192,309,,
9863600,308,,
9863996,307,,
9864396,308,,
9864800,308,,
9865196,307,,
9865596,307,,
9865996,308,,
9866396,308,,
9866800,309,,
9867196,308,,
9867596,308,,
9868000,309,,
9868396,308,,
9868800,309,,
9869196,309,,
9869596,308,,
9870000,309,,
9870404,308,,
9870800,308,,
9871196,308,,
9871596,308,,
9872000,307,,
9872396,309,,
9872796,308,,
9873200,309,,
9873600,308,,
9873996,308,,
9874400,308,,
9874800,307,,
9875200,308,,
9875600,308,,
9875996,308,,
9876400,308,,
9876800,307,,
9877200,307,,
9877600,306,,
9877996,305,,
9878400,306,,
9878800,307,,
9879200,307,,
9879592,306,,
9880000,306,,
9880396,305,,
9880796,305,,
9881200,305,,
9881604,305,,
9882000,305,,
9882396,306,,
9882796,306,,
9883200,307,,
9883600,308,,
9884000,307,,
9884396,307,,
9884796,306,,
9885200,306,,
9885596,307,,
9886000,306,,
9886396,307,,
9886796,307,,
9887200,307,,
9887596,307,,
9887996,307,,
9888396,306,,
9888796,307,,
9889196,306,,
9889600,306,,
9890000,305,,
9890400,305,,
9890796,306,,
9891196,305,,
9891600,306,,
9892000,306,,
9892396,306,,
9892796,306,,
9893196,306,,
9893600,307,,
9894000,307,,
9894396,307,,
9894796,307,,
9895196,306,,
9895600,306,,
9896004,307,,
9896396,307,,
9896800,306,,
9897200,306,,
9897600,305,,
9897992,306,,
9898400,306,,
9898796,306,,
9899196,307,,
9899596,307,,
9900000,307,,
9900400,306,,
9900796,307,,
9901196,306,,
9901596,305,,
9902000,307,,
9902400,306,,
9902796,306,,
9903196,306,,
9903600,306,,
9904000,306,,
9904400,307,,
9904796,307,,
9905196,307,,
9905596,306,,
9906000,307,,
9906400,307,,
9906800,307,,
9907196,306,,
9907596,307,,
9908000,306,,
9908400,308,,
9908800,307,,
9909196,307,,
9909596,308,,
9910000,308,,
9910400,308,,
9910800,308,,
9911196,307,,
9911596,308,,
9912000,307,,
9912400,307,,
9912796,307,,
9913196,307,,
9913596,307,,
9914000,307,,
9914392,307,,
9914796,307,,
9915200,306,,
9915596,306,,
9916000,306,,
9916396,306,,
9916796,307,,
9917200,306,,
9917600,307,,
9918000,306,,
9918396,306,,
9918796,306,,
9919200,307,,
9919600,307,,
9920000,307,,
9920396,307,,
9920796,307,,
9921200,307,,
9921604,307,,
9921996,307,,
9922396,307,,
9922796,306,,
9923200,305,,
9923592,307,,
9924000,305,,
9924400,306,,
9924800,305,,
9925196,306,,
9925600,306,,
9926000,305,,
9926396,306,,
9926800,306,,
9927196,305,,
9927600,307,,
9928000,306,,
9928396,306,,
9928796,306,,
9929196,305,,
9929600,305,,
9930000,306,,
9930396,306,,
9930796,306,,
9931200,307,,
9931596,306,,
9931996,306,,
9932400,307,,
9932796,307,,
9933196,306,,
9933596,307,,
9933996,306,,
9934400,306,,
9934796,307,,
9935196,306,,
9935596,307,,
9935996,307,,
9936400,306,,
9936796,308,,
9937196,306,,
9937600,306,,
9938000,307,,
9938400,306,,
9938796,307,,
9939196,306,,
9939600,306,,
9939996,306,,
9940396,306,,
9940800,308,,
9941200,307,,
9941596,307,,
9942000,307,,
9942396,308,,
9942800,308,,
9943200,307,,
9943596,309,,
9944000,308,,
9944400,307,,
9944800,308,,
9945200,307,,
9945596,308,,
9946000,308,,
9946400,309,,
9946796,308,,
9947204,308,,
9947596,308,,
9948000,308,,
9948400,307,,
9948796,308,,
9949196,308,,
9949600,308,,
9949996,307,,
9950396,307,,
9950800,308,,
9951196,308,,
9951600,307,,
9951996,308,,
9952396,307,,
9952800,308,,
9953196,307,,
9953596,307,,
9953996,307,,
9954396,306,,
9954800,306,,
9955196,308,,
9955596,307,,
9956000,306,,
9956396,306,,
9956796,308,,
9957200,306,,
9957600,308,,
9957996,308,,
9958396,307,,
9958796,307,,
9959200,308,,
9959600,308,,
9959996,307,,
9960396,308,,
9960796,308,,
9961200,308,,
9961600,308,,
9961996,308,,
9962400,309,,
9962800,309,,
9963200,308,,
9963600,309,,
9963996,309,,
9964400,308,,
9964800,308,,
9965200,308,,
9965592,308,,
9965996,307,,
9966400,308,,
9966800,308,,
9967200,309,,
9967596,308,,
9967996,309,,
9968400,309,,
9968800,308,,
9969196,309,,
9969596,309,,
9969996,308,,
9970400,308,,
9970800,308,,
9971196,308,,
9971600,308,,
9971996,308,,
9972400,308,,
9972804,307,,
9973196,308,,
9973600,308,,
9974000,309,,
9974400,308,,
9974792,307,,
9975200,307,,
9975596,307,,
9975996,308,,
9976396,308,,
9976800,307,,
9977200,308,,
9977596,308,,
9977996,308,,
9978400,308,,
9978800,308,,
9979200,308,,
9979596,308,,
9979996,309,,
9980400,308,,
9980800,307,,
9981200,308,,
9981596,307,,
9981996,307,,
9982396,307,,
9982796,308,,
9983196,307,,
9983600,309,,
9983996,309,,
9984396,309,,
9984800,309,,
9985200,309,,
9985600,308,,
9985996,308,,
9986396,309,,
9986800,309,,
9987200,309,,
9987596,310,,
9987996,310,,
9988396,309,,
9988800,309,,
9989200,308,,
9989596,309,,
9989996,309,,
9990396,309,,
9990800,309,,
9991192,308,,
9991596,309,,
9992000,308,,
9992400,309,,
9992800,308,,
9993196,309,,
9993596,309,,
9994000,309,,
9994400,309,,
9994800,309,,
9995196,309,,
9995596,308,,
9996000,308,,
9996400,309,,
9996796,309,,
9997196,308,,
9997596,308,,
9998000,308,,
9998404,308,,
9998796,308,,
9999196,308,,
9999596,308,,
10000000,308,,
10000392,308,,
10000800,307,,
10001200,307,,
10001600,307,,
10001996,307,,
10002400,307,,
10002800,307,,
10003196,307,,
10003596,307,,
10003996,307,,
10004400,307,,
10004800,307,,
10005196,307,,
10005596,306,,
10005996,308,,
10006400,307,,
10006800,307,,
10007196,307,,
10007596,307,,
10008000,306,,
10008396,307,,
10008796,308,,
10009200,307,,
10009596,308,,
10009996,308,,
10010396,308,,
10010796,307,,
10011200,308,,
10011596,309,,
10011996,308,,
10012400,308,,
10012796,308,,
10013200,308,,
10013596,308,,
10013996,308,,
10014400,308,,
10014800,308,,
10015200,309,,
10015596,309,,
10015996,309,,
10016400,308,,
10016796,308,,
10017196,308,,
10017600,309,,
10018000,308,,
10018396,309,,
10018800,309,,
10019200,307,,
10019600,308,,
10020000,308,,
10020396,307,,
10020800,309,,
10021200,308,,
10021600,309,,
10022000,308,,
10022396,307,,
10022800,307,,
10023200,308,,
10023600,308,,
10024004,308,,
10024396,307,,
10024800,307,,
10025200,307,,
10025596,307,,
10025996,307,,
10026400,308,,
10026796,306,,
10027196,307,,
10027600,306,,
10028000,306,,
10028400,307,,
10028796,306,,
10029196,307,,
10029600,306,,
10029996,308,,
10030396,306,,
10030796,307,,
10031196,307,,
10031600,307,,
10031996,307,,
10032396,307,,
10032800,307,,
10033196,307,,
10033600,307,,
10033996,308,,
10034396,307,,
10034800,308,,
10035204,308,,
10035600,309,,
10035996,308,,
10036396,308,,
10036800,309,,
10037196,310,,
10037600,309,,
10037996,310,,
10038396,309,,
10038800,309,,
10039196,309,,
10039596,309,,
10039996,309,,
10040396,308,,
10040800,309,,
10041196,308,,
10041596,309,,
10042000,308,,
10042396,307,,
10042796,308,,
10043200,308,,
10043600,307,,
10043996,307,,
10044396,306,,
10044796,306,,
10045200,305,,
10045600,306,,
10045996,306,,
10046396,306,,
10046796,305,,
10047200,306,,
10047600,307,,
10047996,306,,
10048400,307,,
10048800,307,,
10049200,307,,
10049604,307,,
10049996,306,,
10050400,308,,
10050800,307,,
10051200,307,,
10051592,307,,
10052000,308,,
10052396,307,,
10052796,307,,
10053196,309,,
10053600,307,,
10054000,307,,
10054396,307,,
10054796,306,,
10055200,307,,
10055600,306,,
10056000,308,,
10056396,306,,
10056796,306,,
10057200,307,,
10057600,306,,
10058000,306,,
10058396,306,,
10058796,307,,
10059196,306,,
10059600,306,,
10059996,306,,
10060400,305,,
10060796,306,,
10061196,306,,
10061600,307,,
10062000,307,,
10062400,307,,
10062796,306,,
10063196,308,,
10063600,306,,
10064000,308,,
10064400,307,,
10064796,307,,
10065196,308,,
10065600,307,,
10066000,306,,
10066396,306,,
10066796,307,,
10067196,307,,
10067600,307,,
10067992,307,,
10068396,307,,
10068800,308,,
10069196,307,,
10069600,308,,
10069996,308,,
10070396,308,,
10070800,307,,
10071200,308,,
10071600,307,,
10071996,306,,
10072396,306,,
10072800,307,,
10073200,307,,
10073596,306,,
10073996,306,,
10074396,306,,
10074800,305,,
10075204,305,,
10075596,306,,
10076000,307,,
10076396,305,,
10076800,306,,
10077192,306,,
10077600,307,,
10077996,306,,
10078400,307,,
10078796,307,,
10079200,306,,
10079600,306,,
10079996,307,,
10080396,307,,
10080796,306,,
10081200,306,,
10081600,306,,
10081996,305,,
10082396,305,,
10082800,305,,
10083200,307,,
10083600,307,,
10083996,307,,
10084396,307,,
10084796,307,,
10085196,306,,
10085596,307,,
10086000,306,,
10086396,307,,
10086796,306,,
10087196,308,,
10087596,307,,
10088000,307,,
10088396,308,,
10088796,307,,
10089200,308,,
10089600,308,,
10090000,308,,
10090396,306,,
10090796,306,,
10091200,306,,
10091600,306,,
10092000,307,,
10092396,307,,
10092796,307,,
10093200,307,,
10093592,307,,
10094000,306,,
10094396,306,,
10094796,306,,
10095200,306,,
10095596,306,,
10095996,306,,
10096396,306,,
10096796,306,,
10097200,306,,
10097596,307,,
10097996,307,,
10098400,307,,
10098796,307,,
10099200,308,,
10099596,305,,
10099996,306,,
10100400,307,,
10100804,307,,
10101200,305,,
10101596,306,,
10101996,306,,
10102400,306,,
10102792,306,,
10103196,305,,
10103600,307,,
10104000,307,,
10104396,305,,
10104800,305,,
10105200,305,,
10105600,305,,
10106000,306,,
10106396,306,,
10106800,307,,
10107200,307,,
10107600,306,,
10108000,307,,
10108396,307,,
10108800,307,,
10109200,307,,
10109596,307,,
10109996,306,,
10110400,306,,
10110796,306,,
10111196,307,,
10111600,308,,
10112004,309,,
10112400,307,,
10112796,308,,
10113196,309,,
10113600,309,,
10114000,308,,
10114400,309,,
10114796,309,,
10115196,308,,
10115600,309,,
10115996,307,,
10116396,307,,
10116796,307,,
10117196,307,,
10117600,308,,
10117996,307,,
10118396,307,,
10118800,307,,
10119196,307,,
10119596,306,,
10120000,307,,
10120400,306,,
10120796,307,,
10121196,306,,
10121596,307,,
10122000,307,,
10122400,307,,
10122796,308,,
10123200,307,,
10123596,307,,
10124000,307,,
10124400,307,,
10124796,307,,
10125200,306,,
10125600,307,,
10126000,307,,
10126404,308,,
10126796,307,,
10127200,306,,
10127600,308,,
10128000,306,,
10128392,308,,
10128800,307,,
10129196,307,,
10129596,308,,
10130000,307,,
10130400,308,,
10130800,308,,
10131196,307,,
10131596,307,,
10132000,307,,
10132400,308,,
10132800,308,,
10133196,308,,
10133596,308,,
10134000,308,,
10134396,308,,
10134800,308,,
10135196,308,,
10135596,309,,
10135996,308,,
10136400,309,,
10136800,308,,
10137200,308,,
10137596,309,,
10137996,308,,
10138400,309,,
10138800,309,,
10139200,309,,
10139596,310,,
10139996,309,,
10140400,309,,
10140800,309,,
10141196,308,,
10141596,308,,
10141996,309,,
10142400,308,,
10142800,309,,
10143196,310,,
10143596,310,,
10143996,309,,
10144400,309,,
10144792,309,,
10145196,310,,
10145600,308,,
10146000,307,,
10146400,309,,
10146796,310,,
10147196,309,,
10147600,309,,
10148000,309,,
10148400,309,,
10148796,309,,
10149196,309,,
10149600,310,,
10150000,309,,
10150400,309,,
10150796,308,,
10151196,308,,
10151600,309,,
10152004,309,,
10152396,309,,
10152796,308,,
10153196,308,,
10153600,309,,
10153992,308,,
10154400,309,,
10154800,308,,
10155200,309,,
10155596,308,,
10156000,308,,
10156400,309,,
10156796,308,,
10157200,308,,
10157596,308,,
10158000,308,,
10158400,308,,
10158796,308,,
10159196,309,,
10159600,309,,
10160000,308,,
10160400,309,,
10160796,309,,
10161196,309,,
10161596,308,,
10161996,310,,
10162396,309,,
10162800,308,,
10163196,309,,
10163596,309,,
10164000,309,,
10164396,310,,
10164800,309,,
10165196,309,,
10165596,308,,
10166000,308,,
10166400,309,,
10166800,309,,
10167196,309,,
10167596,307,,
10168000,308,,
10168400,309,,
10168800,307,,
10169196,309,,
10169596,309,,
10170000,307,,
10170392,309,,
10170796,309,,
10171196,308,,
10171596,307,,
10172000,307,,
10172396,309,,
10172796,308,,
10173196,307,,
10173596,308,,
10174000,308,,
10174396,308,,
10174796,308,,
10175200,308,,
10175600,309,,
10176000,308,,
10176396,308,,
10176796,308,,
10177200,308,,
10177604,308,,
10178000,307,,
10178396,308,,
10178796,308,,
10179200,309,,
10179592,309,,
10179996,308,,
10180400,309,,
10180800,308,,
10181196,307,,
10181600,307,,
10182000,308,,
10182400,307,,
10182800,307,,
10183196,308,,
10183600,309,,
10184000,308,,
10184400,308,,
10184800,308,,
10185196,307,,
10185600,308,,
10186000,309,,
10186396,308,,
10186796,309,,
10187200,309,,
10187596,309,,
10187996,308,,
10188400,308,,
10188804,309,,
10189200,309,,
10189596,309,,
10189996,309,,
10190400,309,,
10190796,309,,
10191200,309,,
10191596,308,,
10191996,309,,
10192400,309,,
10192796,308,,
10193196,308,,
10193596,309,,
10193996,309,,
10194400,308,,
10194796,309,,
10195196,308,,
10195600,308,,
10195996,308,,
10196396,308,,
10196800,307,,
10197200,308,,
10197596,308,,
10197996,307,,
10198396,307,,
10198800,307,,
10199200,308,,
10199596,308,,
10199996,307,,
10200396,308,,
10200800,307,,
10201200,306,,
10201596,308,,
10202000,308,,
10202400,307,,
10202800,308,,
10203204,308,,
10203596,308,,
10204000,307,,
10204400,307,,
10204796,307,,
10205196,307,,
10205600,308,,
10205996,308,,
10206396,308,,
10206800,309,,
10207200,309,,
10207600,310,,
10207996,309,,
10208396,309,,
10208800,309,,
10209200,308,,
10209600,308,,
10209996,307,,
10210396,307,,
10210800,307,,
10211196,307,,
10211596,308,,
10211996,308,,
10212396,309,,
10212796,309,,
10213200,308,,
10213600,307,,
10214000,306,,
10214396,306,,
10214796,306,,
10215200,306,,
10215600,307,,
10216000,307,,
10216396,307,,
10216796,307,,
10217200,306,,
10217600,306,,
10217996,307,,
10218396,307,,
10218796,307,,
10219200,307,,
10219600,308,,
10219996,309,,
10220400,309,,
10220796,310,,
10221200,309,,
10221592,309,,
10221996,308,,
10222400,309,,
10222800,308,,
10223200,308,,
10223596,308,,
10223996,308,,
10224400,307,,
10224800,306,,
10225200,306,,
10225596,306,,
10225996,305,,
10226400,306,,
10226800,306,,
10227196,307,,
10227596,306,,
10227996,306,,
10228400,306,,
10228804,306,,
10229196,307,,
10229596,307,,
10229996,307,,
10230400,307,,
10230792,306,,
10231200,307,,
10231600,308,,
10232000,307,,
10232396,309,,
10232800,309,,
10233200,308,,
10233596,308,,
10233996,308,,
10234396,309,,
10234800,308,,
10235200,307,,
10235596,307,,
10235996,308,,
10236396,306,,
10236800,307,,
10237200,307,,
10237596,306,,
10237996,306,,
10238400,307,,
10238796,306,,
10239196,306,,
10239600,305,,
10239996,305,,
10240396,305,,
10240796,304,,
10241196,305,,
10241600,306,,
10241996,307,,
10242396,305,,
10242800,305,,
10243200,308,,
10243600,306,,
10243996,306,,
10244396,307,,
10244800,306,,
10245200,307,,
10245600,306,,
10245996,306,,
10246396,305,,
10246800,306,,
10247192,306,,
10247596,307,,
10247996,305,,
10248396,306,,
10248800,308,,
10249196,307,,
10249596,306,,
10250000,306,,
10250396,307,,
10250800,307,,
10251196,307,,
10251596,307,,
10252000,307,,
10252400,306,,
10252800,306,,
10253196,306,,
10253596,307,,
10254000,307,,
10254404,307,,
10254800,307,,
10255196,307,,
10255596,306,,
10256000,307,,
10256392,307,,
10256800,308,,
10257200,308,,
10257600,307,,
10257996,308,,
10258400,308,,
10258800,306,,
10259200,308,,
10259600,308,,
10259996,308,,
10260400,308,,
10260800,308,,
10261196,308,,
10261600,307,,
10261996,308,,
10262400,307,,
10262800,307,,
10263196,307,,
10263596,307,,
10264000,307,,
10264396,308,,
10264796,307,,
10265200,308,,
10265604,308,,
10266000,307,,
10266396,308,,
10266796,307,,
10267200,308,,
10267596,308,,
10267996,308,,
10268396,308,,
10268796,307,,
10269200,308,,
10269596,307,,
10269996,308,,
10270396,308,,
10270796,308,,
10271200,308,,
10271596,308,,
10271996,308,,
10272400,307,,
10272796,307,,
10273196,307,,
10273600,307,,
10274000,307,,
10274396,306,,
10274796,305,,
10275196,306,,
10275600,306,,
10276000,305,,
10276396,306,,
10276800,306,,
10277196,306,,
10277600,306,,
10278000,306,,
10278396,306,,
10278800,306,,
10279200,305,,
10279600,306,,
10280004,305,,
10280396,305,,
10280800,305,,
10281200,306,,
10281600,306,,
10281992,307,,
10282400,307,,
10282796,306,,
10283196,307,,
10283600,306,,
10284000,308,,
10284400,306,,
10284796,306,,
10285196,306,,
10285600,305,,
10286000,305,,
10286400,305,,
10286796,305,,
10287196,305,,
10287600,306,,
10287996,306,,
10288396,305,,
10288796,305,,
10289196,305,,
10289596,305,,
10290000,305,,
10290400,305,,
10290800,305,,
10291196,306,,
10291596,305,,
10292000,306,,
10292400,305,,
10292796,306,,
10293196,307,,
10293596,307,,
10294000,307,,
10294400,307,,
10294796,307,,
10295196,307,,
10295596,307,,
10296000,307,,
10296400,308,,
10296796,307,,
10297200,307,,
10297600,307,,
10298000,306,,
10298392,306,,
10298796,307,,
10299200,307,,
10299600,307,,
10300000,306,,
10300396,306,,
10300796,307,,
10301200,306,,
10301600,307,,
10302000,307,,
10302396,308,,
10302796,309,,
10303200,307,,
10303600,308,,
10303996,307,,
10304396,307,,
10304796,308,,
10305200,308,,
10305604,307,,
10305996,308,,
10306400,308,,
10306796,308,,
10307200,308,,
10307592,307,,
10308000,307,,
10308396,307,,
10308800,307,,
10309196,307,,
10309600,307,,
10310000,306,,
10310396,306,,
10310796,306,,
10311196,306,,
10311600,306,,
10312000,307,,
10312396,307,,
10312796,307,,
10313200,306,,
10313600,307,,
10314000,307,,
10314396,307,,
10314796,307,,
10315196,308,,
10315596,309,,
10315996,308,,
10316400,309,,
10316796,308,,
10317196,308,,
10317596,308,,
10317996,309,,
10318400,309,,
10318796,308,,
10319196,308,,
10319600,308,,
10320000,308,,
10320400,307,,
10320796,308,,
10321196,308,,
10321600,307,,
10322000,307,,
10322400,306,,
10322796,307,,
10323196,307,,
10323600,307,,
10323992,307,,
10324396,308,,
10324796,307,,
10325196,308,,
10325600,307,,
10325996,307,,
10326396,308,,
10326796,308,,
10327196,308,,
10327600,308,,
10327996,307,,
10328396,307,,
10328800,308,,
10329200,308,,
10329600,307,,
10329996,307,,
10330396,308,,
10330800,308,,
10331204,307,,
10331596,308,,
10331996,308,,
10332396,308,,
10332800,307,,
10333192,307,,
10333600,307,,
10334000,308,,
10334400,308,,
10334796,308,,
10335200,309,,
10335600,308,,
10336000,308,,
10336400,308,,
10336796,308,,
10337200,308,,
10337600,308,,
10337996,308,,
10338396,309,,
10338796,308,,
10339200,308,,
10339600,309,,
10339996,310,,
10340396,309,,
10340800,309,,
10341196,309,,
10341596,310,,
10342000,309,,
10342396,308,,
10342800,309,,
10343196,310,,
10343596,309,,
10344000,308,,
10344396,308,,
10344796,309,,
10345196,309,,
10345596,307,,
10346000,309,,
10346396,309,,
10346796,308,,
10347200,309,,
10347596,309,,
10348000,309,,
10348396,309,,
10348796,309,,
10349200,309,,
10349596,309,,
10349996,309,,
10350400,309,,
10350800,309,,
10351196,310,,
10351596,310,,
10351996,309,,
10352400,309,,
10352800,307,,
10353196,309,,
10353600,309,,
10354000,308,,
10354400,310,,
10354800,309,,
10355196,308,,
10355600,309,,
10356000,308,,
10356400,309,,
10356804,309,,
10357196,308,,
10357600,308,,
10358000,308,,
10358400,308,,
10358792,309,,
10359200,309,,
10359596,308,,
10359996,308,,
10360400,308,,
10360800,309,,
10361200,308,,
10361596,307,,
10361996,308,,
10362400,308,,
10362800,308,,
10363200,308,,
10363596,307,,
10363996,307,,
10364400,308,,
10364796,308,,
10365200,308,,
10365596,308,,
10365996,308,,
10366396,308,,
10366800,309,,
10367200,307,,
10367600,308,,
10367996,308,,
10368396,309,,
10368800,309,,
10369200,308,,
10369600,308,,
10369996,309,,
10370396,308,,
10370800,308,,
10371200,309,,
10371596,309,,
10372000,309,,
10372396,308,,
10372800,308,,
10373200,309,,
10373596,308,,
10374000,309,,
10374400,308,,
10374800,308,,
10375192,309,,
10375596,308,,
10376000,308,,
10376400,308,,
10376800,308,,
10377196,308,,
10377596,308,,
10378000,307,,
10378400,308,,
10378796,309,,
10379196,307,,
10379596,308,,
10380000,307,,
10380400,307,,
10380796,307,,
10381196,307,,
10381596,307,,
10382000,307,,
10382404,307,,
10382796,307,,
10383200,307,,
10383600,307,,
10384000,307,,
10384392,307,,
10384800,307,,
10385196,307,,
10385596,307,,
10385996,307,,
10386400,308,,
10386800,308,,
10387196,307,,
10387596,308,,
10387996,307,,
10388400,307,,
10388800,306,,
10389196,307,,
10389596,307,,
10390000,307,,
10390400,307,,
10390800,307,,
10391196,306,,
10391596,307,,
10391996,308,,
10392396,308,,
10392796,308,,
10393200,308,,
10393596,308,,
10393996,308,,
10394400,308,,
10394796,309,,
10395200,309,,
10395596,308,,
10395996,308,,
10396400,307,,
10396800,307,,
10397200,307,,
10397596,308,,
10397996,308,,
10398400,309,,
10398800,310,,
10399200,309,,
10399596,308,,
10399996,308,,
10400400,308,,
10400792,309,,
10401196,308,,
10401596,309,,
10401996,309,,
10402400,309,,
10402796,309,,
10403196,308,,
10403600,308,,
10403996,309,,
10404400,307,,
10404796,307,,
10405196,307,,
10405600,307,,
10406000,306,,
10406400,307,,
10406796,307,,
10407196,306,,
10407600,305,,
10408008,306,,
10408400,307,,
10408796,306,,
10409196,307,,
10409600,307,,
10409992,307,,
10410400,306,,
10410800,308,,
10411200,307,,
10411596,306,,
10412000,307,,
10412400,306,,
10412800,306,,
10413200,306,,
10413596,308,,
10414000,307,,
10414400,307,,
10414796,307,,
10415196,308,,
10415596,307,,
10416000,307,,
10416400,308,,
10416796,309,,
10417196,308,,
10417600,308,,
10417996,309,,
10418396,308,,
10418800,308,,
10419196,308,,
10419596,308,,
10419996,309,,
10420396,309,,
10420800,309,,
10421196,309,,
10421596,308,,
10421996,307,,
10422396,307,,
10422800,306,,
10423196,306,,
10423596,306,,
10424000,306,,
10424400,305,,
10424800,306,,
10425196,305,,
10425596,306,,
10426000,307,,
10426396,307,,
10426796,306,,
10427200,307,,
10427600,307,,
10427996,306,,
10428400,307,,
10428796,308,,
10429200,307,,
10429600,307,,
10429996,306,,
10430400,307,,
10430800,306,,
10431200,307,,
10431600,305,,
10431996,305,,
10432400,305,,
10432800,305,,
10433200,304,,
10433604,305,,
10433996,306,,
10434400,305,,
10434800,304,,
10435196,306,,
10435596,306,,
10436000,306,,
10436396,306,,
10436796,308,,
10437200,307,,
10437600,306,,
10438000,307,,
10438396,307,,
10438796,308,,
10439200,307,,
10439600,307,,
10440000,308,,
10440396,306,,
10440796,306,,
10441200,307,,
10441596,307,,
10441996,308,,
10442396,306,,
10442796,306,,
10443196,306,,
10443600,307,,
10444000,306,,
10444400,306,,
10444796,308,,
10445196,308,,
10445600,307,,
10446000,308,,
10446400,308,,
10446796,308,,
10447196,308,,
10447600,308,,
10448000,308,,
10448396,306,,
10448796,307,,
10449196,307,,
10449600,306,,
10450000,306,,
10450396,307,,
10450800,306,,
10451196,306,,
10451600,306,,
10451992,306,,
10452396,306,,
10452800,306,,
10453200,307,,
10453600,306,,
10453996,306,,
10454396,306,,
10454800,306,,
10455200,306,,
10455600,307,,
10455996,307,,
10456396,307,,
10456800,307,,
10457200,307,,
10457596,307,,
10458000,307,,
10458396,306,,
10458800,307,,
10459204,307,,
10459596,306,,
10460000,305,,
10460400,307,,
10460800,306,,
10461192,306,,
10461600,308,,
10461996,306,,
10462396,307,,
10462796,307,,
10463200,307,,
10463600,307,,
10463996,308,,
10464396,307,,
10464800,308,,
10465200,308,,
10465600,308,,
10465996,307,,
10466396,308,,
10466800,308,,
10467200,307,,
10467600,308,,
10467996,307,,
10468396,306,,
10468796,307,,
10469196,307,,
10469596,307,,
10470000,307,,
10470396,307,,
10470796,307,,
10471200,307,,
10471600,308,,
10472000,307,,
10472396,308,,
10472796,308,,
10473200,308,,
10473600,307,,
10474000,307,,
10474396,307,,
10474796,307,,
10475200,307,,
10475600,307,,
10475996,308,,
10476396,307,,
10476796,307,,
10477200,306,,
10477592,307,,
10477996,308,,
10478396,307,,
10478796,306,,
10479200,307,,
10479596,307,,
10479996,306,,
10480400,307,,
10480800,307,,
10481200,307,,
10481596,307,,
10481996,307,,
10482400,307,,
10482800,307,,
10483200,307,,
10483596,308,,
10483996,306,,
10484400,307,,
10484804,306,,
10485200,306,,
10485596,306,,
10485996,305,,
10486400,305,,
10486792,307,,
10487200,306,,
10487600,306,,
10488000,307,,
10488396,306,,
10488800,306,,
10489200,306,,
10489600,306,,
10490000,306,,
10490396,305,,
10490800,307,,
10491200,307,,
10491596,307,,
10492000,307,,
10492396,307,,
10492800,306,,
10493200,305,,
10493596,306,,
10493996,305,,
10494400,306,,
10494796,306,,
10495196,305,,
10495600,306,,
10496008,305,,
10496400,306,,
10496796,306,,
10497196,306,,
10497600,307,,
10497996,306,,
10498396,307,,
10498796,307,,
10499196,307,,
10499600,307,,
10499996,307,,
10500396,306,,
10500800,307,,
10501200,306,,
10501600,306,,
10501996,306,,
10502396,307,,
10502800,307,,
10503196,308,,
10503596,307,,
10504000,307,,
10504400,306,,
10504796,305,,
10505200,305,,
10505600,306,,
10506000,306,,
10506400,307,,
10506796,306,,
10507200,307,,
10507600,306,,
10508000,305,,
10508400,307,,
10508796,307,,
10509200,307,,
10509600,307,,
10510000,307,,
10510404,306,,
10510796,307,,
10511200,306,,
10511600,306,,
10511996,306,,
10512396,306,,
10512800,306,,
10513196,306,,
10513596,306,,
10514000,306,,
10514400,306,,
10514800,306,,
10515196,307,,
10515596,307,,
10516000,307,,
10516396,307,,
10516800,307,,
10517196,307,,
10517596,307,,
10518000,307,,
10518396,307,,
10518796,307,,
10519196,307,,
10519596,307,,
10519996,307,,
10520400,307,,
10520800,307,,
10521200,307,,
10521596,307,,
10521996,307,,
10522400,306,,
10522800,307,,
10523196,308,,
10523596,307,,
10523996,308,,
10524400,308,,
10524800,308,,
10525196,308,,
10525596,308,,
10525996,308,,
10526400,308,,
10526800,308,,
10527196,308,,
10527600,307,,
10528000,308,,
10528400,308,,
10528792,307,,
10529196,307,,
10529600,308,,
10530000,307,,
10530400,306,,
10530796,306,,
10531196,306,,
10531600,306,,
10532000,305,,
10532396,306,,
10532796,306,,
10533196,306,,
10533600,306,,
10534000,306,,
10534396,306,,
10534796,306,,
10535196,307,,
10535600,307,,
10536004,307,,
10536396,307,,
10536800,306,,
10537200,308,,
10537600,306,,
10537992,307,,
10538400,308,,
10538796,307,,
10539196,308,,
10539596,308,,
10540000,307,,
10540400,308,,
10540796,308,,
10541196,308,,
10541596,308,,
10542000,308,,
10542400,309,,
10542796,309,,
10543196,309,,
10543600,309,,
10544000,309,,
10544400,309,,
10544796,309,,
10545196,309,,
10545596,308,,
10546000,309,,
10546396,308,,
10546800,308,,
10547196,309,,
10547596,308,,
10548000,308,,
10548400,308,,
10548800,308,,
10549196,308,,
10549596,309,,
10550000,309,,
10550400,309,,
10550800,308,,
10551196,308,,
10551596,307,,
10552000,308,,
10552400,308,,
10552796,308,,
10553196,308,,
10553596,308,,
10554000,307,,
10554392,307,,
10554796,308,,
10555200,308,,
10555596,308,,
10556000,308,,
10556396,308,,
10556796,309,,
10557200,307,,
10557600,308,,
10558000,308,,
10558396,307,,
10558796,308,,
10559200,307,,
10559600,308,,
10560000,309,,
10560396,307,,
10560796,308,,
10561200,308,,
10561604,307,,
10561996,308,,
10562396,308,,
10562796,308,,
10563200,309,,
10563592,309,,
10564000,308,,
10564400,309,,
10564800,309,,
10565196,308,,
10565600,309,,
10566000,309,,
10566400,309,,
10566800,310,,
10567196,308,,
10567600,309,,
10568000,308,,
10568396,309,,
10568796,309,,
10569196,308,,
10569600,310,,
10570000,309,,
10570396,309,,
10570796,309,,
10571200,308,,
10571596,310,,
10571996,309,,
10572400,309,,
10572796,309,,
10573200,307,,
10573596,308,,
10573996,307,,
10574400,306,,
10574796,307,,
10575196,306,,
10575596,307,,
10575996,306,,
10576400,307,,
10576796,306,,
10577196,306,,
10577600,307,,
10577996,306,,
10578400,307,,
10578796,307,,
10579196,306,,
10579600,307,,
10579996,307,,
10580396,307,,
10580800,307,,
10581200,307,,
10581596,308,,
10581996,307,,
10582396,307,,
10582800,308,,
10583200,307,,
10583596,307,,
10584000,306,,
10584400,307,,
10584800,306,,
10585200,306,,
10585596,306,,
10586000,307,,
10586400,306,,
10586796,306,,
10587204,307,,
10587596,307,,
10588000,307,,
10588400,308,,
10588796,307,,
10589196,307,,
10589600,308,,
10589996,307,,
10590396,308,,
10590800,308,,
10591200,308,,
10591600,309,,
10591996,309,,
10592396,309,,
10592800,309,,
10593196,309,,
10593596,310,,
10593996,309,,
10594396,309,,
10594800,309,,
10595196,309,,
10595596,309,,
10595996,308,,
10596396,309,,
10596796,308,,
10597200,308,,
10597600,308,,
10598000,309,,
10598396,309,,
10598796,309,,
10599200,310,,
10599600,308,,
10599996,309,,
10600396,308,,
10600796,307,,
10601200,307,,
10601600,307,,
10601996,308,,
10602400,308,,
10602796,307,,
10603200,308,,
10603600,307,,
10603996,307,,
10604400,307,,
10604800,307,,
10605200,306,,
10605592,307,,
10605996,306,,
10606400,306,,
10606800,308,,
10607200,307,,
10607596,307,,
10607996,308,,
10608400,307,,
10608800,308,,
10609196,308,,
10609596,308,,
10609996,309,,
10610400,309,,
10610800,309,,
10611196,308,,
10611600,308,,
