FrameUs,ADC,SyncUs,MagnetUs
576,307,,
924,307,,
1328,306,,
1724,306,,
2128,306,,
2528,306,,
2928,307,,
3324,306,,
3728,308,,
4124,306,,
4524,306,,
4924,307,,
5328,308,,
5724,307,,
6124,306,,
6528,307,,
6928,307,,
7324,306,,
7728,307,,
8128,307,,
8524,307,,
8924,307,,
9328,306,,
9724,306,,
10124,307,,
10528,306,,
10928,306,,
11332,307,,
11728,307,,
12128,307,,
12524,307,,
12924,306,,
13324,306,,
13728,306,,
14128,307,,
14524,307,,
14928,307,,
15328,306,,
15724,306,,
16124,306,,
16528,306,,
16924,307,,
17324,307,,
17728,306,,
18128,307,,
18524,306,,
18924,305,,
19328,307,,
19724,306,,
20124,307,,
20520,306,,
20928,306,,
21328,307,,
21724,307,,
22124,307,,
22532,306,,
22924,308,,
23324,307,,
23728,307,,
24128,307,,
24524,306,,
24928,306,,
25328,306,,
25724,306,,
26124,307,,
26528,306,,
26924,307,,
27324,307,,
27728,307,,
28128,308,,
28524,306,,
28928,307,,
29328,307,,
29724,306,,
30124,308,,
30528,307,,
30924,307,,
31324,308,,
31724,306,,
32128,307,,
32524,306,,
32928,308,,
33328,306,,
33728,307,,
34124,306,,
34528,306,,
34928,307,,
35324,304,,
35724,306,,
36128,306,,
36528,306,,
36932,307,,
37328,306,,
37728,307,,
38124,306,,
38524,307,,
38924,307,,
39328,306,,
39724,307,,
40124,305,,
40528,306,,
40928,307,,
41324,306,,
41724,307,,
42128,306,,
42524,307,,
42924,306,,
43328,306,,
43728,306,,
44124,306,,
44528,306,,
44928,307,,
45324,307,,
45724,306,,
46124,307,,
46528,307,,
46924,307,,
47328,309,,
47728,308,,
48128,307,,
48524,307,,
48928,306,,
49324,307,,
49724,307,,
50124,307,,
50528,307,,
50924,307,,
51324,307,,
51728,307,,
52128,307,,
52524,307,,
52924,306,,
53328,307,,
53724,307,,
54124,307,,
54528,306,,
54928,307,,
55320,308,,
55728,307,,
56128,308,,
56524,308,,
56924,307,,
57328,308,,
57724,308,,
58124,308,,
58528,307,,
58928,307,,
59324,308,,
59728,307,,
60128,307,,
60524,308,,
60924,307,,
61328,308,,
61724,306,,
62124,307,,
62532,307,,
62928,307,,
63324,307,,
63728,307,,
64128,307,,
64524,307,,
64924,307,,
65324,307,,
65728,307,,
66128,307,,
66524,307,,
66928,307,,
67328,308,,
67724,308,,
68124,308,,
68528,308,,
68924,307,,
69324,308,,
69728,308,,
70128,308,,
70524,308,,
70924,307,,
71328,307,,
71724,306,,
72124,307,,
72524,307,,
72928,308,,
73328,307,,
73724,307,,
74124,308,,
74528,308,,
74924,306,,
75324,308,,
75724,308,,
76128,306,,
76524,308,,
76928,307,,
77328,308,,
77728,307,,
78124,307,,
78528,307,,
78924,307,,
79324,307,,
79724,306,,
80128,307,,
80524,307,,
80920,307,,
81328,307,,
81728,308,,
82124,308,,
82528,307,,
82928,307,,
83324,307,,
83724,307,,
84128,308,,
84524,307,,
84924,308,,
85328,307,,
85728,308,,
86124,307,,
86524,307,,
86928,307,,
87324,307,,
87724,307,,
88132,307,,
88528,306,,
88924,306,,
89328,307,,
89728,307,,
90124,307,,
90524,307,,
90924,307,,
91328,306,,
91728,307,,
92124,307,,
92528,307,,
92928,307,,
93324,307,,
93724,308,,
94128,308,,
94524,308,,
94924,308,,
95328,308,,
95728,307,,
96124,307,,
96528,307,,
96928,307,,
97324,307,,
97724,307,,
98124,307,,
98528,306,,
98928,307,,
99324,307,,
99728,307,,
100128,307,,
100524,307,,
100924,306,,
101328,307,,
101724,307,,
102124,307,,
102528,306,,
102928,308,,
103324,307,,
103724,306,,
104128,307,,
104524,307,,
104924,307,,
105324,306,,
105728,307,,
106124,308,,
106520,308,,
106928,309,,
107328,307,,
107724,308,,
108128,307,,
108528,307,,
108924,308,,
109324,308,,
109728,307,,
110124,308,,
110524,308,,
110928,308,,
111328,308,,
111724,307,,
112128,308,,
112528,308,,
112924,309,,
113324,308,,
113732,308,,
114124,308,,
114524,308,,
114928,309,,
115328,308,,
115724,307,,
116124,309,,
116524,308,,
116928,308,,
117324,308,,
117724,308,,
118128,307,,
118528,308,,
118924,308,,
119328,307,,
119728,308,,
120124,307,,
120524,308,,
120928,308,,
121328,307,,
121724,308,,
122128,307,,
122528,307,,
122924,308,,
123324,307,,
123724,307,,
124128,308,,
124524,308,,
124924,307,,
125328,307,,
125728,307,,
126124,307,,
126524,307,,
126928,307,,
127324,308,,
127724,306,,
128128,308,,
128528,306,,
128924,306,,
129328,306,,
129728,306,,
130124,307,,
130524,306,,
130928,307,,
131328,306,,
131724,307,,
132120,307,,
132528,308,,
132928,308,,
133324,308,,
133728,308,,
134128,308,,
134524,308,,
134924,308,,
135328,309,,
135724,308,,
136124,309,,
136528,309,,
136928,308,,
137324,308,,
137728,308,,
138128,308,,
138524,308,,
138924,309,,
139332,307,,
139724,308,,
140124,308,,
140528,308,,
140928,308,,
141324,307,,
141724,308,,
142124,307,,
142528,307,,
142924,307,,
143324,307,,
143728,307,,
144128,308,,
144524,307,,
144928,308,,
145328,308,,
145724,308,,
146124,308,,
146528,309,,
146924,308,,
147324,308,,
147728,308,,
148128,308,,
148524,308,,
148924,309,,
149324,308,,
149728,309,,
150124,310,,
150524,309,,
150928,309,,
151328,309,,
151724,308,,
152128,308,,
152528,307,,
152924,308,,
153324,306,,
153728,307,,
154128,307,,
154524,307,,
154928,308,,
155328,309,,
155724,309,,
156124,308,,
156528,309,,
156924,308,,
157324,308,,
157720,309,,
158128,309,,
158524,308,,
158928,308,,
159328,307,,
159728,308,,
160124,307,,
160528,307,,
160924,308,,
161324,308,,
161724,307,,
162128,308,,
162524,308,,
162928,307,,
163328,307,,
163728,308,,
164124,307,,
164528,307,,
164932,308,,
165324,307,,
165724,307,,
166128,307,,
166524,307,,
166920,307,,
167324,307,,
167728,307,,
168124,307,,
168524,307,,
168924,307,,
169328,307,,
169724,307,,
170124,307,,
170528,307,,
170928,307,,
171324,308,,
171724,307,,
172128,307,,
172524,306,,
172924,306,,
173328,306,,
173728,306,,
174124,306,,
174524,306,,
174924,307,,
175328,307,,
175724,308,,
176124,306,,
176528,307,,
176928,307,,
177324,308,,
177728,308,,
178128,308,,
178524,307,,
178924,307,,
179328,307,,
179724,308,,
180124,308,,
180528,308,,
180928,308,,
181324,308,,
181724,308,,
182128,307,,
182524,309,,
182924,309,,
183320,309,,
183728,308,,
184124,308,,
184528,308,,
184928,308,,
185328,308,,
185724,309,,
186128,309,,
186524,309,,
186924,309,,
187324,308,,
187728,308,,
188124,307,,
188528,307,,
188928,307,,
189328,307,,
189724,307,,
190128,308,,
190532,306,,
190924,307,,
191324,308,,
191728,308,,
192124,307,,
192520,307,,
192924,308,,
193328,307,,
193724,307,,
194124,307,,
194524,306,,
194928,306,,
195324,306,,
195728,307,,
196128,307,,
196528,307,,
196924,307,,
197328,308,,
197724,308,,
198124,307,,
198524,307,,
198928,307,,
199324,307,,
199720,307,,
200124,307,,
200528,306,,
200924,306,,
201324,308,,
201724,308,,
202128,307,,
202524,308,,
202924,307,,
203328,307,,
203728,307,,
204124,307,,
204524,306,,
204928,305,,
205324,306,,
205724,307,,
206128,307,,
206528,306,,
206928,306,,
207328,307,,
207728,307,,
208124,306,,
208524,306,,
208924,306,,
209328,305,,
209728,306,,
210124,306,,
210528,305,,
210928,306,,
211324,306,,
211724,305,,
212128,306,,
212524,306,,
212924,306,,
213328,306,,
213728,305,,
214124,306,,
214524,306,,
214928,305,,
215324,306,,
215724,307,,
216132,307,,
216528,306,,
216924,307,,
217328,308,,
217728,307,,
218124,307,,
218524,307,,
218924,307,,
219328,306,,
219728,307,,
220124,306,,
220528,307,,
220928,306,,
221324,307,,
221724,306,,
222128,306,,
222524,307,,
222924,306,,
223328,307,,
223728,307,,
224124,307,,
224528,307,,
224928,306,,
225324,306,,
225724,306,,
226124,305,,
226528,307,,
226928,307,,
227324,306,,
227728,307,,
228128,307,,
228524,307,,
228924,307,,
229328,307,,
229724,307,,
230124,307,,
230528,306,,
230928,307,,
231324,306,,
231728,308,,
232128,307,,
232524,307,,
232924,307,,
233328,307,,
233724,307,,
234124,307,,
234520,307,,
234928,307,,
235324,306,,
235724,306,,
236128,306,,
236528,306,,
236924,306,,
237324,307,,
237728,307,,
238124,306,,
238524,307,,
238928,306,,
239328,306,,
239724,306,,
240128,305,,
240528,306,,
240924,307,,
241324,305,,
241732,307,,
242124,306,,
242524,307,,
242928,308,,
243328,307,,
243724,308,,
244124,307,,
244524,307,,
244928,307,,
245324,306,,
245724,308,,
246128,306,,
246528,307,,
246924,306,,
247328,307,,
247728,307,,
248124,307,,
248524,307,,
248928,307,,
249324,307,,
249724,307,,
250128,307,,
250528,307,,
250924,307,,
251324,308,,
251724,308,,
252128,307,,
252524,306,,
252924,307,,
253328,305,,
253728,306,,
254124,307,,
254528,307,,
254928,307,,
255324,308,,
255724,308,,
256128,307,,
256528,307,,
256924,307,,
257328,308,,
257728,308,,
258124,307,,
258524,308,,
258928,307,,
259324,307,,
259724,307,,
260120,307,,
260528,307,,
260924,307,,
261328,308,,
261728,307,,
262128,307,,
262524,308,,
262928,308,,
263324,308,,
263724,309,,
264124,308,,
264528,308,,
264924,308,,
265324,309,,
265728,308,,
266128,308,,
266524,307,,
266924,308,,
267332,308,,
267724,308,,
268124,308,,
268528,308,,
268928,308,,
269320,308,,
269724,308,,
270124,308,,
270528,308,,
270924,308,,
271324,308,,
271728,308,,
272128,308,,
272524,307,,
272928,307,,
273328,307,,
273724,308,,
274124,307,,
274528,307,,
274924,309,,
275324,309,,
275728,308,,
276128,307,,
276524,307,,
276924,309,,
277324,307,,
277728,308,,
278124,307,,
278524,308,,
278928,308,,
279328,308,,
279724,308,,
280128,309,,
280528,308,,
280924,308,,
281324,309,,
281728,309,,
282124,309,,
282524,310,,
282928,309,,
283328,309,,
283728,309,,
284128,308,,
284528,310,,
284924,309,,
285324,309,,
285724,308,,
286128,307,,
286528,307,,
286924,308,,
287328,307,,
287728,307,,
288124,307,,
288524,307,,
288928,308,,
289324,308,,
289724,308,,
290128,308,,
290528,308,,
290924,308,,
291324,307,,
291728,307,,
292124,308,,
292524,308,,
292932,308,,
293328,308,,
293724,308,,
294128,308,,
294528,307,,
294924,309,,
295324,307,,
295724,309,,
296128,309,,
296528,308,,
296924,310,,
297328,308,,
297728,309,,
298124,308,,
298524,309,,
298928,309,,
299324,309,,
299724,308,,
300128,309,,
300528,309,,
300924,308,,
301324,309,,
301728,308,,
302124,308,,
302524,307,,
302924,307,,
303328,308,,
303728,308,,
304124,308,,
304528,308,,
304928,309,,
305324,308,,
305724,308,,
306128,309,,
306528,308,,
306924,307,,
307328,308,,
307728,307,,
308128,309,,
308524,307,,
308928,309,,
309324,309,,
309724,308,,
310124,309,,
310528,309,,
310924,308,,
311320,308,,
311728,307,,
312128,309,,
312524,309,,
312928,310,,
313328,310,,
313724,309,,
314124,309,,
314528,309,,
314924,310,,
315324,309,,
315728,308,,
316128,307,,
316524,307,,
316928,308,,
317328,307,,
317724,308,,
318124,307,,
318532,308,,
318924,307,,
319324,306,,
319728,308,,
320128,306,,
320524,308,,
320924,309,,
321324,309,,
321728,310,,
322124,309,,
322524,309,,
322928,308,,
323328,309,,
323724,310,,
324124,309,,
324528,309,,
324924,309,,
325324,310,,
325728,308,,
326128,309,,
326524,308,,
326928,307,,
327328,308,,
327724,306,,
328124,308,,
328524,307,,
328928,308,,
329328,308,,
329724,309,,
330128,308,,
330528,307,,
330924,307,,
331324,308,,
331728,307,,
332124,309,,
332524,309,,
332928,311,,
333328,310,,
333724,309,,
334128,310,,
334528,310,,
334924,310,,
335324,309,,
335728,309,,
336124,308,,
336524,309,,
336920,309,,
337328,310,,
337724,309,,
338128,308,,
338528,308,,
338928,308,,
339324,308,,
339728,308,,
340124,308,,
340524,308,,
340924,308,,
341328,307,,
341724,308,,
342124,308,,
342528,308,,
342928,307,,
343324,308,,
343724,308,,
344132,308,,
344524,308,,
344924,307,,
345328,307,,
345728,307,,
346124,306,,
346524,307,,
346924,308,,
347328,307,,
347724,306,,
348124,307,,
348528,307,,
348928,306,,
349324,306,,
349728,306,,
350128,307,,
350524,307,,
350924,307,,
351328,308,,
351724,307,,
352124,307,,
352528,305,,
352928,306,,
353324,306,,
353724,306,,
354124,306,,
354528,306,,
354924,306,,
355324,306,,
355728,306,,
356128,306,,
356524,307,,
356924,306,,
357328,305,,
357724,306,,
358124,306,,
358528,305,,
358928,306,,
359324,307,,
359728,307,,
360128,306,,
360524,306,,
360924,306,,
361328,306,,
361724,307,,
362124,307,,
362520,307,,
362928,307,,
363324,306,,
363728,305,,
364128,306,,
364528,307,,
364924,307,,
365328,307,,
365724,307,,
366124,307,,
366524,306,,
366928,306,,
367324,306,,
367728,306,,
368128,306,,
368528,306,,
368924,305,,
369328,305,,
369732,305,,
370124,306,,
370524,305,,
370928,306,,
371328,306,,
371720,306,,
372124,306,,
372528,306,,
372924,306,,
373324,307,,
373724,307,,
374128,306,,
374524,306,,
374924,307,,
375328,307,,
375728,307,,
376124,308,,
376524,306,,
376928,307,,
377324,306,,
377724,307,,
378128,306,,
378528,306,,
378920,306,,
379324,306,,
379724,305,,
380128,305,,
380524,305,,
380924,305,,
381328,306,,
381728,306,,
382124,306,,
382528,306,,
382928,306,,
383324,306,,
383724,305,,
384128,307,,
384524,306,,
384924,306,,
385328,306,,
385728,306,,
386124,306,,
386524,306,,
386928,305,,
387324,305,,
387724,306,,
388120,305,,
388528,306,,
388924,306,,
389328,306,,
389728,307,,
390128,306,,
390524,306,,
390928,306,,
391324,305,,
391724,306,,
392124,306,,
392528,306,,
392924,306,,
393328,306,,
393728,306,,
394128,305,,
394524,305,,
394928,305,,
395332,305,,
395724,304,,
396124,304,,
396528,304,,
396924,305,,
397320,305,,
397724,306,,
398128,306,,
398524,306,,
398924,307,,
399324,305,,
399728,306,,
400124,306,,
559196,307,,
559600,308,,
559996,307,,
560396,308,,
560796,307,,
561196,308,,
561596,308,,
562000,307,,
562400,308,,
562800,309,,
563196,309,,
563596,308,,
564000,308,,
564400,310,,
564796,309,,
565196,311,,
565596,310,,
566000,310,,
566400,310,,
566796,309,,
567200,309,,
567596,310,,
568000,309,,
568400,308,,
568796,310,,
569200,308,,
569600,308,,
570000,309,,
570392,308,,
570796,309,,
571200,309,,
571600,309,,
572000,308,,
572396,308,,
572796,308,,
573200,308,,
573600,309,,
573996,308,,
574396,308,,
574796,308,,
575200,308,,
575600,309,,
575996,308,,
576400,309,,
576796,309,,
577200,308,,
577604,309,,
577996,309,,
578400,308,,
578800,309,,
579200,308,,
579592,309,,
580000,308,,
580396,309,,
580796,309,,
581196,309,,
581600,308,,
582000,310,,
582396,310,,
582796,308,,
583200,308,,
583600,308,,
584000,308,,
584396,307,,
584796,307,,
585200,308,,
585600,308,,
586000,307,,
586396,308,,
586796,308,,
587196,308,,
587596,309,,
587996,309,,
588400,308,,
588796,308,,
589196,307,,
589600,308,,
590000,308,,
590400,308,,
590796,309,,
591196,309,,
591600,311,,
592000,310,,
592400,309,,
592796,310,,
593196,308,,
593600,308,,
594000,308,,
594400,308,,
594796,307,,
595196,308,,
595600,308,,
595992,308,,
596396,309,,
596796,309,,
597196,307,,
597600,308,,
597996,307,,
598396,307,,
598800,307,,
599196,306,,
599600,307,,
599996,307,,
600396,307,,
600800,308,,
601200,308,,
601600,308,,
601996,308,,
602396,308,,
602800,308,,
603204,308,,
603596,309,,
603996,308,,
604396,308,,
604800,309,,
605192,308,,
605600,307,,
606000,307,,
606400,309,,
606796,309,,
607200,309,,
607600,310,,
607996,310,,
608400,310,,
608796,310,,
609200,309,,
609600,309,,
609996,309,,
610396,308,,
610796,309,,
611200,309,,
611600,309,,
611996,309,,
612396,308,,
612800,309,,
613196,308,,
613596,308,,
614000,309,,
614396,310,,
614796,310,,
615196,310,,
615596,310,,
616000,309,,
616396,309,,
616796,309,,
617196,309,,
617596,309,,
618000,309,,
618396,308,,
618796,308,,
619200,308,,
619600,308,,
620000,307,,
620396,308,,
620796,308,,
621200,309,,
621596,309,,
621996,309,,
622400,308,,
622800,308,,
623196,308,,
623600,307,,
623996,308,,
624400,307,,
624800,309,,
625196,308,,
625600,308,,
626000,308,,
626400,307,,
626800,306,,
627196,307,,
627600,307,,
628000,309,,
628400,309,,
628804,309,,
629196,309,,
629600,309,,
630000,309,,
630396,308,,
630796,308,,
631200,308,,
631596,308,,
631996,309,,
632400,308,,
632800,307,,
633200,308,,
633596,308,,
633996,308,,
634400,310,,
634796,309,,
635200,307,,
635596,308,,
635996,308,,
636400,309,,
636796,307,,
637196,307,,
637596,308,,
637996,309,,
638396,308,,
638800,309,,
639200,308,,
639600,308,,
639996,308,,
640396,309,,
640800,309,,
641200,308,,
641596,309,,
641996,308,,
642396,307,,
642800,309,,
643200,309,,
643596,308,,
644000,307,,
644400,308,,
644800,308,,
645200,308,,
645596,308,,
646000,307,,
646400,307,,
646800,307,,
647192,306,,
647596,307,,
648000,308,,
648400,308,,
648796,309,,
649196,309,,
649596,309,,
650000,309,,
650400,309,,
650796,309,,
651196,308,,
651596,308,,
652000,308,,
652400,307,,
652796,307,,
653200,307,,
653600,307,,
654000,308,,
654404,307,,
654796,308,,
655200,308,,
655600,307,,
656000,308,,
656392,307,,
656800,306,,
657196,306,,
657596,306,,
657996,306,,
658400,306,,
658800,306,,
659196,307,,
659596,306,,
660000,307,,
660400,307,,
660800,307,,
661196,307,,
661596,307,,
662000,306,,
662400,306,,
662800,307,,
663196,306,,
663596,306,,
663996,307,,
664400,307,,
664796,306,,
665200,306,,
665596,307,,
665996,307,,
666400,306,,
666800,307,,
667200,307,,
667596,306,,
667996,306,,
668400,306,,
668800,306,,
669200,305,,
669596,305,,
669996,306,,
670400,307,,
670800,307,,
671196,307,,
671596,307,,
671996,307,,
672400,306,,
672792,307,,
673196,308,,
673596,306,,
673996,306,,
674400,307,,
674796,306,,
675196,306,,
675600,307,,
676000,306,,
676400,306,,
676796,306,,
677196,306,,
677600,306,,
678000,306,,
678400,306,,
678796,306,,
679196,305,,
679600,305,,
680004,305,,
680396,305,,
680796,306,,
681196,306,,
681600,306,,
681992,306,,
682400,306,,
682800,306,,
683200,306,,
683596,306,,
684000,306,,
684400,306,,
684800,306,,
685200,306,,
685596,306,,
686000,307,,
686400,307,,
686796,307,,
687196,307,,
687596,307,,
688000,306,,
688400,306,,
688796,306,,
689196,305,,
689600,305,,
689996,305,,
690396,304,,
690800,304,,
691196,304,,
691596,304,,
691996,305,,
692396,304,,
692800,304,,
693196,304,,
693596,304,,
694000,305,,
694396,305,,
694800,306,,
695196,305,,
695596,306,,
696000,305,,
696400,305,,
696800,306,,
697196,305,,
697596,306,,
698000,306,,
698392,307,,
698800,306,,
699196,306,,
699596,305,,
700000,304,,
700396,305,,
700796,305,,
701196,305,,
701596,306,,
702000,306,,
702396,306,,
702796,306,,
703200,307,,
703596,306,,
704000,306,,
704396,307,,
704796,306,,
705200,307,,
705604,307,,
706000,308,,
706396,307,,
706796,308,,
707200,307,,
707596,308,,
707996,307,,
708400,307,,
708800,307,,
709196,307,,
709600,308,,
710000,307,,
710400,306,,
710800,305,,
711196,305,,
711600,305,,
712000,305,,
712400,305,,
712800,305,,
713196,305,,
713600,305,,
714000,305,,
714400,306,,
714792,306,,
715200,306,,
715596,306,,
715996,305,,
716400,306,,
716804,306,,
717200,306,,
717596,306,,
717996,307,,
718400,308,,
718800,307,,
719200,307,,
719596,307,,
719996,308,,
720400,307,,
720796,307,,
721200,307,,
721596,307,,
721996,307,,
722400,308,,
722796,309,,
723196,309,,
723596,308,,
723996,307,,
724396,307,,
724800,307,,
725200,307,,
725600,307,,
725996,308,,
726396,307,,
726800,306,,
727200,306,,
727596,306,,
727996,306,,
728396,306,,
728800,307,,
729200,306,,
729596,306,,
730000,307,,
730400,307,,
730800,307,,
731204,308,,
731596,307,,
732000,307,,
732400,306,,
732800,306,,
733192,308,,
733600,308,,
733996,308,,
734396,308,,
734800,309,,
735200,309,,
735600,308,,
735996,307,,
736396,307,,
736800,307,,
737200,307,,
737600,306,,
737996,306,,
738396,306,,
738800,307,,
739200,306,,
739600,306,,
739996,306,,
740396,305,,
740796,306,,
741200,306,,
741600,306,,
742000,306,,
742396,306,,
742796,306,,
743200,305,,
743600,305,,
744000,306,,
744396,305,,
744796,305,,
745200,306,,
745600,307,,
746000,306,,
746396,306,,
746796,307,,
747200,307,,
747600,308,,
747996,307,,
748396,305,,
748796,307,,
749200,307,,
749592,307,,
749996,306,,
750400,307,,
750796,308,,
751200,307,,
751596,308,,
751996,307,,
752400,306,,
752800,307,,
753200,306,,
753596,307,,
753996,306,,
754400,307,,
754800,307,,
755200,306,,
755596,307,,
755996,307,,
756400,307,,
756804,306,,
757196,307,,
757596,307,,
757996,306,,
758400,306,,
758792,306,,
759200,306,,
759600,306,,
760000,306,,
760396,306,,
760800,307,,
761200,307,,
761596,308,,
762000,308,,
762396,307,,
762800,307,,
763200,307,,
763596,307,,
763996,307,,
764396,307,,
764800,308,,
765200,307,,
765596,308,,
765996,308,,
766400,307,,
766796,308,,
767196,308,,
767600,307,,
767996,307,,
768396,308,,
768796,307,,
769196,307,,
769600,308,,
769996,308,,
770396,307,,
770796,307,,
771200,308,,
771600,307,,
771996,307,,
772396,308,,
772800,308,,
773200,309,,
773600,308,,
773996,309,,
774396,309,,
774800,308,,
775192,309,,
775596,307,,
775996,307,,
776396,308,,
776800,308,,
777196,309,,
777596,308,,
777996,309,,
778396,308,,
778800,307,,
779196,308,,
779596,307,,
780000,308,,
780400,307,,
780800,308,,
781196,308,,
781596,308,,
782000,309,,
782404,308,,
782800,309,,
783196,308,,
783596,309,,
784000,309,,
784392,308,,
784796,309,,
785200,307,,
785600,309,,
785996,309,,
786400,308,,
786800,310,,
787200,309,,
787600,310,,
787996,310,,
788400,309,,
788800,309,,
789200,309,,
789600,309,,
789996,309,,
790400,308,,
790800,308,,
791196,308,,
791596,308,,
792000,308,,
792396,308,,
792796,308,,
793200,308,,
793604,307,,
794000,308,,
794396,307,,
794796,307,,
795200,308,,
795600,308,,
796000,308,,
796396,308,,
796796,309,,
797200,309,,
797596,310,,
797996,310,,
798396,310,,
798796,309,,
799200,310,,
799596,310,,
799996,310,,
800396,311,,
800796,311,,
801196,310,,
801600,310,,
802000,310,,
802400,310,,
802796,309,,
803196,309,,
803600,309,,
804000,309,,
804396,309,,
804796,309,,
805196,309,,
805600,309,,
806000,308,,
806396,309,,
806800,309,,
807196,308,,
807600,308,,
808004,308,,
808396,309,,
808800,308,,
809200,308,,
809600,308,,
809992,308,,
810400,308,,
810796,308,,
811196,308,,
811596,308,,
812000,307,,
812400,307,,
812796,308,,
813196,307,,
813600,308,,
814000,309,,
814400,309,,
814796,309,,
815196,308,,
815600,308,,
815996,309,,
816400,308,,
816796,307,,
817196,308,,
817596,308,,
818000,308,,
818400,307,,
818800,307,,
819196,307,,
819596,308,,
820000,308,,
820400,307,,
820800,309,,
821196,307,,
821596,307,,
822000,307,,
822400,308,,
822796,307,,
823196,307,,
823596,307,,
824000,308,,
824400,309,,
824796,309,,
825196,308,,
825596,308,,
826000,308,,
826392,308,,
826796,307,,
827200,307,,
827600,307,,
828000,307,,
828396,307,,
828796,307,,
829200,307,,
829600,307,,
830000,307,,
830396,306,,
830796,307,,
831200,307,,
831600,306,,
831996,306,,
832396,306,,
832796,307,,
833200,306,,
833604,307,,
833996,307,,
834396,307,,
834796,306,,
835200,307,,
835592,308,,
836000,308,,
836400,307,,
836800,308,,
837196,308,,
837600,307,,
838000,307,,
838396,307,,
838796,307,,
839196,307,,
839600,307,,
840000,307,,
840396,307,,
840796,307,,
841196,307,,
841600,307,,
842000,306,,
842396,306,,
842796,305,,
843200,306,,
843596,306,,
843996,306,,
844400,306,,
844796,307,,
845196,307,,
845596,305,,
845996,307,,
846400,306,,
846796,306,,
847196,306,,
847600,307,,
847996,307,,
848400,305,,
848796,306,,
849196,306,,
849600,307,,
850000,307,,
850400,306,,
850796,307,,
851196,307,,
851600,306,,
851996,307,,
852396,307,,
852800,307,,
853200,307,,
853596,307,,
854000,307,,
854400,307,,
854800,308,,
855200,308,,
855596,308,,
856000,307,,
856400,307,,
856800,308,,
857200,307,,
857596,307,,
858000,307,,
858400,307,,
858796,307,,
859204,306,,
859596,306,,
860000,307,,
860400,306,,
860796,307,,
861196,308,,
861600,307,,
861996,309,,
862396,307,,
862800,308,,
863196,308,,
863596,307,,
863996,308,,
864396,306,,
864800,308,,
865196,307,,
865596,307,,
865996,309,,
866396,307,,
866800,308,,
867196,308,,
867596,307,,
868000,308,,
868396,307,,
868800,308,,
869196,309,,
869596,307,,
870000,309,,
870404,308,,
870800,309,,
871196,308,,
871596,308,,
872000,309,,
872396,308,,
872800,309,,
873196,307,,
873596,307,,
874000,307,,
874396,308,,
874796,307,,
875196,307,,
875596,307,,
876000,307,,
876396,307,,
876796,308,,
877200,307,,
877596,306,,
877996,307,,
878400,305,,
878800,307,,
879196,307,,
879596,307,,
879996,307,,
880400,306,,
880800,307,,
881196,307,,
881596,307,,
881996,308,,
882400,306,,
882800,308,,
883196,307,,
883600,308,,
884000,308,,
884400,306,,
884804,308,,
885196,307,,
885600,308,,
886000,307,,
886400,307,,
886792,308,,
887200,307,,
887596,308,,
887996,308,,
888396,307,,
888800,307,,
889200,307,,
889596,306,,
889996,306,,
890400,306,,
890800,307,,
891200,307,,
891596,308,,
891996,307,,
892400,308,,
892800,308,,
893200,308,,
893596,308,,
893996,309,,
894396,308,,
894800,307,,
895196,307,,
895600,308,,
895996,309,,
896396,308,,
896800,307,,
897200,308,,
897600,306,,
897996,307,,
898396,307,,
898800,308,,
899200,308,,
899596,308,,
899996,307,,
900396,308,,
900800,307,,
901200,308,,
901596,307,,
902000,308,,
902396,308,,
902800,308,,
903192,309,,
903596,309,,
904000,309,,
904400,309,,
904800,309,,
905196,309,,
905596,309,,
906000,308,,
906400,308,,
906800,308,,
907196,309,,
907596,309,,
908000,309,,
908400,310,,
908796,310,,
909196,309,,
909596,308,,
910000,309,,
910404,307,,
910796,307,,
911200,306,,
911596,307,,
912000,308,,
912392,308,,
912800,309,,
913196,309,,
913600,309,,
913996,308,,
914400,308,,
914800,308,,
915196,309,,
915596,308,,
915996,308,,
916400,308,,
916800,309,,
917196,309,,
917596,310,,
918000,310,,
918400,310,,
918800,308,,
919196,308,,
919596,308,,
919996,307,,
920396,306,,
920796,307,,
921200,308,,
921596,309,,
921996,308,,
922396,308,,
922796,308,,
923200,307,,
923596,308,,
923996,308,,
924400,308,,
924800,307,,
925200,308,,
925596,308,,
925996,307,,
926400,308,,
926800,308,,
927200,308,,
927596,308,,
927996,308,,
928400,308,,
928792,308,,
929200,309,,
929596,309,,
929996,308,,
930400,309,,
930796,308,,
931196,308,,
931596,308,,
931996,308,,
932400,308,,
932796,309,,
933196,308,,
933600,310,,
933996,310,,
934400,310,,
934796,310,,
935196,309,,
935600,309,,
936004,308,,
936400,307,,
936796,308,,
937196,309,,
937600,310,,
937992,311,,
938396,310,,
938800,309,,
939200,307,,
939596,307,,
940000,306,,
940400,306,,
940800,308,,
941200,308,,
941596,308,,
942000,311,,
942400,310,,
942796,309,,
943200,309,,
943596,307,,
944000,307,,
944400,306,,
944796,306,,
945196,306,,
945600,307,,
945996,308,,
946396,308,,
946800,310,,
947208,310,,
947600,308,,
947996,309,,
948396,308,,
948800,307,,
949196,307,,
949596,307,,
949996,309,,
950396,310,,
950800,308,,
951196,308,,
951596,309,,
951996,307,,
952396,308,,
952800,308,,
953196,308,,
953596,308,,
954000,309,,
954396,309,,
954796,309,,
955200,310,,
955600,309,,
955996,308,,
956396,309,,
956796,309,,
957200,308,,
957600,308,,
957996,308,,
958400,309,,
958796,309,,
961200,309,,
961604,308,,
961996,307,,
962400,308,,
962800,308,,
963200,308,,
963592,308,,
964000,309,,
964396,307,,
964796,308,,
965200,308,,
965600,307,,
966000,307,,
966396,307,,
966796,308,,
967200,308,,
967600,308,,
968000,309,,
968396,309,,
968796,309,,
969200,308,,
969596,309,,
970000,308,,
970396,308,,
970796,308,,
971196,308,,
971600,308,,
972000,308,,
972400,308,,
972796,308,,
973196,308,,
973600,310,,
974000,309,,
974400,308,,
974796,309,,
975196,308,,
975600,307,,
976000,308,,
976396,308,,
976796,306,,
977196,306,,
977600,307,,
978000,307,,
978396,307,,
978796,308,,
979196,308,,
979600,308,,
979992,307,,
980396,306,,
980800,307,,
981200,307,,
981600,307,,
981996,307,,
982396,307,,
982800,307,,
983200,307,,
983600,307,,
983996,307,,
984396,309,,
984800,310,,
985200,309,,
985596,309,,
985996,307,,
986396,307,,
986800,307,,
987204,307,,
987596,309,,
988000,309,,
988400,308,,
988800,307,,
989192,305,,
989600,307,,
989996,308,,
990396,307,,
990796,307,,
991200,306,,
991600,306,,
991996,305,,
992396,306,,
992796,306,,
993200,307,,
993600,308,,
993996,307,,
994396,307,,
994800,306,,
995200,307,,
995600,307,,
995996,307,,
996396,307,,
996796,307,,
997196,306,,
997596,305,,
998000,306,,
998396,304,,
998796,304,,
999200,305,,
999596,305,,
1000000,306,,
1000396,307,,
1000796,306,,
1001200,307,,
1001600,306,,
1002000,307,,
1002396,306,,
1002796,306,,
1003200,306,,
1003600,306,,
1004000,306,,
1004396,306,,
1004796,306,,
1005200,307,,
1005592,307,,
1005996,309,,
1006396,309,,
1006796,309,,
1007200,308,,
1007596,308,,
1007996,305,,
1008396,305,,
1008796,305,,
1009200,305,,
1009596,306,,
1009996,306,,
1010400,308,,
1010800,307,,
1011200,307,,
1011596,308,,
1011996,307,,
1012400,306,,
1012804,306,,
1013200,306,,
1013596,305,,
1013996,306,,
1014400,306,,
1014792,307,,
1015196,307,,
1015600,307,,
1016000,307,,
1016396,307,,
1016800,307,,
1017200,305,,
1017600,305,,
1018000,306,,
1018396,307,,
1018800,308,,
1019200,308,,
1019600,307,,
1020000,306,,
1020396,307,,
1020800,306,,
1021200,307,,
1021596,306,,
1021996,307,,
1022400,306,,
1022796,306,,
1023196,307,,
1023600,307,,
1024004,307,,
1024400,308,,
1024796,308,,
1025196,307,,
1025600,307,,
1025996,308,,
1026400,309,,
1026796,307,,
1027196,308,,
1027600,308,,
1027996,307,,
1028396,306,,
1028800,306,,
1029196,307,,
1029600,308,,
1029996,308,,
1030396,309,,
1030800,310,,
1031196,309,,
1031596,308,,
1032000,308,,
1032400,308,,
1032796,307,,
1033196,307,,
1033596,308,,
1034000,308,,
1034400,308,,
1034796,307,,
1035200,307,,
1035600,307,,
1036000,308,,
1036400,309,,
1036796,309,,
1037200,310,,
1037600,309,,
1038000,308,,
1038404,309,,
1038796,307,,
1039200,307,,
1039600,308,,
1039996,307,,
1040396,308,,
1040800,308,,
1041196,309,,
1041596,309,,
1042000,309,,
1042400,308,,
1042800,308,,
1043196,306,,
1043596,306,,
1044000,305,,
1044400,305,,
1044800,306,,
1045196,306,,
1045596,307,,
1046000,308,,
1046396,307,,
1046796,309,,
1047196,309,,
1047596,309,,
1047996,309,,
1048400,309,,
1048800,309,,
1049200,308,,
1049596,307,,
1049996,309,,
1050400,308,,
1050800,310,,
1051200,309,,
1051596,309,,
1051996,309,,
1052400,309,,
1052800,309,,
1053196,308,,
1053596,308,,
1053996,305,,
1054400,305,,
1054800,305,,
1055196,306,,
1055600,307,,
1055996,307,,
1056400,307,,
1056792,308,,
1057196,308,,
1057600,308,,
1058000,308,,
1058400,309,,
1058796,308,,
1059196,308,,
1059600,308,,
1060000,307,,
1060400,309,,
1060796,308,,
1061196,309,,
1061600,310,,
1062000,310,,
1062396,310,,
1062796,310,,
1063196,310,,
1063600,309,,
1064004,310,,
1064396,311,,
1064796,311,,
1065196,309,,
1065600,309,,
1065992,309,,
1066400,307,,
1066800,307,,
1067200,308,,
1067596,308,,
1068000,308,,
1068400,306,,
1068796,307,,
1069196,307,,
1069596,305,,
1070000,305,,
1070400,306,,
1070796,306,,
1071196,306,,
1071600,306,,
1072000,308,,
1072400,308,,
1072796,308,,
1073196,308,,
1073596,308,,
1073996,310,,
1074396,309,,
1074800,309,,
1075196,309,,
1075596,309,,
1076000,310,,
1076400,308,,
1076800,310,,
1077196,311,,
1077596,310,,
1078000,309,,
1078400,310,,
1078800,309,,
1079196,308,,
1079596,308,,
1080000,308,,
1080400,309,,
1080800,309,,
1081196,308,,
1081596,308,,
1082000,309,,
1082392,310,,
1082796,309,,
1083196,309,,
1083596,309,,
1084000,308,,
1084396,307,,
1084796,307,,
1085200,308,,
1085596,307,,
1086000,308,,
1086396,308,,
1086796,307,,
1087200,307,,
1087600,307,,
1088000,308,,
1088396,310,,
1088796,309,,
1089200,309,,
1089604,309,,
1090000,309,,
1090396,309,,
1090796,309,,
1091200,309,,
1091592,309,,
1092000,309,,
1092400,309,,
1092800,309,,
1093196,309,,
1093600,310,,
1094000,308,,
1094400,308,,
1094800,308,,
1095196,306,,
1095600,307,,
1096000,307,,
1096396,307,,
1096800,307,,
1097196,306,,
1097600,307,,
1098000,306,,
1098396,307,,
1098796,309,,
1099200,307,,
1099596,308,,
1099996,307,,
1100400,307,,
1100804,307,,
1101200,306,,
1101596,307,,
1101996,307,,
1102400,307,,
1102796,308,,
1103196,307,,
1103596,307,,
1103996,308,,
1104400,307,,
1104796,308,,
1105196,308,,
1105596,309,,
1105996,307,,
1106400,307,,
1106796,308,,
1107196,308,,
1107600,308,,
1107996,308,,
1108396,308,,
1108800,307,,
1109200,307,,
1109596,307,,
1109996,307,,
1110396,308,,
1110800,307,,
1111200,307,,
1111596,307,,
1112000,306,,
1112396,306,,
1112800,306,,
1113200,306,,
1113596,306,,
1114000,306,,
1114400,307,,
1114800,307,,
1115204,307,,
1115596,307,,
1116000,308,,
1116400,308,,
1116796,307,,
1117196,306,,
1117600,306,,
1117996,307,,
1118396,306,,
1118800,307,,
1119200,307,,
1119600,306,,
1119996,307,,
1120396,306,,
1120800,306,,
1121196,306,,
1121600,306,,
1121996,306,,
1122396,306,,
1122800,305,,
1123196,306,,
1123596,306,,
1123996,306,,
1124396,305,,
1124796,307,,
1125200,308,,
1125600,308,,
1126000,308,,
1126396,307,,
1126796,307,,
1127200,308,,
1127600,307,,
1127996,307,,
1128396,306,,
1128796,306,,
1129200,306,,
1129600,306,,
1129996,306,,
1130396,306,,
1130796,306,,
1131200,306,,
1131600,307,,
1131996,306,,
1132400,307,,
1132800,306,,
1133200,307,,
1133592,306,,
1133996,306,,
1134400,306,,
1134800,307,,
1135200,306,,
1135596,307,,
1135996,307,,
1136400,307,,
1136800,306,,
1137200,307,,
1137596,306,,
1137996,306,,
1138400,306,,
1138800,306,,
1139196,305,,
1139596,306,,
1139996,306,,
1140400,305,,
1140804,306,,
1141196,306,,
1141600,306,,
1141996,306,,
1142400,307,,
1142792,307,,
1143200,306,,
1143596,307,,
1144000,306,,
1144396,306,,
1144800,306,,
1145200,306,,
1145596,305,,
1145996,304,,
1146396,305,,
1146800,307,,
1147200,306,,
1147596,306,,
1147996,306,,
1148400,305,,
1148800,306,,
1149200,306,,
1149596,305,,
1149996,306,,
1150396,306,,
1150796,307,,
1151196,307,,
1151600,308,,
1151996,308,,
1152396,308,,
1152796,308,,
1153196,307,,
1153600,308,,
1153996,308,,
1154396,307,,
1154800,307,,
1155200,308,,
1155600,307,,
1155996,306,,
1156396,307,,
1156800,307,,
1157200,307,,
1157596,307,,
1157996,307,,
1158396,307,,
1158800,306,,
1159192,307,,
1159596,308,,
1159996,307,,
1160396,307,,
1160800,307,,
1161196,307,,
1161596,308,,
1162000,308,,
1162400,307,,
1162800,308,,
1163196,308,,
1163596,307,,
1164000,308,,
1164400,308,,
1164800,307,,
1165196,306,,
1165596,306,,
1166000,306,,
1166404,306,,
1166796,307,,
1167196,307,,
1167596,308,,
1168000,307,,
1168392,308,,
1168800,308,,
1169200,307,,
1169600,307,,
1169996,306,,
1170400,307,,
1170800,307,,
1171200,308,,
1171600,308,,
1171996,308,,
1172400,309,,
1172800,308,,
1173196,309,,
1173596,309,,
1173996,308,,
1174400,308,,
1174800,308,,
1175196,308,,
1175596,307,,
1176000,309,,
1176396,308,,
1176796,308,,
1177200,310,,
1177596,308,,
1178000,308,,
1178396,308,,
1178796,308,,
1179200,308,,
1179596,309,,
1179996,307,,
1180396,308,,
1180796,308,,
1181200,308,,
1181596,309,,
1181996,308,,
1182400,307,,
1182796,309,,
1183200,308,,
1183596,308,,
1183996,307,,
1184400,309,,
1184796,308,,
1185196,306,,
1185600,307,,
1186000,307,,
1186396,308,,
1186796,308,,
1187196,308,,
1187600,309,,
1188000,308,,
1188396,309,,
1188800,309,,
1189200,308,,
1189600,309,,
1190000,309,,
1190396,309,,
1190800,308,,
1191200,309,,
1191600,308,,
1192004,308,,
1192396,307,,
1192800,308,,
1193200,308,,
1193600,307,,
1193992,308,,
1194400,308,,
1194796,308,,
1195196,309,,
1195600,308,,
1196000,309,,
1196400,307,,
1196796,308,,
1197196,308,,
1197600,307,,
1198000,308,,
1198396,307,,
1198796,308,,
1199196,308,,
1199600,308,,
1199996,308,,
1200396,307,,
1200796,309,,
1201196,308,,
1201596,307,,
1202000,308,,
1202400,308,,
1202800,308,,
1203196,308,,
1203596,307,,
1204000,308,,
1204400,307,,
1204796,307,,
1205196,307,,
1205596,308,,
1206000,310,,
1206400,309,,
1206796,309,,
1207200,310,,
1207596,309,,
1208000,308,,
1208400,308,,
1208796,308,,
1209200,308,,
1209600,308,,
1210000,308,,
1210392,309,,
1210796,308,,
1211200,307,,
1211600,307,,
1212000,307,,
1212396,306,,
1212796,307,,
1213200,307,,
1213600,307,,
1213996,307,,
1214396,307,,
1214796,308,,
1215200,307,,
1215600,307,,
1215996,308,,
1216396,307,,
1216796,306,,
1217200,306,,
1217604,305,,
1217996,305,,
1218400,307,,
1218800,306,,
1219200,308,,
1219592,307,,
1220000,307,,
1220396,308,,
1220796,308,,
1221196,308,,
1221600,308,,
1222000,307,,
1222396,309,,
1222796,308,,
1223196,308,,
1223600,308,,
1224000,308,,
1224396,307,,
1224796,306,,
1225200,306,,
1225600,307,,
1226000,307,,
1226396,307,,
1226796,307,,
1227196,307,,
1227596,307,,
1227996,308,,
1228400,307,,
1228796,307,,
1229196,307,,
1229600,307,,
1229996,308,,
1230400,308,,
1230796,308,,
1231196,309,,
1231600,309,,
1232000,310,,
1232400,309,,
1232796,309,,
1233196,308,,
1233600,309,,
1234000,309,,
1234400,308,,
1234796,308,,
1235196,307,,
1235600,307,,
1235992,307,,
1236396,306,,
1236796,307,,
1237196,307,,
1237600,307,,
1237996,308,,
1238396,306,,
1238800,307,,
1239196,307,,
1239600,307,,
1239996,307,,
1240396,307,,
1240800,307,,
1241200,308,,
1241600,309,,
1241996,308,,
1242396,307,,
1242800,308,,
1243204,307,,
1243596,307,,
1243996,307,,
1244396,307,,
1244800,308,,
1245192,307,,
1245600,307,,
1246000,307,,
1246400,308,,
1246796,308,,
1247200,307,,
1247600,309,,
1247996,308,,
1248400,308,,
1248796,308,,
1249200,307,,
1249600,308,,
1249996,307,,
1250396,308,,
1250796,307,,
1251200,306,,
1251600,307,,
1251996,306,,
1252396,307,,
1252800,306,,
1253196,306,,
1253596,306,,
1254000,306,,
1254396,308,,
1254796,306,,
1255196,306,,
1255596,307,,
1256000,306,,
1256396,307,,
1256796,307,,
1257196,307,,
1257596,308,,
1258000,308,,
1258396,308,,
1258796,309,,
1259200,308,,
1259600,307,,
1260000,307,,
1260396,307,,
1260796,307,,
1261200,306,,
1261596,307,,
1261996,306,,
1262400,305,,
1262800,306,,
1263196,306,,
1263600,305,,
1263996,306,,
1264400,307,,
1264800,306,,
1265196,305,,
1265600,307,,
1266000,307,,
1266400,308,,
1266800,307,,
1267196,306,,
1267600,307,,
1268000,306,,
1268400,305,,
1268804,306,,
1269196,306,,
1269600,305,,
1270000,305,,
1270396,307,,
1270796,306,,
1271200,305,,
1271596,307,,
1271996,307,,
1272400,307,,
1272800,307,,
1273200,306,,
1273596,305,,
1273996,306,,
1274400,306,,
1274800,306,,
1275200,306,,
1275596,306,,
1275996,306,,
1276400,305,,
1276796,305,,
1277196,307,,
1277596,305,,
1277996,304,,
1278396,306,,
1278800,305,,
1279200,305,,
1279600,305,,
1279996,306,,
1280396,305,,
1280800,307,,
1281200,307,,
1281600,307,,
1281996,306,,
1282396,306,,
1282800,307,,
1283200,305,,
1283596,306,,
1284000,307,,
1284400,306,,
1284800,306,,
1285200,306,,
1285596,305,,
1286000,306,,
1286400,305,,
1286800,305,,
1287192,305,,
1287596,305,,
1288000,306,,
1288400,305,,
1288800,306,,
1289196,306,,
1289596,305,,
1290000,306,,
1290400,306,,
1290796,307,,
1291196,307,,
1291596,306,,
1292000,307,,
1292400,305,,
1292796,307,,
1293200,306,,
1293596,306,,
1294000,306,,
1294404,306,,
1294796,306,,
1295200,306,,
1295600,306,,
1296000,306,,
1296392,306,,
1296800,306,,
1297196,305,,
1297596,306,,
1297996,305,,
1298400,306,,
1298800,305,,
1299196,305,,
1299596,306,,
1300000,305,,
1300400,305,,
1300800,305,,
1301196,304,,
1301596,305,,
1302000,305,,
1302400,305,,
1302800,306,,
1303196,305,,
1303596,306,,
1303996,305,,
1304396,306,,
1304796,306,,
1305200,306,,
1305596,307,,
1305996,307,,
1306400,307,,
1306800,308,,
1307200,307,,
1307596,307,,
1307996,308,,
1308400,307,,
1308800,307,,
1309200,307,,
1309596,308,,
1309996,307,,
1310400,307,,
1310800,307,,
1311196,307,,
1311596,307,,
1311996,307,,
1312400,308,,
1312792,309,,
1313196,309,,
1313596,308,,
1313996,307,,
1314400,307,,
1314796,306,,
1315196,306,,
1315600,306,,
1316000,307,,
1316400,307,,
1316796,306,,
1317196,307,,
1317600,306,,
1318000,306,,
1318400,307,,
1318796,306,,
1319196,306,,
1319600,306,,
1320004,306,,
1320400,306,,
1320796,306,,
1321196,305,,
1321600,306,,
1321992,307,,
1322400,307,,
1322800,306,,
1323200,307,,
1323596,307,,
1324000,307,,
1324400,308,,
1324800,307,,
1325200,308,,
1325596,309,,
1326000,308,,
1326400,308,,
1326796,309,,
1327196,309,,
1327596,309,,
1328000,309,,
1328400,309,,
1328796,308,,
1329196,308,,
1329600,308,,
1329996,309,,
1330396,308,,
1330800,307,,
1331196,307,,
1331596,307,,
1331996,308,,
1332396,307,,
1332800,308,,
1333196,308,,
1333596,308,,
1334000,307,,
1334396,309,,
1334800,309,,
1335196,308,,
1335596,308,,
1336000,308,,
1336400,308,,
1336800,307,,
1337196,307,,
1337596,307,,
1338000,308,,
1338396,309,,
1338796,308,,
1339200,309,,
1339600,309,,
1339996,309,,
1340400,309,,
1340800,309,,
1341200,308,,
1341600,309,,
1341996,309,,
1342400,308,,
1342800,308,,
1343200,308,,
1343600,309,,
1343996,308,,
1344400,308,,
1344800,307,,
1345200,307,,
1345604,307,,
1345996,307,,
1346400,307,,
1346800,307,,
1347196,306,,
1347596,307,,
1348000,307,,
1348396,307,,
1348796,307,,
1349200,307,,
1349600,307,,
1350000,307,,
1350396,307,,
1350796,308,,
1351200,308,,
1351596,309,,
1352000,309,,
1352396,308,,
1352796,310,,
1353200,308,,
1353596,308,,
1353996,309,,
1354396,308,,
1354796,308,,
1355196,308,,
1355600,308,,
1356000,308,,
1356400,307,,
1356796,307,,
1357196,307,,
1357600,308,,
1358000,307,,
1358396,307,,
1358796,307,,
1359196,308,,
1359600,307,,
1360000,307,,
1360396,308,,
1360796,308,,
1361196,307,,
1361600,308,,
1362000,308,,
1362396,307,,
1362800,308,,
1363200,307,,
1363600,308,,
1363992,308,,
1364396,307,,
1364800,309,,
1365200,308,,
1365600,309,,
1365996,309,,
1366396,309,,
1366800,309,,
1367200,308,,
1367596,308,,
1367996,309,,
1368396,308,,
1368800,309,,
1369200,309,,
1369596,308,,
1370000,309,,
1370400,309,,
1370800,309,,
1371204,310,,
1371596,309,,
1372000,309,,
1372400,309,,
1372800,309,,
1373192,308,,
1373600,308,,
1373996,309,,
1374396,307,,
1374796,308,,
1375200,309,,
1375600,308,,
1375996,307,,
1376396,307,,
1376800,308,,
1377200,306,,
1377600,306,,
1377996,307,,
1378396,307,,
1378800,307,,
1379200,308,,
1379600,307,,
1379996,308,,
1380396,307,,
1380796,308,,
1381200,309,,
1381596,307,,
1382000,309,,
1382396,307,,
1382796,308,,
1383200,308,,
1383600,307,,
1384000,308,,
1384396,306,,
1384796,308,,
1385200,308,,
1385600,308,,
1386000,310,,
1386396,307,,
1386796,308,,
1387200,308,,
1387600,308,,
1387996,309,,
1388396,307,,
1388796,308,,
1389200,308,,
1389592,307,,
1389996,307,,
1390400,307,,
1390796,308,,
1391200,309,,
1391596,308,,
1391996,309,,
1392400,308,,
1392800,308,,
1393200,308,,
1393596,307,,
1393996,309,,
1394400,307,,
1394800,309,,
1395200,307,,
1395596,306,,
1395996,308,,
1396400,306,,
1396804,308,,
1397196,307,,
1397596,307,,
1397996,307,,
1398400,306,,
1398792,307,,
1399200,305,,
1399600,307,,
1400000,306,,
1400396,307,,
1400800,307,,
1401200,307,,
1401600,308,,
1402000,306,,
1402396,307,,
1402800,307,,
1403200,306,,
1403596,307,,
1403996,307,,
1404396,307,,
1404800,307,,
1405200,307,,
1405596,307,,
1405996,308,,
1406400,307,,
1406796,308,,
1407196,307,,
1407600,307,,
1407996,307,,
1408400,305,,
1408796,306,,
1409196,306,,
1409600,306,,
1409996,306,,
1410396,305,,
1410796,306,,
1411200,306,,
1411600,306,,
1411996,307,,
1412396,306,,
1412800,307,,
1413200,306,,
1413600,307,,
1413996,307,,
1414396,306,,
1414800,306,,
1415192,307,,
1415600,307,,
1415996,306,,
1416396,306,,
1416800,306,,
1417196,306,,
1417596,305,,
1417996,305,,
1418396,305,,
1418800,307,,
1419196,307,,
1419596,306,,
1420000,306,,
1420396,306,,
1420800,307,,
1421196,307,,
1421596,307,,
1422000,307,,
1422404,307,,
1422800,306,,
1423196,306,,
1423596,306,,
1424000,307,,
1424392,306,,
1424796,305,,
1425200,305,,
1425600,306,,
1425996,305,,
1426400,305,,
1426800,307,,
1427200,305,,
1427600,306,,
1427996,306,,
1428400,306,,
1428800,306,,
1429200,305,,
1429600,306,,
1429996,306,,
1430400,305,,
1430800,307,,
1431196,306,,
1431596,307,,
1432000,307,,
1432396,307,,
1432796,308,,
1433200,308,,
1433604,308,,
1434000,308,,
1434396,307,,
1434796,308,,
1435200,307,,
1435600,307,,
1436000,307,,
1436396,307,,
1436796,307,,
1437200,306,,
1437596,307,,
1437996,308,,
1438396,307,,
1438796,306,,
1439200,306,,
1439596,305,,
1439996,306,,
1440396,306,,
1440796,307,,
1441196,307,,
1441600,306,,
1442000,306,,
1442400,306,,
1442796,307,,
1443196,306,,
1443600,307,,
1444000,307,,
1444396,307,,
1444796,307,,
1445196,306,,
1445600,307,,
1446000,307,,
1446396,308,,
1446800,307,,
1447196,307,,
1447600,308,,
1448004,308,,
1448396,308,,
1448800,309,,
1449200,308,,
1449600,307,,
1449992,308,,
1450400,307,,
1450796,307,,
1451196,307,,
1451596,308,,
1452000,307,,
1452400,308,,
1452796,308,,
1453196,308,,
1453600,308,,
1454000,309,,
1454400,308,,
1454796,308,,
1455196,308,,
1455600,307,,
1455996,308,,
1456400,307,,
1456796,308,,
1457196,307,,
1457596,307,,
1458000,308,,
1458400,307,,
1458800,307,,
1459196,307,,
1459596,307,,
1460000,308,,
1460400,307,,
1460800,308,,
1461196,307,,
1461596,307,,
1462000,307,,
1462400,307,,
1462796,307,,
1463196,307,,
1463596,307,,
1464000,308,,
1464400,309,,
1464796,308,,
1465196,309,,
1465596,307,,
1466000,309,,
1466392,308,,
1466796,307,,
1467200,309,,
1467600,309,,
1468000,308,,
1468396,309,,
1468796,309,,
1469200,309,,
1469600,309,,
1470000,309,,
1470396,308,,
1470796,309,,
1471200,309,,
1471600,308,,
1472000,308,,
1472396,308,,
1472796,307,,
1473200,308,,
1473604,309,,
1473996,308,,
1474396,308,,
1474796,308,,
1475200,308,,
1475592,307,,
1476000,308,,
1476400,307,,
1476800,306,,
1477196,307,,
1477600,307,,
1478000,307,,
1478396,307,,
1478800,307,,
1479196,308,,
1479600,308,,
1480000,308,,
1480396,309,,
1480796,308,,
1481196,308,,
1481600,308,,
1482000,308,,
1482396,307,,
1482796,308,,
1483200,308,,
1483596,309,,
1483996,308,,
1484400,307,,
1484796,310,,
1485196,308,,
1485596,308,,
1485996,308,,
1486400,308,,
1486796,308,,
1487196,307,,
1487596,308,,
1487996,308,,
1488400,307,,
1488796,308,,
1489196,307,,
1489600,308,,
1490000,308,,
1490400,308,,
1490796,308,,
1491196,308,,
1491600,308,,
1491996,308,,
1492396,309,,
1492800,308,,
1493200,308,,
1493596,308,,
1494000,307,,
1494396,308,,
1494800,309,,
1495200,309,,
1495596,309,,
1496000,309,,
1496400,308,,
1496800,308,,
1497200,307,,
1497596,308,,
1498000,307,,
1498400,308,,
1498796,307,,
1499204,308,,
1499596,307,,
1500000,307,,
1500400,308,,
1500796,309,,
1501196,309,,
1501600,309,,
1501996,308,,
1502396,308,,
1502800,308,,
1503196,308,,
1503600,308,,
1503996,308,,
1504396,308,,
1504800,308,,
1505196,308,,
1505596,308,,
1505996,309,,
1506396,308,,
1506800,308,,
1507196,307,,
1507596,308,,
1508000,308,,
1508396,308,,
1508800,308,,
1509196,307,,
1509596,309,,
1510000,307,,
1510404,307,,
1510800,308,,
1511196,307,,
1511596,308,,
1512000,308,,
1512396,309,,
1512800,309,,
1513196,309,,
1513596,309,,
1514000,308,,
1514396,308,,
1514796,309,,
1515196,308,,
1515596,309,,
1516000,308,,
1516396,309,,
1516796,309,,
1517200,308,,
1517596,307,,
1517996,307,,
1518400,307,,
1518800,306,,
1519196,306,,
1519596,306,,
1519996,307,,
1520400,308,,
1520800,308,,
1521196,308,,
1521596,308,,
1521996,307,,
1522400,308,,
1522800,307,,
1523196,306,,
1523600,307,,
1524000,308,,
1524400,307,,
1524804,306,,
1525196,306,,
1525600,308,,
1526000,307,,
1526400,309,,
1526792,309,,
1527200,308,,
1527596,308,,
1527996,309,,
1528396,309,,
1528800,309,,
1529200,309,,
1529596,309,,
1529996,307,,
1530400,309,,
1530800,308,,
1531200,308,,
1531596,308,,
1531996,310,,
1532400,309,,
1532800,309,,
1533200,309,,
1533596,310,,
1533996,309,,
1534396,308,,
1534800,309,,
1535196,309,,
1535600,309,,
1535996,307,,
1536396,307,,
1536800,309,,
1537200,309,,
1537600,309,,
1537996,309,,
1538396,308,,
1538800,308,,
1539200,308,,
1539596,309,,
1539996,309,,
1540396,308,,
1540800,309,,
1541200,309,,
1541596,308,,
1542000,309,,
1542396,310,,
1542800,309,,
1543192,309,,
1543596,308,,
1544000,307,,
1544400,307,,
1544800,307,,
1545196,307,,
1545596,307,,
1546000,306,,
1546400,307,,
1546800,307,,
1547196,307,,
1547596,307,,
1548000,307,,
1548400,308,,
1548796,307,,
1549196,307,,
1549596,306,,
1550000,306,,
1550404,306,,
1550796,306,,
1551196,306,,
1551596,306,,
1552000,306,,
1552392,306,,
1552800,306,,
1553200,306,,
1553600,306,,
1553996,306,,
1554400,306,,
1554800,305,,
1555196,306,,
1555596,306,,
1555996,305,,
1556400,305,,
1556800,305,,
1557196,305,,
1557596,305,,
1557996,305,,
1558400,306,,
1558800,307,,
1559196,306,,
1559596,307,,
1560000,306,,
1560396,307,,
1560796,306,,
1561200,306,,
1561596,307,,
1561996,307,,
1562396,307,,
1562796,307,,
1563200,307,,
1563596,306,,
1563996,307,,
1564400,307,,
1564796,307,,
1565200,306,,
1565596,305,,
1565996,306,,
1566400,305,,
1566800,306,,
1567200,306,,
1567596,306,,
1567996,305,,
1568400,307,,
1568792,305,,
1569200,305,,
1569596,305,,
1569996,305,,
1570400,304,,
1570796,305,,
1571196,306,,
1571596,305,,
1571996,305,,
1572400,305,,
1572796,305,,
1573196,306,,
1573600,307,,
1573996,306,,
1574400,307,,
1574796,307,,
1575196,307,,
1575600,306,,
1576004,306,,
1576400,305,,
1576796,304,,
1577196,304,,
1577600,305,,
1577996,305,,
1578396,304,,
1578800,304,,
1579200,304,,
1579596,304,,
1580000,305,,
1580400,306,,
1580800,306,,
1581200,307,,
1581596,305,,
1582000,305,,
1582400,306,,
1582796,306,,
1583200,306,,
1583596,307,,
1584000,307,,
1584400,307,,
1584796,306,,
1585196,306,,
1585600,307,,
1585996,306,,
1586396,306,,
1586800,307,,
1587204,307,,
1587600,307,,
1587996,306,,
1588396,306,,
1588800,305,,
1589196,306,,
1589596,306,,
1589996,305,,
1590396,306,,
1590800,305,,
1591196,305,,
1591596,306,,
1591996,306,,
1592396,305,,
1592800,306,,
1593196,306,,
1593596,305,,
1594000,305,,
1594396,306,,
1594796,306,,
1595200,305,,
1595600,306,,
1595996,306,,
1596396,305,,
1596796,307,,
1597200,306,,
1597600,306,,
1597996,305,,
1598400,306,,
1598796,305,,
1599200,306,,
1599600,305,,
1599996,306,,
1600400,307,,
1600800,305,,
1601200,307,,
1601604,305,,
1601996,306,,
1602400,306,,
1602800,305,,
1603200,307,,
1603592,306,,
1604000,306,,
1604396,306,,
1604796,306,,
1605200,306,,
1605600,307,,
1606000,307,,
1606396,307,,
1606796,307,,
1607200,307,,
1607600,307,,
1608000,307,,
1608396,308,,
1608796,308,,
1609200,308,,
1609600,309,,
1610000,308,,
1610396,309,,
1610796,308,,
1611196,309,,
1611600,310,,
1612000,309,,
1612400,309,,
1612796,310,,
1613196,308,,
1613600,309,,
1614000,309,,
1614400,310,,
1614796,310,,
1615196,308,,
1615600,309,,
1616000,308,,
1616400,309,,
1616796,310,,
1617196,310,,
1617600,310,,
1618000,309,,
1618396,309,,
1618796,309,,
1619196,309,,
1619600,309,,
1619992,310,,
1620396,310,,
1620800,311,,
1621196,310,,
1621600,311,,
1621996,311,,
1622396,311,,
1622800,310,,
1623200,311,,
1623600,311,,
1623996,310,,
1624396,310,,
1624800,310,,
1625200,310,,
1625596,309,,
1625996,309,,
1626396,309,,
1626800,310,,
1627204,311,,
1627596,311,,
1628000,310,,
1628396,309,,
1628800,309,,
1629192,309,,
1629600,310,,
1629996,308,,
1630400,310,,
1630796,310,,
1631200,309,,
1631600,309,,
1631996,310,,
1632396,310,,
1632796,310,,
1633200,311,,
1633600,311,,
1633996,310,,
1634396,310,,
1634800,310,,
1635200,310,,
1635600,310,,
1635996,310,,
1636396,310,,
1636796,310,,
1637196,309,,
1637596,310,,
1638000,308,,
1638396,309,,
1638796,309,,
1639196,309,,
1639596,309,,
1640000,309,,
1640396,309,,
1640796,309,,
1641200,308,,
1641600,308,,
1642000,308,,
1642396,309,,
1642796,310,,
1643200,309,,
1643600,308,,
1644000,308,,
1644396,308,,
1644796,309,,
1645200,309,,
1645592,309,,
1645996,309,,
1646396,309,,
1646796,309,,
1647200,308,,
1647596,308,,
1647996,308,,
1648396,308,,
1648796,307,,
1649200,307,,
1649596,307,,
1649996,308,,
1650400,308,,
1650800,308,,
1651200,306,,
1651596,307,,
1651996,306,,
1652400,307,,
1652804,307,,
1653200,307,,
1653596,307,,
1653996,307,,
1654400,307,,
1654792,306,,
1655196,306,,
1655600,306,,
1656000,306,,
1656396,307,,
1656800,307,,
1657200,308,,
1657600,308,,
1658000,307,,
1658396,308,,
1658800,308,,
1659200,307,,
1659600,307,,
1660000,307,,
1660396,307,,
1660800,308,,
1661200,308,,
1661596,307,,
1661996,306,,
1662400,306,,
1662796,307,,
1663196,306,,
1663600,307,,
1664004,306,,
1664400,306,,
1664796,305,,
1665196,305,,
1665600,306,,
1666000,306,,
1666400,306,,
1666796,305,,
1667196,305,,
1667600,305,,
1667996,305,,
1668396,305,,
1668800,304,,
1669196,305,,
1669600,306,,
1669996,305,,
1670396,306,,
1670800,306,,
1671196,305,,
1671596,305,,
1672000,306,,
1672400,305,,
1672796,306,,
1673196,306,,
1673596,306,,
1674000,306,,
1674400,305,,
1674796,306,,
1675200,305,,
1675600,305,,
1676000,304,,
1676400,304,,
1676796,304,,
1677200,304,,
1677600,304,,
1678000,303,,
1678404,304,,
1678796,303,,
1679200,304,,
1679600,303,,
1680000,305,,
1680392,305,,
1680800,305,,
1681196,305,,
1681596,304,,
1682000,304,,
1682400,305,,
1682800,304,,
1683196,305,,
1683596,305,,
1684000,304,,
1684400,305,,
1684800,305,,
1685196,305,,
1685596,305,,
1686000,305,,
1686396,306,,
1686800,305,,
1687196,304,,
1687596,306,,
1687996,306,,
1688400,305,,
1688800,305,,
1689200,305,,
1689596,304,,
1689996,305,,
1690400,304,,
1690800,304,,
1691200,304,,
1691596,304,,
1691996,305,,
1692400,304,,
1692800,304,,
1693196,304,,
1693596,305,,
1693996,304,,
1694400,305,,
1694800,304,,
1695196,304,,
1695596,305,,
1695996,305,,
1696400,306,,
1696792,306,,
1697196,305,,
1697600,305,,
1698000,305,,
1698400,305,,
1698796,305,,
1699196,306,,
1699600,305,,
1700000,305,,
1700400,305,,
1700796,305,,
1701196,304,,
1701600,305,,
1702000,305,,
1702396,306,,
1702796,306,,
1703196,305,,
1703600,307,,
1704004,305,,
1704396,306,,
1704796,306,,
1705196,306,,
1705600,307,,
1705992,306,,
1706400,306,,
1706800,306,,
1707200,305,,
1707596,306,,
1708000,305,,
1708400,305,,
1708796,306,,
1709196,310,,
1709596,305,,
1710000,306,,
1710400,305,,
1710796,303,,
1711196,308,,
1711600,306,,
1712000,306,,
1712400,306,,
1712796,304,,
1713196,309,,
1713596,307,,
1713996,311,,
1714396,308,,
1714800,306,,
1715196,308,,
1715596,307,,
1716000,306,,
1716396,307,,
1716800,307,,
1717196,307,,
1717596,308,,
1718000,308,,
1718400,308,,
1718800,309,,
1719196,308,,
1719596,308,,
1720000,309,,
1720400,307,,
1720800,308,,
1721196,309,,
1721596,308,,
1722000,308,,
1722392,308,,
1722796,308,,
1723196,308,,
1723596,307,,
1724000,307,,
1724396,307,,
1724796,307,,
1725200,308,,
1725596,310,,
1726000,310,,
1726396,309,,
1726796,309,,
1727200,309,,
1727600,309,,
1728000,308,,
1728396,308,,
1728796,310,,
1729200,309,,
1729608,309,,
1730000,308,,
1730396,308,,
1730796,307,,
1731200,307,,
1731592,308,,
1732000,308,,
1732400,308,,
1732800,309,,
1733196,309,,
1733600,309,,
1734000,308,,
1734400,309,,
1734800,310,,
1735196,310,,
1735600,309,,
1736000,309,,
1736400,310,,
1736800,309,,
1737196,310,,
1737600,310,,
1738000,310,,
1738396,311,,
1738796,310,,
1739200,310,,
1739596,310,,
1739996,311,,
1740400,311,,
1740804,311,,
1741200,309,,
1741596,310,,
1741996,311,,
1742400,310,,
1742796,311,,
1743200,310,,
1743596,311,,
1743996,309,,
1744400,309,,
1744796,309,,
1745196,310,,
1745596,310,,
1745996,310,,
1746400,310,,
1746796,311,,
1747196,311,,
1747600,310,,
1747996,309,,
1748396,311,,
1748800,311,,
1749200,310,,
1749596,309,,
1749996,310,,
1750396,310,,
1750800,310,,
1751200,311,,
1751596,311,,
1751996,310,,
1752396,310,,
1752800,311,,
1753200,311,,
1753596,310,,
1754000,311,,
1754400,311,,
1754800,309,,
1755204,309,,
1755596,309,,
1756000,308,,
1756400,308,,
1756796,309,,
1757196,309,,
1757600,309,,
1757996,309,,
1758396,308,,
1758800,308,,
1759200,308,,
1759600,308,,
1759996,308,,
1760396,307,,
1760800,308,,
1761200,309,,
1761600,307,,
1761996,309,,
1762396,308,,
1762800,308,,
1763196,308,,
1763596,308,,
1763996,308,,
1764396,307,,
1764796,308,,
1765200,308,,
1765600,308,,
1766000,309,,
1766396,308,,
1766796,309,,
1767200,308,,
1767600,308,,
1768000,309,,
1768396,309,,
1768796,308,,
1769200,307,,
1769600,307,,
1769996,308,,
1770396,307,,
1770796,307,,
1771200,309,,
1771600,306,,
1771996,307,,
1772400,307,,
1772796,306,,
1773200,308,,
1773592,307,,
1773996,308,,
1774400,307,,
1774800,307,,
1775200,307,,
1775596,307,,
1775996,308,,
1776400,306,,
1776800,307,,
1777200,306,,
1777596,305,,
1777996,307,,
1778400,306,,
1778800,306,,
1779196,307,,
1779596,306,,
1779996,306,,
1780400,305,,
1780804,307,,
1781196,306,,
1781600,306,,
1781996,307,,
1782400,306,,
1782792,306,,
1783200,306,,
1783596,306,,
1784000,306,,
1784396,306,,
1784800,307,,
1785200,305,,
1785596,306,,
1785996,306,,
1786396,306,,
1786800,307,,
1787200,306,,
1787596,307,,
1787996,307,,
1788400,306,,
1788800,308,,
1789200,307,,
1789596,308,,
1789996,307,,
1790396,308,,
1790796,307,,
1791196,307,,
1791600,307,,
1791996,306,,
1792396,307,,
1792796,307,,
1793196,306,,
1793600,307,,
1793996,306,,
1794396,307,,
1794800,306,,
1795200,305,,
1795600,307,,
1795996,305,,
1796396,306,,
1796800,305,,
1797200,305,,
1797596,305,,
1797996,305,,
1798396,305,,
1798800,305,,
1799192,305,,
1799596,306,,
1799996,305,,
1800396,306,,
1800800,305,,
1801196,307,,
1801596,306,,
1802000,306,,
1802400,307,,
1802800,306,,
1803196,306,,
1803596,307,,
1804000,307,,
1804400,306,,
1804800,306,,
1805196,306,,
1805596,306,,
1806000,306,,
1806404,307,,
1806800,306,,
1807196,306,,
1807596,306,,
1808000,305,,
1808392,306,,
1808800,306,,
1809200,307,,
1809600,306,,
1809996,306,,
1810400,307,,
1810800,306,,
1811200,307,,
1811600,306,,
1811996,307,,
1812400,306,,
1812800,307,,
1813196,307,,
1813600,307,,
1813996,307,,
1814400,308,,
1814800,308,,
1815196,307,,
1815596,308,,
1816000,308,,
1816396,308,,
1816796,308,,
1817200,308,,
1817608,308,,
1818000,307,,
1818396,307,,
1818796,307,,
1819200,307,,
1819596,308,,
1819996,307,,
1820396,308,,
1820796,308,,
1821200,308,,
1821596,307,,
1821996,306,,
1822396,307,,
1822796,307,,
1823200,307,,
1823596,308,,
1823996,308,,
1824400,308,,
1824796,308,,
1825196,308,,
1825600,309,,
1826000,308,,
1826396,308,,
1826796,308,,
1827196,308,,
1827600,308,,
1828000,308,,
1828396,308,,
1828800,308,,
1829196,307,,
1829600,308,,
1830000,306,,
1830396,307,,
1830800,307,,
1831200,307,,
1831600,308,,
1832004,306,,
1832396,308,,
1832800,307,,
1833200,308,,
1833600,307,,
1833992,307,,
1834400,308,,
1834796,307,,
1835196,308,,
1835600,306,,
1836000,307,,
1836400,307,,
1836796,307,,
1837196,307,,
1837600,308,,
1838000,308,,
1838400,308,,
1838796,306,,
1839196,307,,
1839600,307,,
1839996,308,,
1840396,308,,
1840796,308,,
1841196,308,,
1841596,308,,
1842000,309,,
1842400,308,,
1842800,307,,
1843196,309,,
1843596,308,,
1844000,308,,
1844400,308,,
1844796,308,,
1845196,308,,
1845596,307,,
1846000,308,,
1846400,308,,
1846796,308,,
1847196,308,,
1847596,309,,
1848000,309,,
1848400,307,,
1848796,309,,
1849200,307,,
1849600,308,,
1850000,308,,
1850392,308,,
1850796,308,,
1851200,308,,
1851600,308,,
1852000,308,,
1852396,307,,
1852796,307,,
1853200,307,,
1853600,307,,
1853996,308,,
1854396,307,,
1854796,307,,
1855200,306,,
1855600,307,,
1855996,307,,
1856396,307,,
1856796,307,,
1857200,307,,
1857604,306,,
1857996,306,,
1858400,306,,
1858800,305,,
1859200,305,,
1859592,306,,
1860000,306,,
1860396,306,,
1860796,306,,
1861196,307,,
1861600,306,,
1862000,306,,
1862396,306,,
1862796,307,,
1863196,308,,
1863600,308,,
1864000,307,,
1864396,308,,
1864796,308,,
1865200,307,,
1865600,307,,
1866000,307,,
1866396,307,,
1866796,308,,
1867196,308,,
1867596,308,,
1867996,308,,
1868400,308,,
1868796,308,,
1869196,307,,
1869600,308,,
1869996,308,,
1870400,308,,
1870796,308,,
1871196,308,,
1871600,309,,
1872000,308,,
1872400,308,,
1872796,309,,
1873196,308,,
1873600,308,,
1874000,308,,
1874400,308,,
1874796,307,,
1875196,307,,
1875600,308,,
1875992,308,,
1876396,307,,
1876796,308,,
1877196,308,,
1877600,307,,
1877996,308,,
1878396,308,,
1878796,308,,
1879196,308,,
1879600,307,,
1879996,308,,
1880396,308,,
1880800,307,,
1881200,308,,
1881600,308,,
1881996,307,,
1882396,308,,
1882800,308,,
1883204,308,,
1883596,308,,
1883996,308,,
1884396,307,,
1884800,307,,
1885192,307,,
1885600,307,,
1886000,307,,
1886400,308,,
1886796,308,,
1887200,308,,
1887600,309,,
1888000,308,,
1888400,309,,
1888796,309,,
1889200,309,,
1889600,309,,
1889996,309,,
1890396,308,,
1890796,308,,
1891200,308,,
1891600,308,,
1891996,307,,
1892396,309,,
1892800,308,,
1893196,308,,
1893596,308,,
1894000,306,,
1894396,308,,
1894800,307,,
1895196,307,,
1895596,307,,
1896000,307,,
1896396,307,,
1896796,307,,
1897196,307,,
1897596,306,,
1898000,307,,
1898396,306,,
1898796,305,,
1899200,306,,
1899596,305,,
1900000,306,,
1900396,306,,
1900796,305,,
1901200,307,,
1901596,305,,
1901996,306,,
1902400,307,,
1902800,306,,
1903196,307,,
1903596,307,,
1903996,307,,
1904400,306,,
1904800,306,,
1905196,307,,
1905600,306,,
1906000,307,,
1906400,306,,
1906800,306,,
1907196,306,,
1907600,306,,
1908000,306,,
1908400,305,,
1908804,306,,
1909196,307,,
1909600,306,,
1910000,306,,
1910396,307,,
1910796,306,,
1911200,306,,
1911596,305,,
1911996,306,,
1912400,306,,
1912800,307,,
1913200,306,,
1913596,306,,
1913996,307,,
1914400,307,,
1914800,306,,
1915200,306,,
1915596,306,,
1915996,305,,
1916400,305,,
1916796,306,,
1917196,305,,
1917596,305,,
1917996,306,,
1918396,307,,
1918800,306,,
1919200,306,,
1919600,306,,
1919996,306,,
1920396,306,,
1920800,306,,
1921200,307,,
1921600,307,,
1921996,308,,
1922396,308,,
1922800,308,,
1923200,307,,
1923596,308,,
1924000,306,,
1924396,306,,
1924800,306,,
1925200,305,,
1925596,306,,
1926000,306,,
1926400,307,,
1926800,306,,
1927192,306,,
1927596,306,,
1928000,306,,
1928400,306,,
1928800,306,,
1929196,306,,
1929596,307,,
1930000,307,,
1930400,307,,
1930796,307,,
1931196,307,,
1931596,307,,
1932000,306,,
1932400,306,,
1932796,306,,
1933200,306,,
1933596,307,,
1934000,306,,
1934404,306,,
1934796,306,,
1935200,306,,
1935600,306,,
1936000,306,,
1936392,305,,
1936800,306,,
1937196,305,,
1937596,306,,
1937996,305,,
1938400,306,,
1938800,306,,
1939196,307,,
1939596,305,,
1940000,306,,
1940400,307,,
1940800,307,,
1941196,308,,
1941596,307,,
1942000,307,,
1942400,307,,
1942800,307,,
1943196,307,,
1943596,307,,
1943996,307,,
1944396,308,,
1944796,307,,
1945200,308,,
1945596,308,,
1945996,308,,
1946400,307,,
1946800,307,,
1947200,307,,
1947596,307,,
1947996,307,,
1948400,307,,
1948800,306,,
1949200,305,,
1949596,307,,
1949996,307,,
1950400,307,,
1950800,307,,
1951200,307,,
1951596,307,,
1951996,307,,
1952400,307,,
1952792,307,,
1953196,307,,
1953596,307,,
1953996,308,,
1954400,308,,
1954796,307,,
1955196,307,,
1955600,308,,
1955996,308,,
1956400,308,,
1956796,308,,
1957196,308,,
1957600,308,,
1958000,308,,
1958400,308,,
1958796,306,,
1959196,306,,
1959600,307,,
1960004,308,,
1960400,307,,
1960796,307,,
1961196,308,,
1961600,309,,
1961992,309,,
1962400,309,,
1962800,309,,
1963200,310,,
1963596,310,,
1964000,309,,
1964400,310,,
1964800,309,,
1965200,309,,
1965596,310,,
1966000,309,,
1966400,310,,
1966796,311,,
1967196,310,,
1967596,310,,
1968000,309,,
1968400,310,,
1968796,310,,
1969196,309,,
1969600,310,,
1969996,309,,
1970396,309,,
1970800,310,,
1971196,309,,
1971596,309,,
1971996,309,,
1972396,309,,
1972800,308,,
1973196,309,,
1973596,307,,
1973996,307,,
1974396,308,,
1974800,307,,
1975196,306,,
1975596,308,,
1976000,308,,
1976400,308,,
1976800,308,,
1977196,307,,
1977596,307,,
1978000,308,,
1978396,307,,
1978796,307,,
1979200,307,,
1979600,307,,
1979996,308,,
1980400,307,,
1980796,309,,
1981200,309,,
1981600,309,,
1981996,310,,
1982400,310,,
1982800,309,,
1983200,310,,
1983600,311,,
1983996,309,,
1984400,310,,
1984800,309,,
1985200,308,,
1985604,309,,
1985996,309,,
1986400,308,,
1986800,310,,
1987196,310,,
1987596,309,,
1988000,309,,
1988396,309,,
1988796,309,,
1989200,308,,
1989600,309,,
1990000,308,,
1990396,307,,
1990796,308,,
1991200,308,,
1991596,308,,
1992000,308,,
1992396,307,,
1992796,308,,
1993200,308,,
1993596,307,,
1993996,309,,
1994396,308,,
1994796,307,,
1995196,309,,
1995600,309,,
1996000,308,,
1996400,309,,
1996796,309,,
1997196,309,,
1997600,308,,
1998000,308,,
1998396,309,,
1998796,307,,
1999196,308,,
1999600,307,,
2000000,307,,
2000396,307,,
2000796,308,,
2001196,306,,
2001600,308,,
2002000,307,,
2002396,307,,
2002800,306,,
2003200,308,,
2003600,307,,
2003992,306,,
2004396,308,,
2004800,307,,
2005200,307,,
2005600,307,,
2005996,307,,
2006396,308,,
2006800,307,,
2007200,308,,
2007600,309,,
2007996,308,,
2008396,308,,
2008800,308,,
2009200,308,,
2009596,308,,
2010000,308,,
2010400,308,,
2010800,309,,
2011204,308,,
2011596,307,,
2012000,308,,
2012400,307,,
2012800,308,,
2013192,309,,
2013600,307,,
2013996,308,,
2014396,308,,
2014796,308,,
2015200,307,,
2015600,307,,
2015996,308,,
2016396,308,,
2016800,308,,
2017200,307,,
2017600,308,,
2017996,307,,
2018396,307,,
2018800,308,,
2019200,307,,
2019600,306,,
2019996,307,,
2020396,307,,
2020796,307,,
2021200,307,,
2021596,307,,
2022000,307,,
2022396,307,,
2022796,306,,
2023200,306,,
2023600,305,,
2024000,306,,
2024396,307,,
2024796,307,,
2025200,307,,
2025600,307,,
2026000,306,,
2026396,305,,
2026796,306,,
2027200,307,,
2027600,307,,
2027996,307,,
2028396,307,,
2028796,307,,
2029200,307,,
2029592,307,,
2029996,307,,
2030396,307,,
2030796,307,,
2031200,307,,
2031596,307,,
2031996,308,,
2032400,309,,
2032800,309,,
2033200,308,,
2033596,308,,
2033996,308,,
2034400,308,,
2034800,308,,
2035200,307,,
2035596,308,,
2035996,308,,
2036400,309,,
2036804,309,,
2037196,309,,
2037596,308,,
2037996,308,,
2038400,307,,
2038792,307,,
2039200,307,,
2039600,306,,
2040000,306,,
2040396,307,,
2040800,307,,
2041200,308,,
2041600,306,,
2042000,307,,
2042396,306,,
2042800,306,,
2043200,307,,
2043596,306,,
2043996,306,,
2044396,306,,
2044800,306,,
2045200,306,,
2045596,307,,
2045996,305,,
2046400,306,,
2046796,306,,
2047196,307,,
2047600,306,,
2047996,307,,
2048400,306,,
2048796,306,,
2049196,305,,
2049600,306,,
2049996,306,,
2050396,306,,
2050796,305,,
2051196,306,,
2051600,306,,
2051996,306,,
2052396,305,,
2052800,305,,
2053200,305,,
2053600,305,,
2053996,306,,
2054396,305,,
2054800,306,,
2055192,306,,
2055600,305,,
2055996,305,,
2056396,305,,
2056800,304,,
2057196,305,,
2057596,305,,
2057996,306,,
2058396,305,,
2058800,305,,
2059196,305,,
2059596,305,,
2060000,305,,
2060396,306,,
2060800,306,,
2061196,306,,
2061596,306,,
2062000,307,,
2062404,306,,
2062800,306,,
2063196,307,,
2063596,307,,
2064000,306,,
2064396,306,,
2064796,306,,
2065200,307,,
2065600,306,,
2065996,306,,
2066400,306,,
2066800,307,,
2067200,305,,
2067600,306,,
2067996,306,,
2068400,305,,
2068800,306,,
2069200,305,,
2069600,305,,
2069996,305,,
2070400,305,,
2070800,305,,
2071200,306,,
2071592,305,,
2072000,305,,
2072396,305,,
2072796,304,,
2073200,305,,
2073604,304,,
2074000,306,,
2074396,305,,
2074796,304,,
2075200,305,,
2075600,305,,
2076000,305,,
2076396,305,,
2076796,305,,
2077200,305,,
2077596,306,,
2078000,306,,
2078396,305,,
2078796,306,,
2079200,306,,
2079596,306,,
2079996,306,,
2080396,307,,
2080796,306,,
2081196,307,,
2081600,306,,
2082000,306,,
2082400,307,,
2082796,305,,
2083196,307,,
2083600,306,,
2084000,306,,
2084396,306,,
2084796,307,,
2085196,307,,
2085600,307,,
2086000,307,,
2086396,308,,
2086796,307,,
2087196,307,,
2087600,308,,
2088004,308,,
2088396,307,,
2088800,307,,
2089200,307,,
2089600,308,,
2089992,308,,
2090400,308,,
2090796,307,,
2091196,308,,
2091596,307,,
2092000,306,,
2092400,308,,
2092796,307,,
2093196,307,,
2093596,307,,
2094000,308,,
2094400,307,,
2094796,307,,
2095196,307,,
2095600,307,,
2096000,309,,
2096400,307,,
2096796,307,,
2097196,307,,
2097596,308,,
2098000,308,,
2098400,307,,
2098800,307,,
2099196,307,,
2099596,307,,
2100000,306,,
2100400,308,,
2100800,307,,
2101196,307,,
2101596,307,,
2102000,307,,
2102400,307,,
2102800,307,,
2103196,307,,
2103596,307,,
2104000,307,,
2104400,308,,
2104796,308,,
2105196,308,,
2105596,308,,
2106000,308,,
2106392,309,,
2106796,308,,
2107200,309,,
2107596,308,,
2108000,307,,
2108396,308,,
2108796,308,,
2109200,308,,
2109600,308,,
2110000,308,,
2110396,309,,
2110796,308,,
2111200,308,,
2111600,310,,
2112000,308,,
2112396,309,,
2112796,309,,
2113200,310,,
2113604,309,,
2113996,309,,
2114396,309,,
2114796,309,,
2115200,309,,
2115592,308,,
2116000,309,,
2116400,308,,
2116800,309,,
2117196,308,,
2117600,308,,
2118000,309,,
2118396,309,,
2118800,308,,
2119196,308,,
2119600,308,,
2120000,309,,
2120396,308,,
2120796,309,,
2121196,309,,
2121600,309,,
2122000,308,,
2122396,309,,
2122796,309,,
2123200,308,,
2123596,309,,
2123996,309,,
2124400,310,,
2124796,309,,
2125196,309,,
2125596,309,,
2125996,309,,
2126400,308,,
2126796,308,,
2127196,308,,
2127596,307,,
2127996,308,,
2128400,309,,
2128796,309,,
2129196,309,,
2129600,309,,
2130000,308,,
2130400,309,,
2130796,308,,
2131196,308,,
2131600,309,,
2131996,309,,
2132396,309,,
2132800,309,,
2133200,309,,
2133596,309,,
2134000,308,,
2134396,308,,
2134800,309,,
2135200,309,,
2135596,309,,
2136000,309,,
2136400,309,,
2136800,308,,
2137200,308,,
2137596,310,,
2138000,309,,
2138400,309,,
2138796,309,,
2139204,309,,
2139596,309,,
2140000,309,,
2140400,309,,
2140796,309,,
2141196,309,,
2141600,309,,
2141996,309,,
2142396,308,,
2142800,308,,
2143196,309,,
2143600,309,,
2143996,308,,
2144396,308,,
2144800,308,,
2145196,309,,
2145596,308,,
2145996,308,,
2146396,308,,
2146800,308,,
2147196,309,,
2147596,308,,
2148000,309,,
2148396,309,,
2148796,308,,
2149200,308,,
2149600,308,,
2149996,309,,
2150396,307,,
2150796,309,,
2151200,309,,
2151600,308,,
2151996,308,,
2152396,309,,
2152796,308,,
2153200,309,,
2153600,308,,
2153996,308,,
2154400,308,,
2154800,308,,
2155200,307,,
2155600,307,,
2155996,307,,
2156400,307,,
2156800,308,,
2157200,308,,
2157592,307,,
2157996,306,,
2158400,307,,
2158800,307,,
2159200,307,,
2159596,307,,
2159996,308,,
2160400,307,,
2160800,306,,
2161196,308,,
2161596,308,,
2161996,309,,
2162400,308,,
2162800,308,,
2163196,308,,
2163600,308,,
2163996,308,,
2164400,309,,
2164804,307,,
2165196,307,,
2165600,308,,
2166000,307,,
2166400,307,,
2166792,307,,
2167200,307,,
2167596,306,,
2167996,307,,
2168396,306,,
2168800,305,,
2169200,305,,
2169596,306,,
2169996,306,,
2170400,305,,
2170800,306,,
2171200,306,,
2171596,305,,
2171996,306,,
2172400,307,,
2172800,307,,
2173200,308,,
2173596,307,,
2173996,307,,
2174396,308,,
2174796,307,,
2175196,307,,
2175600,308,,
2175996,307,,
2176396,308,,
2176800,307,,
2177200,307,,
2177600,307,,
2177996,307,,
2178396,308,,
2178800,306,,
2179200,308,,
2179596,308,,
2179996,306,,
2180396,306,,
2180800,306,,
2181200,307,,
2181596,308,,
2181996,307,,
2182396,307,,
2182800,307,,
2183192,306,,
2183596,307,,
2184000,308,,
2184400,308,,
2184800,307,,
2185196,306,,
2185596,307,,
2186000,307,,
2186400,307,,
2186800,307,,
2187196,307,,
2187596,307,,
2188000,307,,
2188400,307,,
2188796,307,,
2189196,306,,
2189596,308,,
2190000,307,,
2190404,308,,
2190796,307,,
2191196,306,,
2191596,307,,
2192000,306,,
2192392,306,,
2192800,306,,
2193200,306,,
2193600,305,,
2193996,305,,
2194400,306,,
2194800,306,,
2195196,306,,
2195596,307,,
2195996,307,,
2196400,305,,
2196800,306,,
2197196,306,,
2197596,307,,
2197996,307,,
2198400,306,,
2198800,307,,
2199196,306,,
2199596,306,,
2200000,307,,
2200396,308,,
2200796,305,,
2201200,307,,
2201596,307,,
2201996,306,,
2202396,306,,
2202796,306,,
2203200,306,,
2203596,306,,
2203996,306,,
2204400,306,,
2204796,306,,
2205200,307,,
2205596,306,,
2205996,307,,
2206400,308,,
2206800,307,,
2207200,306,,
2207596,307,,
2207996,307,,
2208400,306,,
2208796,308,,
2209196,307,,
2209600,307,,
2210000,306,,
2210396,306,,
2210800,307,,
2211200,306,,
2211600,307,,
2212000,307,,
2212396,306,,
2212800,307,,
2213200,307,,
2213600,308,,
2214000,307,,
2214396,307,,
2214800,307,,
2215200,307,,
2215600,308,,
2216004,306,,
2216396,307,,
2216800,307,,
2217200,306,,
2217596,307,,
2217996,306,,
2218400,306,,
2218796,306,,
2219196,306,,
2219600,307,,
2220000,306,,
2220400,307,,
2220796,307,,
2221196,306,,
2221600,306,,
2221996,306,,
2222396,306,,
2222796,307,,
2223196,307,,
2223600,306,,
2223996,306,,
2224396,306,,
2224800,307,,
2225196,307,,
2225600,307,,
2225996,307,,
2226396,307,,
2226800,306,,
2227204,308,,
2227600,307,,
2227996,307,,
2228396,307,,
2228800,307,,
2229196,307,,
2229600,308,,
2229996,306,,
2230396,308,,
2230800,307,,
2231196,307,,
2231596,308,,
2231996,308,,
2232396,308,,
2232800,307,,
2233196,307,,
2233596,307,,
2234000,307,,
2234396,307,,
2234796,306,,
2235200,306,,
2235600,306,,
2235996,306,,
2236396,306,,
2236796,306,,
2237200,307,,
2237600,308,,
2237996,308,,
2238396,308,,
2238796,307,,
2239200,307,,
2239600,307,,
2239996,306,,
2240400,306,,
2240800,306,,
2241200,307,,
2241604,307,,
2241996,306,,
2242400,306,,
2242800,305,,
2243200,306,,
2243592,306,,
2244000,306,,
2244396,307,,
2244796,307,,
2245196,306,,
2245600,307,,
2246000,308,,
2246396,306,,
2246796,307,,
2247200,308,,
2247600,307,,
2248000,308,,
2248396,307,,
2248796,306,,
2249200,307,,
2249600,307,,
2250000,308,,
2250396,308,,
2250796,308,,
2251196,308,,
2251600,307,,
2251996,309,,
2252400,308,,
2252796,308,,
2253196,308,,
2253600,307,,
2254000,308,,
2254400,308,,
2254796,308,,
2255196,309,,
2255600,309,,
2256000,310,,
2256400,310,,
2256796,310,,
2257196,310,,
2257600,309,,
2258000,309,,
2258396,309,,
2258796,309,,
2259196,310,,
2259600,309,,
2259992,310,,
2260396,310,,
2260800,310,,
2261196,310,,
2261600,311,,
2261996,309,,
2262396,309,,
2262800,309,,
2263200,309,,
2263600,310,,
2263996,310,,
2264396,310,,
2264800,310,,
2265200,309,,
2265596,308,,
2265996,308,,
2266396,309,,
2266800,309,,
2267204,309,,
2267596,308,,
2268000,308,,
2268396,308,,
2268800,308,,
2269192,308,,
2269600,308,,
2269996,310,,
2270400,309,,
2270796,308,,
2271200,308,,
2271600,309,,
2271996,308,,
2272396,307,,
2272796,309,,
2273200,309,,
2273600,308,,
2273996,309,,
2274396,309,,
2274800,309,,
2275200,309,,
2275600,308,,
2275996,309,,
2276396,308,,
2276796,307,,
2277196,309,,
2277596,309,,
2278000,308,,
2278396,309,,
2278796,309,,
2279196,309,,
2279596,309,,
2280000,309,,
2280396,310,,
2280796,310,,
2281200,309,,
2281600,310,,
2282000,309,,
2282396,308,,
2282796,309,,
2283200,309,,
2283600,308,,
2284000,308,,
2284396,309,,
2284796,308,,
2285200,308,,
2285592,309,,
2286000,309,,
2286396,309,,
2286796,308,,
2287200,308,,
2287596,309,,
2287996,308,,
2288396,307,,
2288796,308,,
2289200,309,,
2289596,307,,
2289996,307,,
2290400,308,,
2290796,308,,
2291200,308,,
2291596,308,,
2291996,308,,
2292400,307,,
2292804,308,,
2293200,308,,
2293596,307,,
2293996,308,,
2294400,307,,
2294792,308,,
2295196,308,,
2295600,307,,
2296000,307,,
2296396,307,,
2296800,309,,
2297200,308,,
2297600,307,,
2298000,307,,
2298396,308,,
2298800,308,,
2299200,308,,
2299600,308,,
2300000,308,,
2300396,308,,
2300800,307,,
2301200,307,,
2301596,309,,
2301996,306,,
2302400,308,,
2302796,308,,
2303196,308,,
2303600,307,,
2304004,308,,
2304400,308,,
2304796,307,,
2305196,308,,
2305600,309,,
2306000,307,,
2306400,309,,
2306796,309,,
2307196,308,,
2307600,308,,
2307996,308,,
2308396,308,,
2308796,308,,
2309196,308,,
2309600,307,,
2309996,308,,
2310396,307,,
2310800,308,,
2311196,308,,
2311596,307,,
2312000,308,,
2312400,307,,
2312796,307,,
2313196,308,,
2313596,306,,
2314000,308,,
2314400,307,,
2314796,307,,
2315200,307,,
2315596,306,,
2316000,308,,
2316400,307,,
2316796,306,,
2317200,308,,
2317600,307,,
2318000,308,,
2318404,307,,
2318796,307,,
2319200,308,,
2319600,307,,
2320000,308,,
2320392,307,,
2320800,307,,
2321196,308,,
2321596,308,,
2322000,309,,
2322400,308,,
2322800,309,,
2323196,308,,
2323596,308,,
2324000,309,,
2324400,308,,
2324800,307,,
2325196,307,,
2325596,307,,
2326000,307,,
2326396,307,,
2326800,307,,
2327196,307,,
2327596,307,,
2327996,308,,
2328400,307,,
2328800,307,,
2329200,307,,
2329596,307,,
2329996,307,,
2330400,308,,
2330800,307,,
2331200,306,,
2331596,307,,
2331996,307,,
2332400,307,,
2332800,306,,
2333196,307,,
2333596,305,,
2333996,306,,
2334400,306,,
2334800,307,,
2335196,307,,
2335596,307,,
2335996,307,,
2336400,307,,
2336792,307,,
2337196,307,,
2337600,307,,
2338000,307,,
2338400,307,,
2338796,307,,
2339196,307,,
2339600,306,,
2340000,306,,
2340400,305,,
2340796,304,,
2341196,305,,
2341600,306,,
2342000,307,,
2342400,306,,
2342796,306,,
2343196,305,,
2343600,307,,
2344004,307,,
2344396,307,,
2344796,307,,
2345196,306,,
2345600,305,,
2345992,305,,
2346400,305,,
2346800,306,,
2347200,306,,
2347596,305,,
2348000,305,,
2348400,306,,
2348796,306,,
2349200,305,,
2349596,305,,
2350000,306,,
2350400,305,,
2350796,306,,
2351196,305,,
2351600,305,,
2352000,306,,
2352400,305,,
2352796,306,,
2353196,306,,
2353596,307,,
2353996,307,,
2354396,307,,
2354800,307,,
2355196,307,,
2355596,307,,
2356000,306,,
2356396,307,,
2356800,307,,
2357196,305,,
2357596,307,,
2358000,307,,
2358400,307,,
2358800,306,,
2359196,307,,
2359596,307,,
2360000,306,,
2360400,307,,
2360800,306,,
2361196,305,,
2361596,306,,
2362000,305,,
2362392,306,,
2362796,307,,
2363196,307,,
2363596,307,,
2364000,306,,
2364396,306,,
2364796,306,,
2365196,305,,
2365596,306,,
2366000,305,,
2366396,306,,
2366796,307,,
2367200,305,,
2367600,306,,
2368000,304,,
2368396,305,,
2368796,306,,
2369200,306,,
2369604,307,,
2370000,306,,
2370396,307,,
2370796,307,,
2371200,306,,
2371592,307,,
2371996,306,,
2372400,307,,
2372800,306,,
2373196,306,,
2373600,308,,
2374000,308,,
2374400,307,,
2374800,307,,
2375196,307,,
2375600,307,,
2376000,308,,
2376400,307,,
2376800,307,,
2377196,307,,
2377600,307,,
2378000,306,,
2378396,306,,
2378796,306,,
2379200,307,,
2379596,307,,
2379996,307,,
2380400,307,,
2380804,306,,
2381200,307,,
2381596,306,,
2381996,308,,
2382400,307,,
2382796,308,,
2383200,308,,
2383596,306,,
2383996,307,,
2384400,308,,
2384796,307,,
2385196,308,,
2385596,307,,
2385996,307,,
2386400,307,,
2386796,306,,
2387196,307,,
2387600,307,,
2387996,308,,
2388396,307,,
2388800,307,,
2389200,308,,
2389596,308,,
2389996,307,,
2390396,308,,
2390800,308,,
2391200,308,,
2391596,308,,
2391996,308,,
2392396,307,,
2392800,307,,
2393200,307,,
2393596,307,,
2394000,307,,
2394400,308,,
2394800,307,,
2395204,308,,
2395596,309,,
2396000,308,,
2396400,307,,
2396796,308,,
2397196,308,,
2397600,308,,
2397996,307,,
2398396,308,,
2398800,307,,
2399200,308,,
2399600,306,,
2399996,307,,
2400396,307,,
2400800,307,,
2401200,307,,
2401600,307,,
2401996,308,,
2402396,307,,
2402800,307,,
2403196,307,,
2403596,308,,
2403996,307,,
2404396,308,,
2404796,308,,
2405200,308,,
2405600,308,,
2406000,307,,
2406396,307,,
2406796,308,,
2407200,309,,
2407600,309,,
2408000,309,,
2408396,308,,
2408796,308,,
2409200,308,,
2409600,308,,
2409996,310,,
2410396,309,,
2410796,309,,
2411200,310,,
2411600,310,,
2411996,309,,
2412400,310,,
2412796,310,,
2413200,310,,
2413592,309,,
2413996,308,,
2414400,309,,
2414800,308,,
2415200,309,,
2415596,308,,
2415996,308,,
2416400,308,,
2416800,307,,
2417200,309,,
2417596,309,,
2417996,310,,
2418400,308,,
2418800,308,,
2419196,309,,
2419596,307,,
2419996,307,,
2420400,308,,
2420804,308,,
2421196,309,,
2421596,309,,
2421996,309,,
2422400,309,,
2422792,309,,
2423200,309,,
2423600,309,,
2424000,309,,
2424396,309,,
2424800,308,,
2425200,308,,
2425596,309,,
2425996,308,,
2426396,309,,
2426800,309,,
2427200,308,,
2427596,309,,
2427996,307,,
2428396,308,,
2428800,308,,
2429200,307,,
2429596,307,,
2429996,306,,
2430400,308,,
2430796,307,,
2431196,307,,
2431600,307,,
2431996,308,,
2432396,308,,
2432796,308,,
2433196,308,,
2433600,308,,
2433996,307,,
2434396,308,,
2434800,309,,
2435200,309,,
2435600,309,,
2435996,309,,
2436396,308,,
2436800,308,,
2437200,308,,
2437600,308,,
2437996,307,,
2438396,307,,
2438800,308,,
2439192,307,,
2439596,307,,
2439996,307,,
2440396,307,,
2440800,307,,
2441196,308,,
2441596,307,,
2442000,307,,
2442396,307,,
2442800,308,,
2443196,308,,
2443596,307,,
2444000,307,,
2444400,308,,
2444800,307,,
2445196,307,,
2445596,307,,
2446000,308,,
2446404,308,,
2446800,307,,
2447196,308,,
2447596,308,,
2448000,308,,
2448392,309,,
2448800,308,,
2449200,308,,
2449600,308,,
2449996,308,,
2450400,307,,
2450800,308,,
2451200,307,,
2451600,308,,
2451996,307,,
2452400,306,,
2452800,306,,
2453196,307,,
2453600,307,,
2453996,308,,
2454400,307,,
2454800,308,,
2455196,308,,
2455596,307,,
2456000,307,,
2456396,307,,
2456796,306,,
2457200,307,,
2457604,308,,
2458000,307,,
2458396,307,,
2458796,307,,
2459200,307,,
2459596,306,,
2459996,306,,
2460396,306,,
2460796,306,,
2461200,306,,
2461596,306,,
2461996,307,,
2462396,307,,
2462796,307,,
2463200,307,,
2463596,307,,
2463996,308,,
2464400,308,,
2464796,307,,
2465196,307,,
2465600,306,,
2466000,306,,
2466396,306,,
2466796,306,,
2467196,307,,
2467600,306,,
2468000,306,,
2468396,307,,
2468800,306,,
2469196,306,,
2469600,305,,
2470000,306,,
2470396,307,,
2470800,307,,
2471200,306,,
2471600,306,,
2472004,306,,
2472396,306,,
2472800,307,,
2473200,306,,
2473600,306,,
2473992,307,,
2474400,307,,
2474796,307,,
2475196,306,,
2475600,306,,
2476000,307,,
2476400,307,,
2476796,307,,
2477196,305,,
2477600,306,,
2478000,306,,
2478400,306,,
2478796,306,,
2479196,305,,
2479600,306,,
2479996,306,,
2480396,306,,
2480796,305,,
2481196,305,,
2481596,306,,
2482000,306,,
2482400,306,,
2482800,306,,
2483196,305,,
2483596,306,,
2484000,306,,
2484400,307,,
2484796,306,,
2485196,306,,
2485596,306,,
2486000,306,,
2486400,305,,
2486796,306,,
2487196,307,,
2487596,305,,
2488000,308,,
2488400,307,,
2488796,306,,
2489200,306,,
2489600,307,,
2490000,307,,
2490392,306,,
2490796,307,,
2491200,306,,
2491600,306,,
2492000,307,,
2492396,306,,
2492796,307,,
2493200,306,,
2493600,306,,
2494000,306,,
2494396,306,,
2494796,307,,
2495200,306,,
2495600,306,,
2495996,307,,
2496396,305,,
2496796,306,,
2497200,306,,
2497604,306,,
2497996,306,,
2498400,306,,
2498796,306,,
2499200,306,,
2499592,306,,
2500000,306,,
2500396,306,,
2500800,306,,
2501196,307,,
2501600,306,,
2502000,307,,
2502396,306,,
2502796,307,,
2503196,306,,
2503600,308,,
2504000,308,,
2504396,307,,
2504796,306,,
2505200,307,,
2505600,307,,
2506000,307,,
2506396,306,,
2506796,307,,
2507196,306,,
2507596,306,,
2507996,306,,
2508400,306,,
2508796,306,,
2509196,306,,
2509596,306,,
2509996,307,,
2510400,306,,
2510796,306,,
2511196,305,,
2511600,306,,
2512000,306,,
2512400,306,,
2512796,307,,
2513196,306,,
2513600,306,,
2514000,305,,
2514400,306,,
2514796,305,,
2515196,306,,
2515600,306,,
2515992,306,,
2516396,305,,
2516796,306,,
2517196,305,,
2517600,305,,
2517996,306,,
2518396,306,,
2518796,305,,
2519196,306,,
2519600,307,,
2519996,306,,
2520396,306,,
2520800,307,,
2521200,307,,
2521600,306,,
2521996,306,,
2522396,307,,
2522800,307,,
2523204,307,,
2523596,306,,
2523996,306,,
2524396,306,,
2524800,306,,
2525192,307,,
2525600,306,,
2526000,307,,
2526400,307,,
2526796,308,,
2527200,307,,
2527600,307,,
2528000,306,,
2528400,307,,
2528796,307,,
2529200,308,,
2529600,307,,
2529996,307,,
2530396,307,,
2530796,307,,
2531200,307,,
2531600,306,,
2531996,307,,
2532396,306,,
2532800,307,,
2533196,306,,
2533596,307,,
2534000,307,,
2534396,306,,
2534800,308,,
2535196,308,,
2535596,308,,
2536000,308,,
2536396,308,,
2536796,307,,
2537196,307,,
2537596,308,,
2538000,309,,
2538396,308,,
2538796,307,,
2539200,307,,
2539596,307,,
2540000,308,,
2540396,308,,
2540796,309,,
2541200,308,,
2541596,309,,
2541996,310,,
2542400,310,,
2542800,310,,
2543196,309,,
2543596,309,,
2543996,308,,
2544400,309,,
2544800,308,,
2545196,308,,
2545600,309,,
2546000,309,,
2546400,308,,
2546800,309,,
2547196,309,,
2547600,308,,
2548000,308,,
2548400,308,,
2548804,308,,
2549196,308,,
2549600,309,,
2550000,309,,
2550400,310,,
2550792,307,,
2551200,308,,
2551596,310,,
2551996,308,,
2552400,308,,
2552800,308,,
2553200,308,,
2553596,309,,
2553996,307,,
2554400,308,,
2554800,308,,
2555200,308,,
2555596,309,,
2555996,309,,
2556400,309,,
2556796,309,,
2557200,310,,
2557596,309,,
2557996,309,,
2558396,309,,
2558800,309,,
2559200,309,,
2559600,309,,
2559996,308,,
2560396,309,,
2560800,310,,
2561200,310,,
2561600,310,,
2561996,309,,
2562396,309,,
2562800,309,,
2563200,308,,
2563596,309,,
2564000,310,,
2564396,311,,
2564800,311,,
2565200,310,,
2565596,309,,
2566000,309,,
2566400,310,,
2566800,309,,
2567192,310,,
2567596,308,,
2568000,309,,
2568400,309,,
2568800,308,,
2569196,308,,
2569596,309,,
2570000,309,,
2570400,308,,
2570796,309,,
2571196,309,,
2571596,309,,
2572000,309,,
2572400,309,,
2572796,308,,
2573196,309,,
2573596,309,,
2574000,309,,
2574404,308,,
2574796,308,,
2575200,308,,
2575600,309,,
2576000,308,,
2576392,308,,
2576800,308,,
2577196,309,,
2577596,310,,
2577996,308,,
2578400,308,,
2578800,309,,
2579196,309,,
2579596,308,,
2579996,309,,
2580400,310,,
2580800,310,,
2581196,309,,
2581596,309,,
2582000,309,,
2582400,309,,
2582800,309,,
2583196,308,,
2583596,308,,
2583996,309,,
2584396,309,,
2584796,308,,
2585200,308,,
2585596,308,,
2585996,308,,
2586400,309,,
2586796,307,,
2587200,308,,
2587596,308,,
2587996,308,,
2588400,308,,
2588800,308,,
2589200,307,,
2589596,308,,
2589996,308,,
2590400,307,,
2590800,307,,
2591200,307,,
2591596,307,,
2591996,307,,
2592400,307,,
2592792,307,,
2593196,307,,
2593596,307,,
2593996,307,,
2594400,307,,
2594796,307,,
2595196,307,,
2595600,306,,
2595996,306,,
2596400,307,,
2596796,307,,
2597196,308,,
2597600,308,,
2598000,308,,
2598400,308,,
2598796,308,,
2599196,307,,
2599600,308,,
2600008,308,,
2600400,307,,
2600796,307,,
2601196,308,,
2601600,308,,
2601992,309,,
2602400,309,,
2602800,309,,
2603200,310,,
2603596,308,,
2604000,309,,
2604400,308,,
2604800,308,,
2605200,309,,
2605596,308,,
2606000,308,,
2606400,308,,
2606796,307,,
2607196,308,,
2607596,308,,
2608000,307,,
2608400,306,,
2608796,307,,
2609196,306,,
2609600,307,,
2609996,307,,
2610396,306,,
2610800,307,,
2611196,307,,
2611596,308,,
2611996,307,,
2612396,306,,
2612800,308,,
2613196,307,,
2613596,308,,
2613996,307,,
2614396,307,,
2614800,307,,
2615196,306,,
2615596,307,,
2616000,306,,
2616400,307,,
2616800,305,,
2617196,307,,
2617596,306,,
2618000,307,,
2618396,308,,
2618796,307,,
2619200,307,,
2619600,307,,
2619996,307,,
2620400,306,,
2620796,306,,
2621200,307,,
2621600,306,,
2621996,307,,
2622400,307,,
2622800,306,,
2623200,306,,
2623600,306,,
2623996,307,,
2624400,306,,
2624800,305,,
2625200,306,,
2625604,305,,
2625996,306,,
2626400,307,,
2626800,306,,
2627196,307,,
2627596,307,,
2628000,306,,
2628396,306,,
2628796,306,,
2629200,307,,
2629600,307,,
2630000,307,,
2630396,307,,
2630796,307,,
2631200,307,,
2631600,308,,
2632000,308,,
2632396,308,,
2632796,307,,
2633200,308,,
2633596,307,,
2633996,308,,
2634396,307,,
2634796,308,,
2635196,306,,
2635600,308,,
2636000,307,,
2636400,306,,
2636796,307,,
2637196,307,,
2637600,306,,
2638000,306,,
2638400,306,,
2638796,306,,
2639196,305,,
2639600,306,,
2640000,306,,
2640396,307,,
2640796,307,,
2641196,307,,
2641600,306,,
2642000,307,,
2642396,306,,
2642800,307,,
2643196,307,,
2643600,307,,
2643992,306,,
2644396,306,,
2644800,306,,
2645200,306,,
2645600,307,,
2645996,307,,
2646396,308,,
2646800,308,,
2647200,308,,
2647600,307,,
2647996,307,,
2648396,308,,
2648800,308,,
2649200,308,,
2649596,308,,
2650000,308,,
2650396,308,,
2650800,309,,
2651204,308,,
2651596,307,,
2652000,308,,
2652400,307,,
2652800,307,,
2653192,307,,
2653600,307,,
2653996,308,,
2654396,309,,
2654796,308,,
2655200,309,,
2655600,308,,
2655996,307,,
2656396,308,,
2656800,309,,
2657200,308,,
2657600,309,,
2657996,308,,
2658396,308,,
2658800,308,,
2659200,308,,
2659600,308,,
2659996,309,,
2660396,308,,
2660796,308,,
2661196,307,,
2661596,307,,
2662000,308,,
2662396,307,,
2662796,307,,
2663200,307,,
2663600,307,,
2664000,306,,
2664396,307,,
2664796,308,,
2665200,308,,
2665600,307,,
2666000,308,,
2666396,307,,
2666796,307,,
2667200,307,,
2667600,307,,
2667996,307,,
2668396,306,,
2668796,306,,
2669200,306,,
2669592,306,,
2669996,306,,
2670396,306,,
2670796,306,,
2671200,307,,
2671596,307,,
2671996,306,,
2672400,307,,
2672800,307,,
2673200,307,,
2673596,306,,
2673996,307,,
2674400,307,,
2674800,307,,
2675200,307,,
2675596,307,,
2675996,307,,
2676400,309,,
2676804,309,,
2677200,309,,
2677596,308,,
2677996,308,,
2678400,308,,
2678792,308,,
2679200,308,,
2679600,308,,
2680000,308,,
2680396,307,,
2680800,308,,
2681200,308,,
2681600,308,,
2682000,308,,
2682396,308,,
2682800,307,,
2683200,308,,
2683596,307,,
2684000,307,,
2684396,308,,
2684800,307,,
2685200,307,,
2685596,307,,
2685996,307,,
2686400,307,,
2686796,308,,
2687196,307,,
2687600,307,,
2688008,306,,
2688400,306,,
2688796,306,,
2689196,305,,
2689600,306,,
2689996,306,,
2690396,306,,
2690796,307,,
2691196,306,,
2691600,306,,
2691996,306,,
2692396,307,,
2692800,307,,
2693200,307,,
2693600,307,,
2693996,307,,
2694396,307,,
2694800,307,,
2695196,307,,
2695596,306,,
2696000,307,,
2696400,307,,
2696796,306,,
2697200,306,,
2697600,307,,
2698000,308,,
2698400,307,,
2698796,306,,
2699200,307,,
2699600,307,,
2700000,307,,
2700400,307,,
2700796,308,,
2701200,307,,
2701600,308,,
2702000,307,,
2702404,307,,
2702796,308,,
2703200,308,,
2703600,308,,
2703996,308,,
2704396,308,,
2704800,306,,
2705196,307,,
2705596,308,,
2706000,307,,
2706400,307,,
2706800,307,,
2707196,308,,
2707596,307,,
2708000,307,,
2708396,308,,
2708800,307,,
2709196,307,,
2709596,306,,
2710000,308,,
2710396,307,,
2710796,307,,
2711196,307,,
2711596,307,,
2711996,308,,
2712400,308,,
2712800,307,,
2713200,308,,
2713596,308,,
2713996,308,,
2714400,308,,
2714800,307,,
2715196,308,,
2715596,305,,
2715996,306,,
2716400,306,,
2716800,306,,
2717196,308,,
2717596,307,,
2717996,306,,
2718400,306,,
2718800,307,,
2719196,306,,
2719600,307,,
2720000,307,,
2720400,306,,
2720792,307,,
2721196,305,,
2721600,307,,
2722000,306,,
2722400,308,,
2722796,308,,
2723196,308,,
2723600,307,,
2724000,308,,
2724396,308,,
2724796,307,,
2725196,308,,
2725600,307,,
2726000,309,,
2726396,308,,
2726796,309,,
2727196,308,,
2727600,308,,
2728004,309,,
2728396,309,,
2728800,309,,
2729200,309,,
2729600,309,,
2729992,309,,
2730400,309,,
2730796,309,,
2731196,309,,
2731596,308,,
2732000,309,,
2732400,308,,
2732796,309,,
2733196,308,,
2733596,309,,
2734000,308,,
2734400,308,,
2734796,308,,
2735196,308,,
2735600,308,,
2736000,308,,
2736400,308,,
2736796,308,,
2737196,309,,
2737596,307,,
2738000,308,,
2738396,308,,
2738800,307,,
2739196,308,,
2739596,308,,
2740000,309,,
2740400,308,,
2740800,308,,
2741196,309,,
2741596,307,,
2742000,307,,
2742400,308,,
2742800,308,,
2743196,308,,
2743596,307,,
2744000,308,,
2744400,308,,
2744796,309,,
2745196,309,,
2745596,308,,
2746000,308,,
2746392,308,,
2746796,309,,
2747200,309,,
2747596,308,,
2748000,309,,
2748396,308,,
2748796,308,,
2749200,308,,
2749600,308,,
2750000,309,,
2750396,309,,
2750796,310,,
2751200,310,,
2751600,310,,
2752000,310,,
2752396,310,,
2752796,310,,
2753200,309,,
2753604,310,,
2753996,310,,
2754396,310,,
2754796,309,,
2755200,310,,
2755592,310,,
2756000,310,,
2756400,310,,
2756800,310,,
2757196,310,,
2757600,311,,
2758000,310,,
2758400,309,,
2758800,309,,
2759196,310,,
2759600,309,,
2760000,310,,
2760396,310,,
2760796,310,,
2761196,311,,
2761600,309,,
2762000,310,,
2762396,310,,
2762796,309,,
2763200,309,,
2763596,309,,
2763996,309,,
2764400,308,,
2764796,309,,
2765200,308,,
2765596,308,,
2765996,308,,
2766400,309,,
2766796,308,,
2767196,308,,
2767596,307,,
2767996,308,,
2768400,308,,
2768796,308,,
2769196,308,,
2769600,309,,
2769996,310,,
2770400,310,,
2770796,310,,
2771196,310,,
2771600,309,,
2771996,310,,
2772396,309,,
2772800,309,,
2773200,308,,
2773596,308,,
2773996,308,,
2774396,308,,
2774800,308,,
2775200,308,,
2775596,308,,
2776000,308,,
2776400,308,,
2776800,307,,
2777200,308,,
2777596,308,,
2778000,308,,
2778400,309,,
2778796,309,,
2779204,307,,
2779596,308,,
2780000,308,,
2780400,308,,
2780796,307,,
2781196,307,,
2781600,307,,
2781996,307,,
2782396,307,,
2782800,307,,
2783200,308,,
2783600,308,,
2783996,308,,
2784396,307,,
2784800,308,,
2785196,307,,
2785596,308,,
2785996,307,,
2786396,308,,
2786800,307,,
2787196,308,,
2787596,308,,
2787996,307,,
2788396,308,,
2788796,307,,
2789200,308,,
2789600,307,,
2790000,307,,
2790396,307,,
2790796,308,,
2791200,307,,
2791600,307,,
2791996,307,,
2792396,307,,
2792796,307,,
2793200,307,,
2793600,307,,
2793996,307,,
2794400,307,,
2794796,306,,
2795200,307,,
2795600,307,,
2795996,306,,
2796400,307,,
2796800,307,,
2797200,307,,
2797592,307,,
2797996,307,,
2798400,307,,
2798800,307,,
2799200,307,,
2799596,307,,
2799996,307,,
2800400,306,,
2800800,306,,
2801196,308,,
2801596,307,,
2801996,307,,
2802400,307,,
2802800,307,,
2803196,306,,
2803600,307,,
2803996,306,,
2804400,307,,
2804804,306,,
2805196,306,,
2805600,306,,
2806000,306,,
2806400,306,,
2806792,304,,
2807200,306,,
2807596,306,,
2807996,306,,
2808396,306,,
2808800,306,,
2809200,305,,
2809596,305,,
2809996,307,,
2810400,306,,
2810800,307,,
2811200,307,,
2811596,307,,
2811996,306,,
2812400,308,,
2812800,307,,
2813200,307,,
2813596,307,,
2813996,307,,
2814396,307,,
2814796,308,,
2815196,307,,
2815600,308,,
2815996,307,,
2816396,306,,
2816800,307,,
2817200,307,,
2817600,306,,
2817996,305,,
2818396,306,,
2818800,307,,
2819200,306,,
2819596,307,,
2819996,306,,
2820396,307,,
2820800,307,,
2821200,307,,
2821596,308,,
2821996,307,,
2822396,307,,
2822800,307,,
2823192,307,,
2823596,307,,
2824000,308,,
2824400,307,,
2824800,308,,
2825196,306,,
2825596,307,,
2826000,307,,
2826400,306,,
2826800,307,,
2827196,306,,
2827596,307,,
2828000,306,,
2828400,307,,
2828800,306,,
2829196,305,,
2829596,306,,
2830000,305,,
2830404,306,,
2830796,305,,
2831196,306,,
2831596,305,,
2832000,306,,
2832392,306,,
2832800,305,,
2833200,305,,
2833600,304,,
2833996,304,,
2834400,304,,
2834800,305,,
2835196,306,,
2835600,306,,
2835996,306,,
2836400,306,,
2836800,306,,
2837196,306,,
2837596,307,,
2837996,305,,
2838400,307,,
2838800,306,,
2839196,306,,
2839596,306,,
2840000,306,,
2840396,306,,
2840796,306,,
2841200,306,,
2841596,307,,
2841996,306,,
2842396,307,,
2842796,306,,
2843200,306,,
2843596,306,,
2843996,306,,
2844396,305,,
2844796,305,,
2845200,306,,
2845596,306,,
2845996,306,,
2846400,306,,
2846800,307,,
2847200,307,,
2847596,307,,
2847996,307,,
2848400,307,,
2848796,306,,
2849196,306,,
2849600,306,,
2850000,305,,
2850396,305,,
2850800,306,,
2851196,306,,
2851600,308,,
2852000,308,,
2852396,306,,
2852800,307,,
2853200,306,,
2853600,307,,
2854000,306,,
2854396,306,,
2854800,306,,
2855200,307,,
2855600,306,,
2856004,306,,
2856396,306,,
2856800,306,,
2857200,306,,
2857596,305,,
2857996,306,,
2858400,306,,
2858796,306,,
2859196,306,,
2859600,306,,
2860000,307,,
2860400,306,,
2860796,306,,
2861196,306,,
2861600,307,,
2861996,307,,
2862396,306,,
2862796,308,,
2863196,307,,
2863600,307,,
2863996,307,,
2864396,307,,
2864800,307,,
2865196,307,,
2865600,306,,
2865996,305,,
2866396,306,,
2866800,306,,
2867204,306,,
2867600,307,,
2867996,306,,
2868396,307,,
2868800,306,,
2869196,307,,
2869600,305,,
2869996,306,,
2870396,305,,
2870800,307,,
2871196,306,,
2871596,307,,
2871996,306,,
2872396,308,,
2872800,307,,
2873196,307,,
2873596,307,,
2874000,308,,
2874396,307,,
2874796,307,,
2875200,306,,
2875600,306,,
2875996,307,,
2876396,306,,
2876796,306,,
2877200,306,,
2877600,307,,
2877996,307,,
2878396,307,,
2878796,306,,
2879200,307,,
2879600,306,,
2879996,306,,
2880400,306,,
2880800,306,,
2881200,306,,
2881604,305,,
2881996,306,,
2882400,307,,
2882800,306,,
2883200,307,,
2883592,308,,
2884000,308,,
2884396,307,,
2884796,307,,
2885196,307,,
2885600,307,,
2886000,307,,
2886396,307,,
2886796,307,,
2887200,308,,
2887600,307,,
2888000,308,,
2888396,309,,
2888796,309,,
2889200,308,,
2889600,308,,
2890000,309,,
2890396,308,,
2890796,307,,
2891196,307,,
2891600,307,,
2891996,308,,
2892400,309,,
2892796,308,,
2893196,308,,
2893600,308,,
2894000,308,,
2894400,309,,
2894796,309,,
2895196,310,,
2895600,309,,
2896000,309,,
2896400,309,,
2896796,309,,
2897196,309,,
2897600,309,,
2898000,309,,
2898396,310,,
2898796,310,,
2899196,310,,
2899600,310,,
2899992,309,,
2900396,310,,
2900796,311,,
2901196,310,,
2901600,310,,
2901996,309,,
2902396,309,,
2902800,310,,
2903200,309,,
2903600,310,,
2903996,310,,
2904396,309,,
2904800,309,,
2905200,309,,
2905596,309,,
2905996,308,,
2906396,309,,
2906800,309,,
2907204,309,,
2907596,310,,
2907996,309,,
2908396,309,,
2908800,309,,
2909192,309,,
2909600,310,,
2910000,310,,
2910400,309,,
2910796,309,,
2911200,308,,
2911600,310,,
2911996,309,,
2912396,310,,
2912796,308,,
2913200,309,,
2913600,310,,
2913996,308,,
2914396,309,,
2914796,310,,
2915200,309,,
2915600,310,,
2915996,309,,
2916396,310,,
2916800,310,,
2917196,309,,
2917596,309,,
2918000,309,,
2918396,308,,
2918796,308,,
2919196,307,,
2919596,308,,
2920000,307,,
2920396,309,,
2920796,308,,
2921200,308,,
2921596,309,,
2922000,307,,
2922396,308,,
2922796,308,,
2923200,307,,
2923600,309,,
2924000,308,,
2924396,308,,
2924796,308,,
2925200,308,,
2925592,308,,
2926000,309,,
2926396,309,,
2926796,308,,
2927200,308,,
2927596,308,,
2927996,308,,
2928396,308,,
2928796,308,,
2929200,308,,
2929596,308,,
2929996,308,,
2930400,309,,
2930796,309,,
2931200,308,,
2931596,310,,
2931996,308,,
2932400,309,,
2932804,308,,
2933200,307,,
2933596,308,,
2933996,307,,
2934400,309,,
2934796,308,,
2935196,307,,
2935600,308,,
2936000,307,,
2936396,309,,
2936800,308,,
2937200,308,,
2937600,309,,
2938000,309,,
2938396,307,,
2938800,307,,
2939200,307,,
2939600,307,,
2940000,307,,
2940396,308,,
2940800,308,,
2941200,309,,
2941600,309,,
2941992,309,,
2942400,309,,
2942796,308,,
2943196,307,,
2943600,308,,
2944004,307,,
2944400,307,,
2944796,308,,
2945196,308,,
2945600,309,,
2946000,309,,
2946400,309,,
2946796,308,,
2947196,307,,
2947600,307,,
2947996,306,,
2948396,307,,
2948796,306,,
2949196,307,,
2949600,308,,
2949996,307,,
2950396,307,,
2950800,308,,
2951196,308,,
2951596,308,,
2952000,307,,
2952400,308,,
2952796,308,,
2953196,308,,
2953596,308,,
2954000,307,,
2954400,307,,
2954796,307,,
2955200,307,,
2955596,308,,
2956000,306,,
2956400,306,,
2956796,306,,
2957200,306,,
2957600,305,,
2958000,306,,
2958404,306,,
2958796,306,,
2959200,307,,
2959600,306,,
2960000,305,,
2960392,305,,
2960800,305,,
2961196,306,,
2961596,305,,
2962000,305,,
2962400,307,,
2962800,305,,
2963196,306,,
2963596,306,,
2964000,306,,
2964400,306,,
2964800,305,,
2965196,305,,
2965596,306,,
2966000,306,,
2966400,305,,
2966800,306,,
2967196,306,,
2967596,307,,
2967996,306,,
2968400,307,,
2968800,306,,
2969200,305,,
2969596,307,,
2969996,306,,
2970400,305,,
2970800,306,,
2971200,306,,
2971596,305,,
2971996,306,,
2972400,307,,
2972800,307,,
2973200,307,,
2973596,306,,
2973996,307,,
2974400,306,,
2974800,307,,
2975196,306,,
2975596,306,,
2975996,306,,
2976400,305,,
2976792,305,,
2977196,306,,
2977600,306,,
2977996,306,,
2978400,307,,
2978796,307,,
2979196,306,,
2979600,306,,
2980000,307,,
2980400,306,,
2980796,306,,
2981196,307,,
2981600,307,,
2982000,308,,
2982400,307,,
2982796,307,,
2983196,308,,
2983600,307,,
2984004,308,,
2984396,308,,
2984796,308,,
2985196,308,,
2985600,307,,
2985992,307,,
2986400,307,,
2986800,307,,
2987200,308,,
2987596,308,,
2988000,307,,
2988400,307,,
2988796,307,,
2989200,308,,
2989596,307,,
2990000,307,,
2990400,307,,
2990796,307,,
2991196,306,,
2991600,307,,
2992000,306,,
2992400,306,,
2992796,306,,
2993196,306,,
2993596,307,,
2993996,307,,
2994396,308,,
2994800,307,,
2995196,307,,
2995596,307,,
2995996,306,,
2996396,307,,
2996800,306,,
2997196,307,,
2997596,307,,
2998000,307,,
2998400,307,,
2998800,307,,
2999196,307,,
2999596,307,,
3000000,307,,
3000400,306,,
3000800,307,,
3001196,307,,
3001596,307,,
3002000,306,,
3002392,307,,
3002796,307,,
3003196,306,,
3003596,306,,
3004000,307,,
3004396,306,,
3004796,307,,
3005196,307,,
3005596,308,,
3006000,307,,
3006396,307,,
3006796,307,,
3007200,306,,
3007600,306,,
3008000,306,,
3008396,305,,
3008796,305,,
3009200,306,,
3009604,306,,
3010000,306,,
3010396,307,,
3010796,306,,
3011200,307,,
3011592,309,,
3011996,307,,
3012400,307,,
3012800,307,,
3013196,308,,
3013600,307,,
3014000,307,,
3014400,307,,
3014800,306,,
3015196,307,,
3015600,306,,
3016000,306,,
3016400,306,,
3016800,306,,
3017196,305,,
3017600,305,,
3018000,305,,
3018396,306,,
3018796,306,,
3019200,306,,
3019596,307,,
3019996,305,,
3020400,307,,
3020804,307,,
3021200,307,,
3021596,307,,
3021996,308,,
3022400,307,,
3022800,308,,
3023200,307,,
3023596,307,,
3023996,308,,
3024400,308,,
3024796,308,,
3025196,308,,
3025596,307,,
3025996,307,,
3026400,307,,
3026796,308,,
3027196,307,,
3027596,309,,
3027996,308,,
3028396,309,,
3028800,308,,
3029200,307,,
3029600,308,,
3029996,307,,
3030396,307,,
3030800,308,,
3031200,306,,
3031596,307,,
3031996,307,,
3032396,307,,
3032800,308,,
3033200,307,,
3033596,307,,
3034000,307,,
3034400,305,,
3034800,307,,
3035204,306,,
3035596,307,,
3036000,307,,
3036400,307,,
3036800,308,,
3037192,307,,
3037600,308,,
3037996,308,,
3038396,307,,
3038800,308,,
3039200,307,,
3039600,307,,
3039996,307,,
3040396,307,,
3040800,307,,
3041200,307,,
3041600,308,,
3041996,307,,
3042396,307,,
3042800,307,,
3043196,307,,
3043600,306,,
3043996,307,,
3044396,306,,
3044796,307,,
3045200,307,,
3045600,306,,
3046000,307,,
3046396,307,,
3046796,307,,
3047200,307,,
3047600,307,,
3048000,307,,
3048396,308,,
3048796,308,,
3049200,308,,
3049600,308,,
3049996,308,,
3050396,308,,
3050796,308,,
3051200,308,,
3051600,307,,
3051996,308,,
3052396,308,,
3052796,307,,
3053200,308,,
3053592,307,,
3053996,308,,
3054400,308,,
3054800,308,,
3055200,308,,
3055596,308,,
3055996,307,,
3056400,307,,
3056800,309,,
3057200,308,,
3057596,309,,
3057996,309,,
3058400,310,,
3058800,310,,
3059196,309,,
3059596,308,,
3059996,308,,
3060400,308,,
3060804,308,,
3061196,308,,
3061596,308,,
3061996,308,,
3062400,308,,
3062792,309,,
3063200,309,,
3063600,308,,
3064000,309,,
3064396,308,,
3064800,308,,
3065200,307,,
3065596,308,,
3065996,309,,
3066396,309,,
3066800,308,,
3067200,309,,
3067596,310,,
3067996,309,,
3068396,310,,
3068800,309,,
3069200,310,,
3069596,308,,
3069996,310,,
3070400,310,,
3070796,310,,
3071196,310,,
3071600,310,,
3071996,310,,
3072396,310,,
3072796,310,,
3073196,310,,
3073600,309,,
3073996,310,,
3074396,309,,
3074800,308,,
3075200,308,,
3075600,307,,
3075996,307,,
3076396,307,,
3076800,308,,
3077200,309,,
3077600,309,,
3077996,309,,
3078396,309,,
3078800,308,,
3079192,308,,
3079596,309,,
3079996,309,,
3080396,309,,
3080800,309,,
3081196,310,,
3081596,309,,
3082000,309,,
3082396,311,,
3082800,310,,
3083196,310,,
3083596,310,,
3084000,309,,
3084400,310,,
3084800,310,,
3085196,309,,
3085596,309,,
3086000,308,,
3086408,309,,
3086800,308,,
3087196,308,,
3087596,309,,
3088000,308,,
3088392,309,,
3088800,308,,
3089200,307,,
3089600,308,,
3089996,308,,
3090400,308,,
3090800,308,,
3091200,308,,
3091600,308,,
3091996,308,,
3092400,308,,
3092800,309,,
3093200,309,,
3093600,310,,
3093996,308,,
3094400,309,,
3094800,308,,
3095196,308,,
3095596,310,,
3096000,308,,
3096396,309,,
3096796,308,,
3097200,309,,
3097604,308,,
3098000,309,,
3098396,309,,
3098796,309,,
3099200,309,,
3099596,310,,
3100000,308,,
3100396,308,,
3100796,309,,
3101200,309,,
3101596,309,,
3101996,308,,
3102396,308,,
3102796,309,,
3103200,309,,
3103596,309,,
3103996,309,,
3104400,309,,
3104796,309,,
3105196,307,,
3105600,308,,
3106000,308,,
3106396,308,,
3106796,307,,
3107196,308,,
3107600,307,,
3108000,308,,
3108396,307,,
3108796,307,,
3109196,306,,
3109600,308,,
3110000,308,,
3110396,307,,
3110800,307,,
3111200,306,,
3111600,307,,
3112004,307,,
3112396,306,,
3112800,308,,
3113200,307,,
3113600,307,,
3113992,308,,
3114400,307,,
3114796,308,,
3115196,308,,
3115596,307,,
3116000,307,,
3116400,307,,
3116796,307,,
3117196,307,,
3117600,307,,
3118000,307,,
3118400,308,,
3118796,307,,
3119196,306,,
3119600,307,,
3119996,307,,
3120396,307,,
3120796,307,,
3121196,307,,
3121596,307,,
3122000,307,,
3122400,306,,
3122800,306,,
3123196,306,,
3123596,307,,
3124000,305,,
3124400,307,,
3124800,307,,
3125196,306,,
3125596,307,,
3126000,308,,
3126400,307,,
3126796,306,,
3127196,306,,
3127596,307,,
3128000,306,,
3128400,306,,
3128796,307,,
3129200,306,,
3129596,308,,
3130000,307,,
3130392,307,,
3130796,307,,
3131200,307,,
3131600,308,,
3132000,307,,
3132396,307,,
3132796,307,,
3133200,307,,
3133600,307,,
3134000,307,,
3134396,307,,
3134796,307,,
3135200,307,,
3135600,307,,
3135996,307,,
3136396,305,,
3136796,306,,
3137200,305,,
3137604,306,,
3137996,306,,
3138400,305,,
3138796,305,,
3139200,305,,
3139592,306,,
3140000,306,,
3140396,306,,
3140800,306,,
3141196,306,,
3141600,306,,
3142000,305,,
3142396,307,,
3142796,306,,
3143196,306,,
3143600,307,,
3144000,305,,
3144396,306,,
3144796,307,,
3145200,307,,
3145600,307,,
3146000,307,,
3146396,305,,
3146796,306,,
3147196,306,,
3147596,306,,
3147996,305,,
3148400,305,,
3148796,306,,
3149196,305,,
3149596,305,,
3149996,305,,
3150400,305,,
3150796,305,,
3151196,305,,
3151600,305,,
3152000,305,,
3152400,306,,
3152796,306,,
3153196,306,,
3153600,306,,
3154000,306,,
3154400,306,,
3154796,305,,
3155196,305,,
3155600,306,,
3155992,307,,
3156400,307,,
3156796,307,,
3157196,307,,
3157600,307,,
3157996,306,,
3158396,306,,
3158796,305,,
3159196,305,,
3159600,306,,
3159996,305,,
3160396,306,,
3160800,306,,
3161200,305,,
3161600,305,,
3161996,306,,
3162396,306,,
3162800,306,,
3163204,304,,
3163600,305,,
3163996,304,,
3164396,305,,
3164800,305,,
3165192,305,,
3165600,306,,
3166000,306,,
3166400,306,,
3166796,307,,
3167200,306,,
3167600,306,,
3168000,306,,
3168400,306,,
3168796,305,,
3169200,305,,
3169600,306,,
3169996,307,,
3170400,306,,
3170796,307,,
3171200,306,,
3171600,307,,
3171996,308,,
3172396,307,,
3172800,307,,
3173196,307,,
3173596,307,,
3174000,307,,
3174408,306,,
3174800,306,,
3175196,306,,
3175596,306,,
3176000,305,,
3176396,305,,
3176796,305,,
3177196,304,,
3177596,306,,
3178000,306,,
3178396,304,,
3178796,305,,
3179196,305,,
3179596,304,,
3180000,305,,
3180396,305,,
3180796,304,,
3181200,306,,
3181596,306,,
3181996,306,,
3182400,306,,
3182800,307,,
3183196,306,,
3183596,306,,
3183996,305,,
3184400,307,,
3184800,305,,
3185196,306,,
3185600,307,,
3185996,307,,
3186400,307,,
3186800,308,,
3187196,306,,
3187600,307,,
3188000,306,,
3188400,306,,
3188804,307,,
3189196,306,,
3189600,307,,
3190000,306,,
3190400,307,,
3190792,306,,
3191200,306,,
3191596,308,,
3191996,307,,
3192400,307,,
3192800,308,,
3193200,308,,
3193596,307,,
3193996,308,,
3194400,309,,
3194800,307,,
3195200,308,,
3195596,308,,
3195996,308,,
3196400,308,,
3196796,308,,
3197200,309,,
3197596,308,,
3197996,307,,
3198396,308,,
3198800,308,,
3199200,307,,
3199600,307,,
3199996,308,,
3200396,307,,
3200800,308,,
3201200,308,,
3201600,308,,
3201996,307,,
3202396,307,,
3202800,308,,
3203200,308,,
3203596,307,,
3203996,307,,
3204396,306,,
3204800,307,,
3205200,307,,
3205596,307,,
3206000,308,,
3206400,307,,
3206800,307,,
3207192,307,,
3207596,308,,
3208000,308,,
3208400,307,,
3208800,307,,
3209196,308,,
3209596,307,,
3210000,308,,
3210400,307,,
3210796,308,,
3211196,308,,
3211596,309,,
3212000,308,,
3212400,309,,
3212796,309,,
3213196,308,,
3213596,309,,
3214000,309,,
3214404,308,,
3214796,309,,
3215200,310,,
3215600,308,,
3216000,308,,
3216392,310,,
3216800,310,,
3217196,309,,
3217596,310,,
3217996,311,,
3218400,309,,
3218800,309,,
3219196,310,,
3219596,309,,
3219996,310,,
3220400,310,,
3220800,310,,
3221196,309,,
3221596,309,,
3222000,310,,
3222400,310,,
3222800,309,,
3223196,309,,
3223596,310,,
3223996,310,,
3224396,309,,
3224796,310,,
3225200,309,,
3225596,310,,
3225996,310,,
3226400,309,,
3226796,311,,
3227200,309,,
3227596,310,,
3227996,309,,
3228400,310,,
3228800,307,,
3229200,307,,
3229596,308,,
3229996,308,,
3230400,308,,
3230800,309,,
3231200,307,,
3231596,308,,
3231996,307,,
3232400,308,,
3232792,308,,
3233196,308,,
3233596,309,,
3233996,307,,
3234400,308,,
3234796,308,,
3235196,308,,
3235596,309,,
3235996,307,,
3236400,309,,
3236796,309,,
3237196,308,,
3237600,310,,
3238000,308,,
3238400,309,,
3238796,309,,
3239196,308,,
3239600,309,,
3240004,310,,
3240400,308,,
3240796,309,,
3241196,309,,
3241600,308,,
3241992,310,,
3242396,308,,
3242800,309,,
3243200,310,,
3243596,308,,
3244000,309,,
3244400,309,,
3244800,308,,
3245200,309,,
3245596,308,,
3246000,308,,
3246400,309,,
3246796,309,,
3247196,309,,
3247596,309,,
3248000,309,,
3248400,308,,
3248796,308,,
3249196,308,,
3249600,308,,
3249996,307,,
3250396,307,,
3250800,306,,
3251196,307,,
3251600,308,,
3251996,306,,
3252396,307,,
3252800,307,,
3253196,306,,
3253596,307,,
3253996,306,,
3254396,307,,
3254800,307,,
3255196,308,,
3255596,308,,
3256000,307,,
3256396,308,,
3256800,308,,
3257196,308,,
3257596,308,,
3258000,308,,
3258396,307,,
3258796,307,,
3259200,308,,
3259600,308,,
3259996,308,,
3260396,308,,
3260796,309,,
3261200,309,,
3261600,309,,
3261996,309,,
3262400,308,,
3262800,308,,
3263200,308,,
3263600,308,,
3263996,308,,
3264400,308,,
3264800,308,,
3265200,309,,
3265604,308,,
3265996,308,,
3266400,307,,
3266800,308,,
3267196,308,,
3267596,308,,
3268000,308,,
3268396,307,,
3268796,308,,
3269200,309,,
3269600,308,,
3270000,308,,
3270396,308,,
3270796,309,,
3271200,309,,
3271600,308,,
3272000,309,,
3272396,308,,
3272796,308,,
3273200,308,,
3273596,308,,
3273996,308,,
3274396,307,,
3274796,307,,
3275196,307,,
3275600,307,,
3276000,307,,
3276400,307,,
3276796,307,,
3277196,308,,
3277600,307,,
3278000,307,,
3278400,307,,
3278796,307,,
3279196,307,,
3279600,307,,
3280000,308,,
3280396,308,,
3280796,307,,
3281196,308,,
3281600,309,,
3282000,308,,
3282396,308,,
3282800,308,,
3283196,307,,
3283600,306,,
3283992,308,,
3284396,308,,
3284800,307,,
3285200,306,,
3285600,307,,
3285996,307,,
3286396,305,,
3286800,306,,
3287200,307,,
3287600,307,,
3287996,307,,
3288396,307,,
3288800,307,,
3289200,308,,
3289596,306,,
3290000,306,,
3290396,307,,
3290800,307,,
3291204,307,,
3291596,307,,
3292000,307,,
3292400,306,,
3292800,306,,
3293192,307,,
3293600,308,,
3293996,307,,
3294396,308,,
3294796,308,,
3295200,308,,
3295600,307,,
3295996,308,,
3296396,308,,
3296800,307,,
3297200,307,,
3297600,307,,
3297996,307,,
3298396,306,,
3298800,307,,
3299200,308,,
3299600,306,,
3299996,307,,
3300396,306,,
3300796,306,,
3301196,308,,
3301596,307,,
3302000,306,,
3302396,307,,
3302796,306,,
3303200,307,,
3303600,306,,
3304000,307,,
3304396,307,,
3304796,306,,
3305200,306,,
3305600,306,,
3306000,306,,
3306396,306,,
3306796,306,,
3307200,306,,
3307600,307,,
3308000,307,,
3308396,305,,
3308796,306,,
3309200,306,,
3309592,306,,
3309996,306,,
3310396,305,,
3310796,305,,
3311200,306,,
3311596,305,,
3311996,305,,
3312400,306,,
3312796,306,,
3313200,306,,
3313596,306,,
3313996,306,,
3314400,305,,
3314800,306,,
3315200,304,,
3315596,305,,
3315996,306,,
3316400,305,,
3316804,305,,
3317200,305,,
3317596,305,,
3317996,305,,
3318400,305,,
3318792,305,,
3319200,305,,
3319600,305,,
3320000,305,,
3320396,306,,
3320800,305,,
3321200,306,,
3321600,305,,
3322000,306,,
3322396,304,,
3322800,305,,
3323200,306,,
3323596,304,,
3324000,305,,
3324396,304,,
3324800,304,,
3325200,304,,
3325596,304,,
3325996,305,,
3326400,304,,
3326796,304,,
3327196,304,,
3327600,304,,
3328004,305,,
3328400,304,,
3328796,304,,
3329196,304,,
3329600,305,,
3329996,304,,
3330396,306,,
3330796,305,,
3331196,304,,
3331600,306,,
3331996,304,,
3332396,306,,
3332800,305,,
3333200,306,,
3333600,305,,
3333996,305,,
3334396,305,,
3334800,306,,
3335196,305,,
3335596,306,,
3336000,306,,
3336400,305,,
3336796,305,,
3337200,305,,
3337596,305,,
3338000,305,,
3338400,305,,
3338796,306,,
3339200,306,,
3339600,306,,
3340000,306,,
3340400,306,,
3340796,306,,
3341200,306,,
3341600,306,,
3342000,305,,
3342404,304,,
3342796,305,,
3343200,305,,
3343600,306,,
3343996,305,,
3344396,306,,
3344800,306,,
3345196,305,,
3345596,306,,
3346000,305,,
3346400,306,,
3346800,305,,
3347196,305,,
3347596,305,,
3348000,305,,
3348396,307,,
3348800,305,,
3349196,307,,
3349596,307,,
3350000,306,,
3350396,307,,
3350796,307,,
3351196,307,,
3351596,305,,
3351996,305,,
3352400,306,,
3352800,306,,
3353200,306,,
3353596,307,,
3353996,307,,
3354400,307,,
3354800,306,,
3355196,307,,
3355596,306,,
3355996,306,,
3356400,307,,
3356800,307,,
3357196,308,,
3357596,308,,
3357996,308,,
3358400,307,,
3358800,307,,
3359196,307,,
3359600,308,,
3360000,307,,
3360400,307,,
3360792,308,,
3361196,307,,
3361600,308,,
3362000,307,,
3362400,308,,
3362796,309,,
3363196,307,,
3363600,308,,
3364000,307,,
3364400,307,,
3364796,307,,
3365196,308,,
3365600,308,,
3366000,308,,
3366396,308,,
3366796,308,,
3367196,308,,
3367600,308,,
3368004,307,,
3368396,307,,
3368800,307,,
3369196,308,,
3369600,309,,
3369992,309,,
3370400,309,,
3370796,309,,
3371200,309,,
3371596,308,,
3372000,309,,
3372400,310,,
3372796,310,,
3373196,309,,
3373596,308,,
3374000,309,,
3374400,308,,
3374796,307,,
3375196,308,,
3375600,308,,
3376000,308,,
3376400,309,,
3376796,309,,
3377196,309,,
3377596,309,,
3378000,308,,
3378396,309,,
3378800,308,,
3379196,309,,
3379596,309,,
3380000,309,,
3380400,309,,
3380800,310,,
3381196,309,,
3381596,310,,
3382000,309,,
3382400,309,,
3382800,309,,
3383196,309,,
3383596,310,,
3384000,309,,
3384400,309,,
3384796,310,,
3385196,309,,
3385596,308,,
3386000,308,,
3386392,309,,
3386796,309,,
3387196,308,,
3387596,309,,
3388000,309,,
3388396,309,,
3388796,308,,
3389200,309,,
3389600,309,,
3390000,308,,
3390396,309,,
3390796,309,,
3391200,308,,
3391600,309,,
3392000,310,,
3392396,310,,
3392796,310,,
3393200,309,,
3393604,310,,
3393996,309,,
3394396,309,,
3394796,309,,
3395200,309,,
3395592,309,,
3396000,309,,
3396400,309,,
3396800,309,,
3397196,309,,
3397600,308,,
3398000,309,,
3398400,308,,
3398800,308,,
3399196,308,,
3399600,308,,
3400000,309,,
3400396,309,,
3400796,309,,
3401196,310,,
3401600,308,,
3402000,308,,
3402396,309,,
3402796,309,,
3403200,309,,
3403596,308,,
3403996,309,,
3404400,308,,
3404796,310,,
3405200,308,,
3405596,309,,
3405996,309,,
3406400,309,,
3406796,310,,
3407196,310,,
3407596,310,,
3407996,309,,
3408400,309,,
3408796,309,,
3409196,310,,
3409600,310,,
3409996,309,,
3410400,310,,
3410796,309,,
3411196,309,,
3411600,309,,
3411996,309,,
3412396,308,,
3412800,308,,
3413200,309,,
3413596,309,,
3413996,308,,
3414396,308,,
3414800,309,,
3415200,308,,
3415596,308,,
3416000,307,,
3416400,307,,
3416800,308,,
3417200,308,,
3417596,307,,
3418000,308,,
3418400,308,,
3418796,307,,
3419204,307,,
3419596,308,,
3420000,308,,
3420400,308,,
3420796,308,,
3421196,308,,
3421600,308,,
3421996,308,,
3422396,308,,
3422800,308,,
3423200,309,,
3423600,308,,
3423996,309,,
3424396,309,,
3424800,309,,
3425196,309,,
3425596,308,,
3425996,309,,
3426396,308,,
3426800,308,,
3427196,309,,
3427596,309,,
3427996,309,,
3428396,308,,
3428796,309,,
3429200,309,,
3429600,309,,
3430000,308,,
3430396,307,,
3430796,309,,
3431200,308,,
3431600,309,,
3431996,309,,
3432396,309,,
3432796,309,,
3433200,309,,
3433600,309,,
3433996,309,,
3434400,310,,
3434796,309,,
3435200,308,,
3435600,309,,
3435996,310,,
3436400,309,,
3436800,309,,
3437200,310,,
3437592,308,,
3437996,308,,
3438400,309,,
3438800,309,,
3439200,309,,
3439596,310,,
3439996,308,,
3440400,310,,
3440800,308,,
3441196,309,,
3441596,309,,
3441996,309,,
3442400,309,,
3442800,309,,
3443196,308,,
3443596,308,,
3443996,308,,
3444400,309,,
3444804,308,,
3445196,309,,
3445600,308,,
3446000,308,,
3446400,307,,
3446792,307,,
3447200,309,,
3447596,307,,
3447996,308,,
3448396,308,,
3448800,308,,
3449200,308,,
3449596,308,,
3449996,308,,
3450396,308,,
3450800,308,,
3451200,308,,
3451596,307,,
3451996,308,,
3452400,308,,
3452800,307,,
3453200,307,,
3453596,308,,
3453996,307,,
3454396,308,,
3454796,307,,
3455196,307,,
3455600,307,,
3455996,307,,
3456396,307,,
3456800,307,,
3457196,307,,
3457600,306,,
3457996,306,,
3458396,308,,
3458800,306,,
3459200,307,,
3459600,306,,
3459996,307,,
3460396,306,,
3460800,307,,
3461200,308,,
3461596,307,,
3461996,307,,
3462396,306,,
3462800,307,,
3463192,306,,
3463596,307,,
3464000,306,,
3464396,305,,
3464800,306,,
3465196,305,,
3465596,306,,
3466000,306,,
3466400,306,,
3466800,305,,
3467196,306,,
3467596,306,,
3468000,306,,
3468400,305,,
3468800,306,,
3469196,306,,
3469596,307,,
3470000,306,,
3470404,306,,
3470796,306,,
3471196,306,,
3471596,306,,
3472000,305,,
3472392,305,,
3472800,305,,
3473200,305,,
3473600,305,,
3473996,305,,
3474400,305,,
3474800,306,,
3475196,306,,
3475600,305,,
3475996,306,,
3476400,305,,
3476800,305,,
3477196,305,,
3477596,306,,
3477996,305,,
3478400,306,,
3478800,305,,
3479196,305,,
3479596,305,,
3480000,305,,
3480396,306,,
3480796,305,,
3481200,306,,
3481596,307,,
3481996,306,,
3482396,307,,
3482796,306,,
3483200,307,,
3483596,307,,
3483996,307,,
3484396,306,,
3484796,306,,
3485200,306,,
3485596,306,,
3485996,307,,
3486400,307,,
3486800,307,,
3487200,307,,
3487596,307,,
3487996,306,,
3488400,305,,
3488796,305,,
3489196,306,,
3489600,305,,
3490000,306,,
3490396,305,,
3490800,306,,
3491196,307,,
3491600,305,,
3492000,306,,
3492396,306,,
3492800,305,,
3493200,306,,
3493600,306,,
3494000,306,,
3494396,306,,
3494800,306,,
3495200,306,,
3495600,307,,
3496004,306,,
3496396,307,,
3496800,306,,
3497200,307,,
3497596,307,,
3497996,306,,
3498400,305,,
3498796,306,,
3499196,306,,
3499600,305,,
3500000,306,,
3500400,307,,
3500796,307,,
3501196,306,,
3501600,306,,
3502000,307,,
3502396,307,,
3502796,307,,
3503196,308,,
3503600,307,,
3503996,308,,
3504396,307,,
3504800,307,,
3505196,308,,
3505596,308,,
3506000,308,,
3506400,308,,
3506796,308,,
3507196,308,,
3507596,307,,
3508000,307,,
3508400,307,,
3508796,307,,
3509196,308,,
3509596,306,,
3510000,308,,
3510400,307,,
3510796,306,,
3511200,309,,
3511600,307,,
3512000,307,,
3512400,308,,
3512796,307,,
3513200,307,,
3513600,308,,
3514000,308,,
3514392,307,,
3514796,307,,
3515200,308,,
3515600,307,,
3516000,308,,
3516396,308,,
3516796,308,,
3517200,308,,
3517600,308,,
3517996,308,,
3518396,307,,
3518796,307,,
3519200,309,,
3519600,307,,
3519996,308,,
3520400,308,,
3520796,307,,
3521200,309,,
3521604,308,,
3521996,308,,
3522400,307,,
3522800,309,,
3523200,307,,
3523592,306,,
3524000,307,,
3524396,307,,
3524796,306,,
3525196,307,,
3525600,307,,
3526000,307,,
3526396,307,,
3526796,308,,
3527200,307,,
3527600,307,,
3528000,309,,
3528396,308,,
3528796,308,,
3529200,308,,
3529600,309,,
3530000,309,,
3530396,309,,
3530796,309,,
3531196,309,,
3531596,309,,
3531996,309,,
3532400,309,,
3532796,309,,
3533196,310,,
3533600,308,,
3534000,309,,
3534400,308,,
3534796,308,,
3535196,308,,
3535600,308,,
3536000,309,,
3536400,308,,
3536796,308,,
3537196,308,,
3537600,308,,
3538000,307,,
3538396,308,,
3538796,308,,
3539196,307,,
3539600,308,,
3539992,307,,
3540396,308,,
3540796,307,,
3541196,308,,
3541600,308,,
3541996,307,,
3542396,307,,
3542800,307,,
3543200,308,,
3543600,308,,
3543996,308,,
3544396,308,,
3544800,309,,
3545200,307,,
3545596,308,,
3545996,308,,
3546396,308,,
3546800,309,,
3547204,308,,
3547596,309,,
3547996,310,,
3548396,307,,
3548800,309,,
3549192,309,,
3549600,310,,
3550000,309,,
3550400,308,,
3550796,309,,
3551200,308,,
3551600,309,,
3551996,309,,
3552396,309,,
3552796,308,,
3553200,309,,
3553600,308,,
3553996,309,,
3554396,308,,
3554796,308,,
3555200,309,,
3555600,308,,
3555996,309,,
3556396,308,,
3556800,307,,
3557196,308,,
3557596,307,,
3558000,309,,
3558396,307,,
3558796,309,,
3559196,307,,
3559596,307,,
3560000,308,,
3560396,308,,
3560796,308,,
3561200,308,,
3561596,308,,
3562000,307,,
3562396,307,,
3562796,307,,
3563200,307,,
3563600,308,,
3564000,308,,
3564396,308,,
3564796,307,,
3565200,306,,
3565596,307,,
3565996,305,,
3566400,306,,
3566800,307,,
3567196,307,,
3567600,306,,
3568000,307,,
3568400,306,,
3568800,306,,
3569196,306,,
3569600,307,,
3570000,307,,
3570400,307,,
3570800,307,,
3571196,307,,
3571600,308,,
3572000,308,,
3572400,307,,
3572804,307,,
3573196,306,,
3573600,306,,
3574000,306,,
3574396,306,,
3574796,307,,
3575200,307,,
3575596,307,,
3575996,307,,
3576400,306,,
3576800,306,,
3577200,307,,
3577596,308,,
3577996,307,,
3578400,307,,
3578796,307,,
3579200,307,,
3579596,306,,
3579996,307,,
3580400,307,,
3580796,307,,
3581196,307,,
3581596,307,,
3581996,307,,
3582396,307,,
3582800,307,,
3583200,308,,
3583600,307,,
3583996,308,,
3584396,307,,
3584800,307,,
3585200,308,,
3585596,308,,
3585996,307,,
3586396,307,,
3586800,306,,
3587200,307,,
3587596,307,,
3588000,307,,
3588400,307,,
3588800,306,,
3589200,307,,
3589596,307,,
3590000,307,,
3590400,307,,
3590800,306,,
3591192,307,,
3591596,307,,
3592000,307,,
3592400,307,,
3592796,307,,
3593196,307,,
3593596,307,,
3594000,306,,
3594400,306,,
3594796,307,,
3595196,307,,
3595596,307,,
3596000,308,,
3596400,308,,
3596796,307,,
3597200,307,,
3597600,307,,
3598000,306,,
3598404,307,,
3598796,307,,
3599200,307,,
3599600,307,,
3600000,307,,
3600392,306,,
3600800,306,,
3601196,307,,
3601596,307,,
3601996,306,,
3602400,306,,
3602800,306,,
3603196,306,,
3603596,305,,
3604000,306,,
3604400,305,,
3604800,306,,
3605196,306,,
3605596,306,,
3606000,306,,
3606400,306,,
3606800,306,,
3607196,306,,
3607596,306,,
3607996,306,,
3608400,306,,
3608796,306,,
3609200,306,,
3609596,307,,
3609996,306,,
3610400,306,,
3610800,307,,
3611200,306,,
3611596,306,,
3611996,306,,
3612400,305,,
3612800,306,,
3613200,306,,
3613596,305,,
3613996,306,,
3614400,305,,
3614800,305,,
3615196,306,,
3615596,306,,
3615996,305,,
3616400,305,,
3616792,305,,
3617196,304,,
3617600,305,,
3617996,305,,
3618400,305,,
3618796,305,,
3619196,305,,
3619600,305,,
3620000,306,,
3620400,304,,
3620796,304,,
3621196,305,,
3621600,305,,
3622000,305,,
3622400,305,,
3622796,305,,
3623196,305,,
3623600,306,,
3624004,305,,
3624396,305,,
3624796,305,,
3625196,304,,
3625600,305,,
3625992,305,,
3626400,305,,
3626800,305,,
3627200,305,,
3627596,305,,
3628000,305,,
3628400,305,,
3628800,304,,
3629200,305,,
3629596,304,,
3630000,304,,
3630400,303,,
3630796,304,,
3631196,305,,
3631600,305,,
3632000,304,,
3632400,304,,
3632796,305,,
3633196,304,,
3633596,304,,
3633996,304,,
3634396,305,,
3634800,305,,
3635196,305,,
3635596,305,,
3635996,305,,
3636396,303,,
3636800,304,,
3637196,304,,
3637596,303,,
3638000,304,,
3638400,305,,
3638800,303,,
3639196,304,,
3639596,303,,
3640000,304,,
3640400,304,,
3640800,304,,
3641196,305,,
3641596,303,,
3642000,304,,
3642392,303,,
3642800,304,,
3643196,304,,
3643596,304,,
3644000,305,,
3644396,304,,
3644796,304,,
3645196,305,,
3645596,306,,
3646000,305,,
3646396,306,,
3646796,306,,
3647200,306,,
3647596,306,,
3648000,305,,
3648396,305,,
3648796,306,,
3649200,305,,
3649604,306,,
3650000,306,,
3650396,305,,
3650796,305,,
3651200,305,,
3651592,306,,
3651996,306,,
3652400,305,,
3652800,306,,
3653196,307,,
3653600,305,,
3654000,305,,
3654400,306,,
3654800,307,,
3655196,305,,
3655600,306,,
3656000,306,,
3656400,306,,
3656800,305,,
3657196,305,,
3657600,306,,
3658000,305,,
3658396,305,,
3658796,306,,
3659200,306,,
3659596,306,,
3659996,307,,
3660400,306,,
3660804,306,,
3661200,307,,
3661596,306,,
3661996,307,,
3662400,306,,
3662800,307,,
3663200,308,,
3663596,306,,
3663996,306,,
3664400,307,,
3664796,307,,
3665196,307,,
3665596,307,,
3665996,307,,
3666400,307,,
3666796,306,,
3667196,307,,
3667596,308,,
3667996,308,,
3668396,307,,
3668800,307,,
3669200,308,,
3669600,307,,
3669996,306,,
3670396,307,,
3670800,307,,
3671200,307,,
3671596,308,,
3671996,307,,
3672396,307,,
3672800,308,,
3673200,308,,
3673596,307,,
3674000,308,,
3674400,308,,
3674800,307,,
3675204,307,,
3675596,308,,
3676000,307,,
3676400,308,,
3676800,309,,
3677192,308,,
3677600,308,,
3677996,309,,
3678396,309,,
3678800,308,,
3679200,308,,
3679600,309,,
3679996,308,,
3680396,307,,
3680800,308,,
3681200,308,,
3681600,307,,
3681996,309,,
3682396,309,,
3682800,309,,
3683196,310,,
3683600,309,,
3683996,310,,
3684396,310,,
3684796,311,,
3685200,310,,
3685600,310,,
3686000,310,,
3686396,310,,
3686796,310,,
3687200,310,,
3687600,309,,
3688000,311,,
3688396,309,,
3688796,308,,
3689200,308,,
3689600,308,,
3689996,309,,
3690396,309,,
3690796,308,,
3691200,308,,
3691600,309,,
3691996,310,,
3692396,309,,
3692796,309,,
3693200,309,,
3693592,309,,
3693996,310,,
3694400,309,,
3694800,309,,
3695200,310,,
3695596,310,,
3695996,311,,
3696400,311,,
3696800,310,,
3697200,310,,
3697596,310,,
3697996,310,,
3698400,310,,
3698800,310,,
3699200,310,,
3699596,311,,
3699996,311,,
3700400,311,,
3700804,310,,
3701196,310,,
3701596,310,,
3701996,310,,
3702400,309,,
3702792,309,,
3703200,309,,
3703600,309,,
3704000,308,,
3704396,308,,
3704800,308,,
3705200,308,,
3705596,308,,
3706000,309,,
3706396,308,,
3706800,310,,
3707200,309,,
3707596,308,,
3707996,309,,
3708396,309,,
3708800,310,,
3709200,309,,
3709596,310,,
3709996,311,,
3710400,309,,
3710796,309,,
3711196,309,,
3711600,309,,
3711996,309,,
3712396,309,,
3712796,309,,
3713196,309,,
3713600,309,,
3713996,309,,
3714396,308,,
3714796,308,,
3715200,308,,
3715600,307,,
3715996,308,,
3716396,308,,
3716800,307,,
3717200,308,,
3717600,309,,
3717996,309,,
3718396,308,,
3718800,308,,
3719192,309,,
3719596,308,,
3719996,309,,
3720396,309,,
3720800,309,,
3721196,309,,
3721596,309,,
3721996,309,,
3722396,309,,
3722800,308,,
3723196,309,,
3723596,310,,
3724000,309,,
3724400,309,,
3724800,308,,
3725196,309,,
3725596,308,,
3726000,309,,
3726404,308,,
3726800,308,,
3727196,307,,
3727596,307,,
3728000,307,,
3728392,308,,
3728796,308,,
3729200,307,,
3729600,308,,
3729996,306,,
3730400,307,,
3730800,307,,
3731200,307,,
3731600,308,,
3731996,307,,
3732400,306,,
3732800,307,,
3733200,307,,
3733600,306,,
3733996,306,,
3734400,306,,
3734800,307,,
3735196,307,,
3735596,307,,
3736000,308,,
3736396,308,,
3736796,308,,
3737200,307,,
3737604,308,,
3738000,307,,
3738396,307,,
3738796,307,,
3739200,307,,
3739596,308,,
3740000,308,,
3740396,307,,
3740796,307,,
3741200,307,,
3741596,307,,
3741996,306,,
3742396,307,,
3742796,307,,
3743200,307,,
3743596,306,,
3743996,307,,
3744400,307,,
3744796,306,,
3745196,307,,
3745600,307,,
3746000,307,,
3746396,307,,
3746796,306,,
3747196,305,,
3747600,306,,
3748000,306,,
3748396,305,,
3748796,305,,
3749196,305,,
3749600,305,,
3750000,305,,
3750396,305,,
3750800,306,,
3751200,305,,
3751600,306,,
3752004,305,,
3752396,306,,
3752800,307,,
3753200,306,,
3753600,306,,
3753992,306,,
3754400,305,,
3754796,306,,
3755196,306,,
3755596,307,,
3756000,306,,
3756400,306,,
3756796,306,,
3757196,305,,
3757600,306,,
3758000,306,,
3758400,305,,
3758796,306,,
3759196,306,,
3759600,305,,
3759996,307,,
3760396,306,,
3760796,306,,
3761196,307,,
3761596,306,,
3762000,307,,
3762400,307,,
3762800,307,,
3763196,306,,
3763596,305,,
3764000,306,,
3764400,306,,
3764800,306,,
3765196,307,,
3765596,306,,
3766000,306,,
3766400,305,,
3766796,306,,
3767196,306,,
3767596,306,,
3768000,305,,
3768400,306,,
3768796,305,,
3769200,305,,
3769596,304,,
3770000,305,,
3770392,305,,
3770796,305,,
3771200,305,,
3771600,305,,
3772000,306,,
3772396,306,,
3772796,306,,
3773200,306,,
3773600,306,,
3774000,306,,
3774396,306,,
3774796,305,,
3775200,305,,
3775600,305,,
3775996,305,,
3776396,305,,
3776796,306,,
3777200,307,,
3777604,307,,
3777996,307,,
3778396,308,,
3778796,307,,
3779200,306,,
3779592,306,,
3780000,306,,
3780400,307,,
3780800,306,,
3781196,306,,
3781600,307,,
3782000,307,,
3782396,306,,
3782796,307,,
3783196,306,,
3783600,307,,
3784000,307,,
3784396,307,,
3784796,307,,
3785196,307,,
3785600,307,,
3786000,307,,
3786396,306,,
3786796,307,,
3787200,306,,
3787596,307,,
3787996,307,,
3788400,307,,
3788796,306,,
3789196,307,,
3789596,307,,
3789996,307,,
3790400,307,,
3790796,307,,
3791196,307,,
3791600,307,,
3791996,307,,
3792400,306,,
3792796,307,,
3793196,307,,
3793600,307,,
3794000,306,,
3794400,307,,
3794796,307,,
3795196,306,,
3795600,306,,
3795992,306,,
3796400,306,,
3796796,306,,
3797196,305,,
3797600,306,,
3797996,306,,
3798396,306,,
3798796,306,,
3799196,305,,
3799600,306,,
3799996,306,,
3800396,307,,
3800800,306,,
3801200,306,,
3801600,305,,
3801996,306,,
3802396,307,,
3802800,307,,
3803204,307,,
3803600,307,,
3803996,305,,
3804396,305,,
3804800,306,,
3805192,305,,
3805600,305,,
3806000,305,,
3806400,307,,
3806796,307,,
3807200,307,,
3807600,306,,
3808000,306,,
3808400,306,,
3808796,306,,
3809200,306,,
3809600,307,,
3809996,306,,
3810400,307,,
3810796,307,,
3811200,308,,
3811600,307,,
3811996,308,,
3812396,309,,
3812800,307,,
3813196,308,,
3813596,308,,
3814000,308,,
3814404,307,,
3814800,308,,
3815196,308,,
3815596,308,,
3816000,307,,
3816396,308,,
3816796,309,,
3817196,308,,
3817596,307,,
3818000,308,,
3818396,308,,
3818796,308,,
3819196,308,,
3819596,308,,
3820000,307,,
3820396,307,,
3820796,307,,
3821200,306,,
3821596,307,,
3821996,307,,
3822400,307,,
3822800,307,,
3823196,309,,
3823596,308,,
3823996,307,,
3824400,308,,
3824800,308,,
3825196,307,,
3825600,307,,
3825996,308,,
3826400,308,,
3826800,307,,
3827196,308,,
3827600,309,,
3828000,308,,
3828400,308,,
3828804,308,,
3829196,308,,
3829600,308,,
3830000,309,,
3830400,309,,
3830792,309,,
3831200,308,,
3831596,309,,
3831996,310,,
3832400,309,,
3832800,309,,
3833200,309,,
3833596,310,,
3833996,309,,
3834400,309,,
3834800,309,,
3835200,308,,
3835596,308,,
3835996,309,,
3836400,308,,
3836800,309,,
3837200,308,,
3837596,308,,
3837996,309,,
3838396,309,,
3838800,309,,
3839200,310,,
3839600,309,,
3839996,309,,
3840396,309,,
3840800,309,,
3841200,309,,
3841600,310,,
3841996,310,,
3842396,308,,
3842800,310,,
3843200,310,,
3843596,309,,
3843996,311,,
3844396,310,,
3844800,310,,
3845200,310,,
3845596,309,,
3846000,309,,
3846400,310,,
3846800,309,,
3847192,309,,
3847596,309,,
3848000,309,,
3848400,309,,
3848800,309,,
3849196,309,,
3849596,309,,
3850000,309,,
3850400,310,,
3850800,310,,
3851196,309,,
3851596,309,,
3852000,310,,
3852400,309,,
3852796,310,,
3853196,309,,
3853596,309,,
3854000,309,,
3854404,309,,
3854796,310,,
3855200,308,,
3855596,310,,
3856000,309,,
3856392,309,,
3856800,309,,
3857196,308,,
3857600,309,,
3857996,308,,
3858400,308,,
3858800,309,,
3859196,307,,
3859596,308,,
3859996,308,,
3860400,308,,
3860800,308,,
3861196,307,,
3861596,308,,
3862000,308,,
3862400,307,,
3862800,308,,
3863196,308,,
3863596,308,,
3863996,309,,
3864396,308,,
3864796,307,,
3865200,309,,
3865596,308,,
3865996,309,,
3866396,309,,
3866796,309,,
3867200,310,,
3867596,309,,
3867996,308,,
3868400,309,,
3868800,309,,
3869200,309,,
3869596,309,,
3869996,309,,
3870400,310,,
3870800,309,,
3871200,309,,
3871596,309,,
3871996,309,,
3872400,309,,
3872792,308,,
3873196,308,,
3873596,308,,
3873996,308,,
3874400,309,,
3874796,309,,
3875196,310,,
3875596,308,,
3875996,307,,
3876400,308,,
3876796,309,,
3877196,308,,
3877600,308,,
3878000,308,,
3878400,307,,
3878796,307,,
3879196,307,,
3879600,306,,
3880004,307,,
3880400,308,,
3880796,307,,
3881196,308,,
3881600,308,,
3881992,309,,
3882396,309,,
3882800,309,,
3883200,309,,
3883596,309,,
3884000,309,,
3884400,309,,
3884800,309,,
3885200,309,,
3885596,310,,
3886000,310,,
3886400,310,,
3886796,309,,
3887196,309,,
3887596,308,,
3888000,307,,
3888400,308,,
3888796,307,,
3889196,308,,
3889600,307,,
3889996,307,,
3890396,307,,
3890800,307,,
3891196,309,,
3891600,308,,
3891996,307,,
3892396,307,,
3892800,308,,
3893196,307,,
3893596,306,,
3893996,307,,
3894396,307,,
3894800,307,,
3895196,308,,
3895596,307,,
3896000,307,,
3896396,306,,
3896800,307,,
3897196,307,,
3897596,306,,
3898000,307,,
3898396,308,,
3898796,307,,
3899200,306,,
3899600,308,,
3899996,307,,
3900396,308,,
3900796,308,,
3901200,308,,
3901600,308,,
3901996,309,,
3902400,309,,
3902800,308,,
3903200,307,,
3903600,306,,
3903996,307,,
3904400,307,,
3904800,306,,
3905200,307,,
3905604,306,,
3905996,306,,
3906400,307,,
3906800,307,,
3907200,307,,
3907592,307,,
3908000,307,,
3908396,307,,
3908796,308,,
3909200,307,,
3909600,307,,
3910000,306,,
3910396,308,,
3910796,307,,
3911200,307,,
3911600,307,,
3912000,305,,
3912396,308,,
3912796,307,,
3913200,306,,
3913596,307,,
3914000,307,,
3914396,306,,
3914796,305,,
3915196,306,,
3915600,306,,
3916000,305,,
3916400,306,,
3916796,306,,
3917196,305,,
3917600,307,,
3918000,307,,
3918400,307,,
3918796,307,,
3919196,307,,
3919600,306,,
3920000,307,,
3920396,306,,
3920796,307,,
3921196,306,,
3921600,307,,
3922000,306,,
3922396,306,,
3922796,306,,
3923196,307,,
3923600,306,,
3923992,305,,
3924396,305,,
3924800,307,,
3925200,307,,
3925600,306,,
3925996,307,,
3926396,307,,
3926800,307,,
3927200,306,,
3927600,307,,
3927996,307,,
3928396,305,,
3928800,307,,
3929200,306,,
3929596,307,,
3929996,307,,
3930396,306,,
3930800,305,,
3931204,305,,
3931596,305,,
3932000,305,,
3932400,305,,
3932800,306,,
3933192,306,,
3933600,305,,
3933996,305,,
3934396,306,,
3934796,304,,
3935200,306,,
3935600,306,,
3935996,306,,
3936396,306,,
3936796,304,,
3937200,306,,
3937600,307,,
3937996,306,,
3938396,306,,
3938800,306,,
3939200,306,,
3939600,305,,
3939996,307,,
3940396,307,,
3940796,307,,
3941196,307,,
3941596,307,,
3942000,306,,
3942396,307,,
3942796,306,,
3943200,307,,
3943596,307,,
3944000,307,,
3944396,308,,
3944796,308,,
3945200,307,,
3945600,307,,
3946000,307,,
3946396,307,,
3946796,308,,
3947200,307,,
3947600,307,,
3948000,307,,
3948396,308,,
3948796,308,,
3949200,309,,
3949592,308,,
3949996,308,,
3950396,307,,
3950796,306,,
3951200,306,,
3951596,306,,
3951996,307,,
3952400,307,,
3952796,308,,
3953200,307,,
3953596,307,,
3953996,308,,
3954400,307,,
3954800,307,,
3955200,307,,
3955596,307,,
3955996,306,,
3956400,305,,
3956808,306,,
3957200,306,,
3957596,308,,
3957996,307,,
3958400,306,,
3958792,307,,
3959200,307,,
3959600,307,,
3960000,306,,
3960396,307,,
3960800,307,,
3961200,306,,
3961600,306,,
3962000,307,,
3962396,307,,
3962800,307,,
3963200,307,,
3963600,307,,
3964000,306,,
3964396,306,,
3964800,308,,
3965200,307,,
3965596,307,,
3965996,309,,
3966400,287,,
3966796,310,,
3967196,329,,
3967600,362,,
3968004,311,,
3968400,425,,
3968796,366,,
3969196,285,,
3969600,358,,
3969996,297,,
3970400,431,,
3970796,312,,
3971196,328,,
3971600,319,,
3971996,280,,
3972396,353,,
3972800,299,,
3973200,299,,
3973600,315,,
3973996,320,,
3974396,315,,
3974800,308,,
3975196,291,,
3975596,309,,
3976000,304,,
3976400,313,,
3976796,312,,
3977200,294,,
3977596,320,,
3978000,313,,
3978400,305,,
3978796,307,,
3979200,301,,
3979600,283,,
3980000,308,,
3980400,295,,
3980796,312,,
3981200,310,,
3981600,297,,
3982000,296,,
3982404,310,,
3982796,297,,
3983200,304,,
3983600,311,,
3983996,296,,
3984396,319,,
3984800,299,,
3985196,319,,
3985596,314,,
3986000,299,,
3986400,302,,
3986800,319,,
3987196,302,,
3987596,310,,
3988000,312,,
3988400,297,,
3988800,304,,
3989196,303,,
3989596,308,,
3990000,310,,
3990396,299,,
3990796,308,,
3991196,291,,
3991596,294,,
3991996,309,,
3992400,304,,
3992800,307,,
3993200,304,,
3993596,315,,
3993996,301,,
3994400,310,,
3994800,306,,
3995200,318,,
3995596,308,,
3995996,289,,
3996400,304,,
3996800,314,,
3997196,313,,
3997596,307,,
3997996,312,,
3998400,310,,
3998800,305,,
3999196,310,,
3999600,303,,
3999996,310,,
4000400,303,,
4000792,304,,
4001196,306,,
4001600,302,,
4002000,311,,
4002400,308,,
4002796,303,,
4003196,312,,
4003600,307,,
4004000,310,,
4004400,308,,
4004796,308,,
4005196,308,,
4005600,306,,
4006000,304,,
4006396,307,,
4006796,307,,
4007196,300,,
4007600,316,,
4008004,313,,
4008396,312,,
4008800,300,,
4009196,315,,
4009600,308,,
4009992,310,,
4010400,313,,
4010796,310,,
4011200,310,,
4011596,308,,
4012000,311,,
4012400,311,,
4012796,316,,
4013196,311,,
4013596,309,,
4014000,304,,
4014400,304,,
4014796,312,,
4015196,305,,
4015600,312,,
4016000,306,,
4016400,306,,
4016796,312,,
4017196,307,,
4017596,309,,
4017996,311,,
4018396,313,,
4018800,310,,
4019196,310,,
4019596,311,,
4020000,313,,
4020400,311,,
4020800,314,,
4021196,310,,
4021596,311,,
4022000,311,,
4022400,309,,
4022800,307,,
4023196,314,,
4023596,308,,
4024000,312,,
4024400,318,,
4024796,310,,
4025196,306,,
4025596,313,,
4026000,308,,
4026392,313,,
4026796,311,,
4027196,305,,
4027596,308,,
4028000,310,,
4028396,309,,
4028796,310,,
4029200,309,,
4029600,305,,
4030000,310,,
4030396,309,,
4030796,310,,
4031200,314,,
4031600,308,,
4032000,308,,
4032396,308,,
4032796,304,,
4033200,307,,
4033604,308,,
4034000,309,,
4034396,308,,
4034796,309,,
4035200,310,,
4035592,314,,
4036000,308,,
4036400,310,,
4036800,312,,
4037196,306,,
4037600,312,,
4038000,307,,
4038400,314,,
4038800,307,,
4039196,310,,
4039600,310,,
4040000,306,,
4040396,312,,
4040800,307,,
4041196,306,,
4041600,308,,
4042000,304,,
4042396,311,,
4042796,310,,
4043200,310,,
4043596,311,,
4043996,307,,
4044400,309,,
4044808,310,,
4045200,309,,
4045596,313,,
4045996,308,,
4046400,310,,
4046796,308,,
4047196,308,,
4047596,311,,
4047996,308,,
4048400,308,,
4048796,308,,
4049196,305,,
4049596,307,,
4049996,309,,
4050400,309,,
4050796,307,,
4051196,308,,
4051600,309,,
4051996,309,,
4052396,309,,
4052800,309,,
4053200,309,,
4053596,310,,
4053996,308,,
4054396,310,,
4054800,310,,
4055200,310,,
4055596,309,,
4056000,309,,
4056396,309,,
4056800,308,,
4057200,310,,
4057596,309,,
4058000,308,,
4058400,310,,
4058800,310,,
4059204,308,,
4059596,308,,
4060000,307,,
4060400,306,,
4060796,309,,
4061196,307,,
4061600,308,,
4061996,309,,
4062396,309,,
4062800,311,,
4063200,309,,
4063600,307,,
4063996,309,,
4064396,307,,
4064800,307,,
4065196,310,,
4065600,307,,
4065996,306,,
4066396,309,,
4066800,309,,
4067196,307,,
4067596,308,,
4067996,308,,
4068396,306,,
4068796,306,,
4069200,306,,
4069600,306,,
4070000,307,,
4070396,308,,
4070796,309,,
4071200,308,,
4071600,309,,
4071996,309,,
4072396,306,,
4072796,307,,
4073200,308,,
4073600,307,,
4073996,307,,
4074396,307,,
4074796,307,,
4075200,307,,
4075600,305,,
4075996,309,,
4076400,309,,
4076800,305,,
4077200,307,,
4077592,307,,
4077996,307,,
4078400,308,,
4078800,308,,
4079200,307,,
4079596,306,,
4079996,307,,
4080400,306,,
4080800,306,,
4081196,306,,
4081596,306,,
4081996,306,,
4082400,306,,
4082800,308,,
4083196,307,,
4083596,307,,
4083996,306,,
4084400,305,,
4084804,305,,
4085196,306,,
4085600,306,,
4086000,305,,
4086400,307,,
4086792,306,,
4087200,306,,
4087596,308,,
4087996,306,,
4088396,306,,
4088800,305,,
4089200,306,,
4089596,307,,
4089996,306,,
4090396,307,,
4090800,308,,
4091200,306,,
4091596,307,,
4091996,306,,
4092400,306,,
4092800,306,,
4093200,306,,
4093596,306,,
4093996,304,,
4094396,306,,
4094796,306,,
4095196,307,,
4095600,307,,
4095996,306,,
4096396,306,,
4096800,306,,
4097196,305,,
4097600,306,,
4097996,305,,
4098396,306,,
4098800,306,,
4099200,306,,
4099600,306,,
4099996,305,,
4100396,305,,
4100800,304,,
4101200,304,,
4101596,305,,
4101996,304,,
4102396,305,,
4102800,305,,
4103192,306,,
4103596,305,,
4104000,304,,
4104396,305,,
4104800,304,,
4105196,305,,
4105596,305,,
4106000,306,,
4106400,306,,
4106800,306,,
4107196,306,,
4107596,306,,
4108000,306,,
4108400,307,,
4108800,307,,
4109196,307,,
4109596,305,,
4110000,305,,
4110404,306,,
4110796,305,,
4111196,306,,
4111596,306,,
4112000,307,,
4112392,307,,
4112800,307,,
4113200,306,,
4113600,307,,
4113996,306,,
4114400,307,,
4114800,306,,
4115200,307,,
4115600,307,,
4115996,306,,
4116400,306,,
4116800,306,,
4117196,307,,
4117596,306,,
4117996,306,,
4118400,305,,
4118800,306,,
4119196,306,,
4119596,305,,
4120000,305,,
4120396,307,,
4120796,305,,
4121200,305,,
4121596,307,,
4122000,306,,
4122396,306,,
4122796,307,,
4123200,306,,
4123596,306,,
4123996,307,,
4124396,307,,
4124796,306,,
4125200,307,,
4125596,307,,
4125996,305,,
4126400,306,,
4126796,306,,
4127200,306,,
4127596,307,,
4127996,307,,
4128400,307,,
4128796,308,,
4129196,307,,
4129600,307,,
4130000,308,,
4130396,308,,
4130796,307,,
4131196,307,,
4131600,309,,
4132000,307,,
4132396,308,,
4132800,308,,
4133200,308,,
4133600,308,,
4134000,309,,
4134396,308,,
4134800,308,,
4135200,308,,
4135600,308,,
4136004,306,,
4136396,308,,
4136800,307,,
4137200,307,,
4137596,308,,
4137996,307,,
4138400,307,,
4138796,307,,
4139196,307,,
4139600,307,,
4140000,307,,
4140400,307,,
4140796,307,,
4141196,306,,
4141600,308,,
4142000,307,,
4142396,307,,
4142796,308,,
4143196,307,,
4143600,308,,
4143996,308,,
4144396,309,,
4144796,309,,
4145196,308,,
4145596,308,,
4146000,307,,
4146400,307,,
4146800,308,,
4147196,307,,
4147596,308,,
4148000,308,,
4148400,307,,
4148796,307,,
4149196,308,,
4149596,308,,
4150000,309,,
4150400,308,,
4150796,309,,
4151200,308,,
4151596,308,,
4152000,309,,
4152400,308,,
4152796,309,,
4153200,308,,
4153600,309,,
4154000,309,,
4154392,308,,
4154796,309,,
4155200,308,,
4155600,309,,
4156000,308,,
4156396,308,,
4156796,309,,
4157200,308,,
4157600,309,,
4157996,310,,
4158396,309,,
4158796,309,,
4159200,309,,
4159600,309,,
4159996,309,,
4160400,309,,
4160796,309,,
4161200,310,,
4161604,309,,
4161996,310,,
4162400,308,,
4162800,309,,
4163200,308,,
4163592,309,,
4164000,309,,
4164396,309,,
4164796,309,,
4165196,308,,
4165600,309,,
4166000,307,,
4166396,309,,
4166796,309,,
4167200,309,,
4167600,309,,
4168000,308,,
4168396,309,,
4168796,308,,
4169200,309,,
4169600,309,,
4170000,307,,
4170396,308,,
4170796,310,,
4171196,308,,
4171596,309,,
4171996,309,,
4172400,308,,
4172796,307,,
4173196,307,,
4173600,308,,
4174000,308,,
4174400,308,,
4174796,308,,
4175196,309,,
4175600,309,,
4176000,309,,
4176400,309,,
4176796,309,,
4177196,308,,
4177600,308,,
4178000,307,,
4178400,307,,
4178796,308,,
4179196,308,,
4179600,308,,
4179992,309,,
4180396,309,,
4180796,309,,
4181196,308,,
4181600,308,,
4181996,309,,
4182396,309,,
4182800,309,,
4183196,309,,
4183600,309,,
4183996,309,,
4184396,309,,
4184800,309,,
4185200,310,,
4185600,310,,
4185996,310,,
4186396,308,,
4186800,309,,
4187204,309,,
4187596,308,,
4187996,309,,
4188396,309,,
4188800,308,,
4189192,308,,
4189600,308,,
4190000,308,,
4190400,308,,
4190796,308,,
4191200,308,,
4191600,308,,
4191996,309,,
4192400,308,,
4192796,307,,
4193200,308,,
4193600,308,,
4193996,308,,
4194396,308,,
4194796,308,,
4195200,309,,
4195600,308,,
4195996,308,,
4196396,308,,
4196800,308,,
4197196,307,,
4197596,308,,
4198000,307,,
4198396,308,,
4198796,308,,
4199196,307,,
4199596,308,,
4200000,308,,
4200396,308,,
4200796,308,,
4201196,308,,
4201596,306,,
4202000,307,,
4202396,307,,
4202796,306,,
4203200,305,,
4203600,305,,
4204000,306,,
4204396,306,,
4204796,307,,
4205200,308,,
4205596,309,,
4205996,308,,
4206400,307,,
4206800,307,,
4207196,307,,
4207600,307,,
4207996,307,,
4208400,307,,
4208800,307,,
4209196,306,,
4209600,307,,
4210000,307,,
4210400,308,,
4210800,308,,
4211196,307,,
4211600,307,,
4212000,307,,
4212400,305,,
4212804,306,,
4213196,306,,
4213600,305,,
4214000,305,,
4214396,305,,
4214796,305,,
4215200,304,,
4215596,305,,
4215996,305,,
4216400,305,,
4216800,305,,
4217200,305,,
4217596,304,,
4217996,305,,
4218400,306,,
4218796,305,,
4219200,304,,
4219596,305,,
4219996,305,,
4220400,304,,
4220796,305,,
4221196,306,,
4221596,305,,
4221996,306,,
4222396,305,,
4222800,305,,
4223200,304,,
4223600,304,,
4223996,305,,
4224396,305,,
4224800,305,,
4225200,305,,
4225596,306,,
4225996,306,,
4226396,305,,
4226800,305,,
4227200,306,,
4227596,305,,
4228000,306,,
4228400,305,,
4228800,305,,
4229200,305,,
4229596,305,,
4230000,307,,
4230400,305,,
4230800,305,,
4231192,304,,
4231596,305,,
4232000,307,,
4232400,305,,
4232796,306,,
4233196,306,,
4233596,306,,
4234000,304,,
4234400,306,,
4234796,306,,
4235196,306,,
4235596,306,,
4236000,307,,
4236400,307,,
4236796,307,,
4237200,307,,
4237600,308,,
4238000,305,,
4238404,306,,
4238796,306,,
4239200,306,,
4239600,306,,
4240000,305,,
4240392,306,,
4240800,306,,
4241196,305,,
4241596,307,,
4241996,306,,
4242400,306,,
4242800,306,,
4243196,306,,
4243596,306,,
4244000,306,,
4244400,306,,
4244800,306,,
4245196,307,,
4245596,306,,
4246000,306,,
4246400,307,,
4246800,308,,
4247196,307,,
4247596,307,,
4247996,307,,
4248400,307,,
4248796,307,,
4249200,307,,
4249596,307,,
4249996,306,,
4250400,307,,
4250800,306,,
4251200,307,,
4251596,308,,
4251996,307,,
4252400,308,,
4252800,307,,
4253200,307,,
4253596,307,,
4253996,308,,
4254400,308,,
4254800,307,,
4255196,308,,
4255596,307,,
4255996,306,,
4256400,307,,
4256792,306,,
4257196,307,,
4257596,307,,
4257996,308,,
4258400,307,,
4258796,307,,
4259196,307,,
4259600,308,,
4260000,307,,
4260400,308,,
4260796,307,,
4261196,307,,
4261600,309,,
4262000,308,,
4262400,309,,
4262796,308,,
4263196,309,,
4263600,308,,
4264004,307,,
4264396,308,,
4264796,307,,
4265196,308,,
4265600,307,,
4265992,307,,
4266400,307,,
4266800,306,,
4267200,306,,
4267596,307,,
4268000,307,,
4268400,307,,
4268800,306,,
4269200,307,,
4269596,307,,
4270000,307,,
4270400,307,,
4270796,307,,
4271196,308,,
4271596,307,,
4272000,307,,
4272400,308,,
4272796,308,,
4273196,308,,
4273600,309,,
4273996,308,,
4274396,307,,
4274800,306,,
4275196,307,,
4275596,306,,
4275996,306,,
4276396,307,,
4276800,306,,
4277196,307,,
4277596,308,,
4278000,307,,
4278396,308,,
4278800,308,,
4279196,308,,
4279596,307,,
4280000,308,,
4280400,308,,
4280800,309,,
4281196,308,,
4281596,308,,
4282000,308,,
4282392,308,,
4282800,307,,
4283196,307,,
4283596,308,,
4284000,308,,
4284396,309,,
4284796,309,,
4285196,310,,
4285596,309,,
4286000,309,,
4286396,309,,
4286796,309,,
4287200,309,,
4287596,309,,
4288000,308,,
4288396,308,,
4288796,308,,
4289200,307,,
4289604,308,,
4290000,308,,
4290396,309,,
4290796,309,,
4291200,308,,
4291596,309,,
4291996,309,,
4292400,308,,
4292800,308,,
4293196,309,,
4293600,308,,
4294000,309,,
4294400,309,,
4294800,308,,
4295196,309,,
4295600,310,,
4296000,310,,
4296400,310,,
4296800,309,,
4297196,310,,
4297600,308,,
4298000,310,,
4298400,309,,
4298792,308,,
4299200,309,,
4299596,309,,
4299996,309,,
4300400,309,,
4300804,309,,
4301200,309,,
4301596,309,,
4301996,309,,
4302400,309,,
4302800,309,,
4303200,310,,
4303596,309,,
4303996,308,,
4304400,308,,
4304796,308,,
4305200,308,,
4305596,307,,
4305996,307,,
4306400,308,,
4306796,309,,
4307196,309,,
4307596,309,,
4307996,308,,
4308396,308,,
4308800,308,,
4309200,307,,
4309600,308,,
4309996,308,,
4310396,308,,
4310800,309,,
4311200,309,,
4311596,309,,
4311996,308,,
4312396,308,,
4312800,309,,
4313200,308,,
4313596,308,,
4314000,308,,
4314400,308,,
4314800,308,,
4315204,308,,
4315596,309,,
4316000,308,,
4316400,308,,
4316800,308,,
4317192,308,,
4317600,308,,
4317996,308,,
4318396,307,,
4318800,307,,
4319200,308,,
4319600,308,,
4319996,307,,
4320396,309,,
4320800,309,,
4321200,309,,
4321600,309,,
4321996,308,,
4322396,309,,
4322800,309,,
4323200,308,,
4323600,308,,
4323996,308,,
4324396,308,,
4324796,308,,
4325200,308,,
4325600,308,,
4326000,308,,
4326396,308,,
4326796,308,,
4327200,309,,
4327600,308,,
4328000,309,,
4328396,309,,
4328796,308,,
4329200,308,,
4329600,309,,
4330000,308,,
4330396,308,,
4330796,308,,
4331200,309,,
4331600,310,,
4331996,308,,
4332396,308,,
4332796,309,,
4333200,307,,
4333592,309,,
4333996,308,,
4334400,309,,
4334796,308,,
4335200,308,,
4335596,308,,
4335996,308,,
4336400,309,,
4336800,309,,
4337200,310,,
4337596,309,,
4337996,309,,
4338400,307,,
4338800,309,,
4339200,309,,
4339596,308,,
4339996,308,,
4340400,309,,
4340804,308,,
4341196,308,,
4341596,309,,
4341996,308,,
4342400,307,,
4342792,308,,
4343200,308,,
4343600,307,,
4344000,306,,
4344396,307,,
4344800,306,,
4345200,306,,
4345596,307,,
4346000,307,,
4346396,306,,
4346800,307,,
4347200,308,,
4347596,307,,
4347996,307,,
4348396,307,,
4348800,306,,
4349200,307,,
4349596,307,,
4349996,306,,
4350400,307,,
4350796,307,,
4351196,307,,
4351600,308,,
4351996,307,,
4352396,307,,
4352796,308,,
4353196,308,,
4353600,308,,
4353996,309,,
4354396,307,,
4354796,307,,
4355200,307,,
4355600,308,,
4355996,307,,
4356396,306,,
4356800,307,,
4357200,307,,
4357600,307,,
4357996,307,,
4358396,306,,
4358800,308,,
4359192,306,,
4359596,306,,
4359996,307,,
4360396,307,,
4360800,306,,
4361196,306,,
4361596,307,,
4361996,305,,
4362396,306,,
4362800,306,,
4363196,306,,
4363596,306,,
4364000,307,,
4364400,306,,
4364800,306,,
4365196,307,,
4365596,305,,
4366000,307,,
4366404,307,,
4366800,307,,
4367196,308,,
4367596,307,,
4368000,307,,
4368392,308,,
4368796,307,,
4369200,307,,
4369600,307,,
4369996,307,,
4370400,308,,
4370800,307,,
4371200,307,,
4371600,306,,
4371996,306,,
4372400,306,,
4372800,307,,
4373200,307,,
4373600,306,,
4373996,307,,
4374400,307,,
4374800,307,,
4375196,307,,
4375596,307,,
4376000,307,,
4376396,307,,
4376796,307,,
4377200,307,,
4377604,307,,
4378000,305,,
4378396,305,,
4378796,305,,
4379200,305,,
4379600,306,,
4380000,305,,
4380396,305,,
4380796,305,,
4381200,306,,
4381596,306,,
4381996,306,,
4382396,305,,
4382796,306,,
4383200,306,,
4383596,306,,
4383996,306,,
4384396,306,,
4384796,306,,
4385196,306,,
4385600,307,,
4386000,308,,
4386400,308,,
4386796,308,,
4387196,307,,
4387600,307,,
4388000,307,,
4388396,307,,
4388796,306,,
4389196,306,,
4389600,307,,
4390000,307,,
4390396,307,,
4390800,307,,
4391196,307,,
4391600,307,,
4392004,307,,
4392396,307,,
4392800,307,,
4393200,307,,
4393600,306,,
4393992,306,,
4394400,307,,
4394796,307,,
4395196,308,,
4395596,307,,
4396000,306,,
4396400,307,,
4396796,307,,
4397196,307,,
4397600,306,,
4398000,307,,
4398400,307,,
4398796,306,,
4399196,307,,
4399600,306,,
4399996,307,,
4400400,307,,
4400796,307,,
4401196,307,,
4401596,307,,
4402000,306,,
4402400,308,,
4402800,307,,
4403196,307,,
4403596,307,,
4404000,307,,
4404400,308,,
4404800,307,,
4405196,309,,
4405596,309,,
4406000,309,,
4406400,309,,
4406796,308,,
4407196,308,,
4407596,307,,
4408000,307,,
4408400,307,,
4408796,308,,
4409196,308,,
4409596,308,,
4410000,308,,
4410392,308,,
4410796,308,,
4411200,309,,
4411600,308,,
4412000,308,,
4412396,308,,
4412796,307,,
4413200,308,,
4413600,309,,
4414000,309,,
4414396,310,,
4414796,309,,
4415200,307,,
4415600,307,,
4415996,307,,
4416396,306,,
4416796,307,,
4417200,307,,
4417604,309,,
4417996,308,,
4418396,309,,
4418796,309,,
4419200,308,,
4419592,308,,
4420000,309,,
4420400,307,,
4420800,309,,
4421196,309,,
4421600,308,,
4422000,310,,
4422396,310,,
4422796,309,,
4423196,310,,
4423600,310,,
4424000,309,,
4424396,309,,
4424796,309,,
4425196,310,,
4425600,309,,
4426000,309,,
4426396,309,,
4426796,309,,
4427200,310,,
4427596,308,,
4427996,310,,
4428400,309,,
4428796,309,,
4429196,310,,
4429596,308,,
4429996,309,,
4430400,309,,
4430796,308,,
4431196,309,,
4431600,309,,
4431996,309,,
4432400,310,,
4432796,309,,
4433196,310,,
4433600,310,,
4434000,308,,
4434400,310,,
4434796,309,,
4435196,309,,
4435600,309,,
4435996,310,,
4436396,310,,
4436800,308,,
4437200,309,,
4437596,310,,
4438000,309,,
4438400,310,,
4438800,310,,
4439200,310,,
4439596,309,,
4440000,310,,
4440400,309,,
4440800,310,,
4441200,308,,
4441596,309,,
4442000,309,,
4442400,309,,
4442796,309,,
4443204,310,,
4443596,308,,
4444000,308,,
4444400,310,,
4444796,309,,
4445196,308,,
4445600,308,,
4445996,308,,
4446396,308,,
4446800,309,,
4447196,310,,
4447596,310,,
4447996,309,,
4448396,309,,
4448800,309,,
4449196,309,,
4449596,308,,
4449996,309,,
4450396,308,,
4450800,308,,
4451196,307,,
4451596,307,,
4452000,307,,
4452396,307,,
4452800,308,,
4453196,308,,
4453596,306,,
4454000,307,,
4454404,307,,
4454800,307,,
4455196,307,,
4455596,307,,
4456000,306,,
4456396,306,,
4456800,306,,
4457196,307,,
4457596,305,,
4458000,307,,
4458396,307,,
4458796,306,,
4459196,307,,
4459596,306,,
4460000,307,,
4460396,306,,
4460796,307,,
4461200,307,,
4461596,306,,
4461996,307,,
4462400,306,,
4462800,307,,
4463196,306,,
4463596,308,,
4463996,306,,
4464400,307,,
4464800,307,,
4465196,305,,
4465596,306,,
4465996,305,,
4466400,306,,
4466800,305,,
4467196,305,,
4467600,304,,
4468000,304,,
4468400,304,,
4468804,304,,
4469196,304,,
4469600,305,,
4470000,304,,
4470400,305,,
4470792,305,,
4471200,305,,
4471596,305,,
4471996,306,,
4472396,305,,
4472800,305,,
4473200,306,,
4473596,305,,
4473996,305,,
4474400,306,,
4474800,306,,
4475200,306,,
4475596,306,,
4475996,306,,
4476400,306,,
4476800,306,,
4477200,306,,
4477596,306,,
4477996,306,,
4478396,305,,
4478800,305,,
4479196,305,,
4479600,306,,
4479996,306,,
4480396,306,,
4480800,306,,
4481200,307,,
4481600,306,,
4481996,306,,
4482396,306,,
4482800,306,,
4483200,305,,
4483596,305,,
4483996,305,,
4484396,306,,
4484800,306,,
4485200,307,,
4485596,307,,
4486000,307,,
4486396,307,,
4486800,307,,
4487192,306,,
4487596,306,,
4488000,306,,
4488400,306,,
4488800,306,,
4489196,306,,
4489596,306,,
4490000,306,,
4490400,306,,
4490800,306,,
4491196,306,,
4491596,305,,
4492000,306,,
4492400,306,,
4492796,306,,
4493196,306,,
4493596,305,,
4494000,306,,
4494404,306,,
4494796,306,,
4495200,306,,
4495596,306,,
4496000,306,,
4496392,306,,
4496800,306,,
4497196,306,,
4497600,306,,
4497996,306,,
4498400,307,,
4498800,305,,
4499196,307,,
4499596,307,,
4499996,306,,
4500400,307,,
4500800,307,,
4501196,307,,
4501596,307,,
4502000,307,,
4502400,308,,
4502800,309,,
4503196,307,,
4503596,307,,
4503996,307,,
4504396,306,,
4504796,307,,
4505200,307,,
4505596,308,,
4505996,307,,
4506396,307,,
4506796,307,,
4507200,307,,
4507596,306,,
4507996,306,,
4508400,306,,
4508800,306,,
4509200,307,,
4509596,307,,
4509996,307,,
4510400,308,,
4510800,308,,
4511200,307,,
4511596,308,,
4511996,308,,
4512400,307,,
4512792,308,,
4513200,308,,
4513596,308,,
4513996,308,,
4514400,307,,
4514796,307,,
4515196,307,,
4515596,306,,
4515996,306,,
4516400,307,,
4516796,307,,
4517196,306,,
4517600,305,,
4517996,307,,
4518400,307,,
4518796,305,,
4519196,306,,
4519600,306,,
4520004,305,,
4520400,305,,
4520796,305,,
4521196,306,,
4521600,305,,
4521992,306,,
4522396,306,,
4522800,306,,
4523200,306,,
4523596,307,,
4524000,307,,
4524400,307,,
4524800,308,,
4525200,308,,
4525596,306,,
4526000,306,,
4526400,307,,
4526796,306,,
4527200,306,,
4527596,306,,
4528000,307,,
4528400,307,,
4528796,306,,
4529196,307,,
4529600,307,,
4529996,306,,
4530396,307,,
4530800,307,,
4531208,306,,
4531600,307,,
4531996,306,,
4532396,306,,
4532800,307,,
4533196,307,,
4533596,307,,
4533996,306,,
4534396,307,,
4534800,306,,
4535196,306,,
4535596,307,,
4535996,308,,
4536396,307,,
4536800,307,,
4537196,307,,
4537596,308,,
4538000,307,,
4538396,307,,
4538796,308,,
4539200,307,,
4539600,307,,
4539996,308,,
4540396,306,,
4540796,307,,
4541200,308,,
4541600,306,,
4541996,306,,
4542400,307,,
4542796,306,,
4543200,307,,
4543600,307,,
4543996,306,,
4544400,306,,
4544800,307,,
4545200,306,,
4545604,306,,
4545996,307,,
4546400,307,,
4546800,307,,
4547200,307,,
4547592,307,,
4548000,307,,
4548396,307,,
4548796,306,,
4549200,308,,
4549600,307,,
4550000,308,,
4550396,307,,
4550796,307,,
4551200,309,,
4551600,308,,
4552000,308,,
4552396,308,,
4552796,308,,
4553200,308,,
4553596,307,,
4554000,308,,
4554396,308,,
4554796,307,,
4555196,308,,
4555600,307,,
4556000,308,,
4556400,308,,
4556796,308,,
4557196,308,,
4557600,309,,
4558000,307,,
4558400,307,,
4558796,307,,
4559196,307,,
4559600,307,,
4560000,307,,
4560396,308,,
4560796,308,,
4561196,308,,
4561600,308,,
4562000,308,,
4562396,308,,
4562796,307,,
4563196,308,,
4563600,308,,
4563992,307,,
4564396,308,,
4564800,307,,
4565200,307,,
4565600,307,,
4565996,308,,
4566396,307,,
4566800,307,,
4567200,307,,
4567600,306,,
4567996,307,,
4568396,307,,
4568800,307,,
4569200,308,,
4569596,307,,
4569996,308,,
4570396,307,,
4570800,307,,
4571204,308,,
4571596,307,,
4572000,307,,
4572400,308,,
4572800,307,,
4573192,307,,
4573600,307,,
4573996,307,,
4574396,307,,
4574796,307,,
4575200,307,,
4575600,307,,
4575996,307,,
4576396,308,,
4576796,308,,
4577200,308,,
4577600,308,,
4577996,307,,
4578396,307,,
4578800,307,,
4579200,308,,
4579600,308,,
4579996,308,,
4580396,307,,
4580796,307,,
4581196,307,,
4581596,307,,
4582000,307,,
4582396,307,,
4582796,307,,
4583200,307,,
4583596,307,,
4584000,306,,
4584396,307,,
4584796,307,,
4585200,308,,
4585600,308,,
4586000,308,,
4586396,308,,
4586796,308,,
4587200,309,,
4587600,309,,
4588000,308,,
4588396,308,,
4588796,308,,
4589200,307,,
4589592,307,,
4589996,307,,
4590396,308,,
4590796,308,,
4591200,308,,
4591596,308,,
4591996,308,,
4592396,308,,
4592796,307,,
4593200,307,,
4593596,307,,
4593996,307,,
4594400,306,,
4594800,306,,
4595200,306,,
4595596,307,,
4595996,307,,
4596400,307,,
4596804,306,,
4597200,305,,
4597596,304,,
4597996,304,,
4598400,305,,
4598792,304,,
4599196,304,,
4599600,305,,
4600000,305,,
4600396,305,,
4600800,305,,
4601200,306,,
4601600,305,,
4602000,306,,
4602396,306,,
4602800,306,,
4603200,307,,
4603600,307,,
4604000,307,,
4604396,307,,
4604800,307,,
4605200,308,,
4605596,307,,
4605996,306,,
4606400,308,,
4606796,307,,
4607196,308,,
4607600,307,,
4608004,308,,
4608400,307,,
4608796,306,,
4609196,307,,
4609600,306,,
4609996,308,,
4610400,307,,
4610796,307,,
4611196,306,,
4611600,307,,
4611996,307,,
4612396,307,,
4612800,307,,
4613196,307,,
4613600,306,,
4613996,307,,
4614396,307,,
4614800,306,,
4615196,306,,
4615596,306,,
4616000,306,,
4616400,307,,
4616796,306,,
4617196,306,,
4617596,307,,
4618000,307,,
4618400,306,,
4618796,307,,
4619200,306,,
4619600,307,,
4620000,307,,
4620400,306,,
4620796,307,,
4621200,308,,
4621600,306,,
4622000,308,,
4622404,307,,
4622796,307,,
4623200,306,,
4623600,307,,
4623996,308,,
4624396,307,,
4624800,307,,
4625196,307,,
4625596,307,,
4626000,307,,
4626400,306,,
4626800,308,,
4627196,308,,
4627596,307,,
4628000,307,,
4628400,307,,
4628800,308,,
4629196,307,,
4629596,308,,
4630000,307,,
4630396,308,,
4630796,307,,
4631196,307,,
4631596,307,,
4631996,307,,
4632400,308,,
4632800,307,,
4633200,308,,
4633596,307,,
4633996,308,,
4634400,309,,
4634800,308,,
4635200,308,,
4635596,308,,
4635996,307,,
4636400,307,,
4636800,308,,
4637196,308,,
4637596,309,,
4637996,308,,
4638400,308,,
4638800,308,,
4639196,308,,
4639600,307,,
4639996,307,,
4640400,307,,
4640792,308,,
4641196,308,,
4641600,307,,
4642000,308,,
4642400,307,,
4642796,308,,
4643196,307,,
4643600,307,,
4644000,307,,
4644400,307,,
4644796,307,,
4645196,307,,
4645600,307,,
4646000,307,,
4646396,307,,
4646796,308,,
4647196,306,,
4647600,307,,
4648004,307,,
4648396,307,,
4648796,308,,
4649196,307,,
4649600,307,,
4649992,308,,
4650400,306,,
4650800,308,,
4651200,307,,
4651596,307,,
4652000,308,,
4652400,307,,
4652796,308,,
4653196,308,,
4653596,307,,
4654000,308,,
4654400,308,,
4654796,308,,
4655196,307,,
4655600,307,,
4656000,306,,
4656400,306,,
4656796,308,,
4657196,307,,
4657596,307,,
4657996,307,,
4658396,305,,
4658800,307,,
4659196,307,,
4659596,307,,
4660000,308,,
4660400,308,,
4660800,307,,
4661196,307,,
4661596,308,,
4662000,307,,
4662400,308,,
4662800,308,,
4663196,308,,
4663596,307,,
4664000,308,,
4664400,309,,
4664800,308,,
4665196,308,,
4665596,309,,
4666000,308,,
4666392,308,,
4666796,308,,
4667196,309,,
4667596,308,,
4668000,309,,
4668396,308,,
4668796,310,,
4669200,308,,
4669596,309,,
4670000,309,,
4670396,307,,
4670796,309,,
4671200,308,,
4671600,308,,
4672000,308,,
4672396,308,,
4672796,308,,
4673200,307,,
4673604,310,,
4674000,308,,
4674396,307,,
4674796,309,,
4675200,308,,
4675592,307,,
4676000,308,,
4676400,309,,
4676800,307,,
4677196,308,,
4677600,309,,
4678000,308,,
4678400,307,,
4678800,308,,
4679196,308,,
4679600,308,,
4680000,308,,
4680396,308,,
4680800,308,,
4681196,309,,
4681600,309,,
4682000,309,,
4682396,309,,
4682796,309,,
4683200,310,,
4683596,309,,
4683996,309,,
4684400,308,,
4684804,309,,
4685200,307,,
4685596,308,,
4685996,308,,
4686400,309,,
4686796,308,,
4687196,310,,
4687596,309,,
4687996,309,,
4688400,309,,
4688796,308,,
4689196,307,,
4689596,308,,
4689996,308,,
4690400,309,,
4690796,309,,
4691196,308,,
4691600,308,,
4691996,309,,
4692396,308,,
4692800,308,,
4693200,308,,
4693596,309,,
4693996,308,,
4694396,309,,
4694800,309,,
4695200,308,,
4695596,308,,
4696000,308,,
4696396,308,,
4696800,308,,
4697200,308,,
4697596,309,,
4698000,308,,
4698400,309,,
4698800,309,,
4699204,309,,
4699596,308,,
4700000,308,,
4700400,308,,
4700796,309,,
4701196,309,,
4701600,309,,
4701996,308,,
4702396,308,,
4702800,308,,
4703200,309,,
4703600,308,,
4703996,308,,
4704396,308,,
4704800,308,,
4705196,308,,
4705600,307,,
4705996,307,,
4706396,307,,
4706800,307,,
4707196,306,,
4707596,307,,
4707996,306,,
4708396,307,,
4708796,307,,
4709200,306,,
4709600,306,,
4710000,307,,
4710396,308,,
4710796,306,,
4711200,307,,
4711600,306,,
4711996,307,,
4712396,307,,
4712796,307,,
4713200,308,,
4713600,307,,
4713996,308,,
4714396,308,,
4714796,309,,
4715200,309,,
4715600,309,,
4715996,309,,
4716400,309,,
4716800,308,,
4717200,308,,
4717592,307,,
4717996,308,,
4718400,308,,
4718800,307,,
4719200,307,,
4719596,307,,
4719996,307,,
4720400,308,,
4720800,307,,
4721200,308,,
4721596,308,,
4721996,307,,
4722400,307,,
4722800,308,,
4723196,307,,
4723596,307,,
4723996,308,,
4724400,309,,
4724804,308,,
4725196,308,,
4725600,308,,
4725996,309,,
4726400,308,,
4726792,308,,
4727200,307,,
4727596,307,,
4728000,307,,
4728396,307,,
4728800,308,,
4729200,308,,
4729596,308,,
4729996,307,,
4730396,307,,
4730800,308,,
4731200,308,,
4731596,307,,
4731996,306,,
4732400,308,,
4732800,306,,
4733200,307,,
4733596,307,,
4733996,307,,
4734396,308,,
4734796,307,,
4735196,307,,
4735600,306,,
4735996,307,,
4736396,307,,
4736796,308,,
4737196,307,,
4737600,307,,
4737996,307,,
4738396,307,,
4738800,307,,
4739200,307,,
4739600,307,,
4739996,306,,
4740396,307,,
4740800,307,,
4741200,306,,
4741596,307,,
4741996,307,,
4742396,308,,
4742800,307,,
4743192,307,,
4743596,306,,
4743996,306,,
4744396,307,,
4744800,307,,
4745196,307,,
4745596,308,,
4746000,308,,
4746400,308,,
4746800,307,,
4747196,307,,
4747596,308,,
4748000,308,,
4748400,307,,
4748800,307,,
4749196,307,,
4749596,307,,
4750000,307,,
4750404,306,,
4750796,307,,
4751196,307,,
4751596,307,,
4752000,307,,
4752392,307,,
4752800,307,,
4753200,307,,
4753600,307,,
4753996,306,,
4754400,306,,
4754800,307,,
4755200,306,,
4755600,307,,
4755996,307,,
4756400,307,,
4756800,308,,
4757196,306,,
4757596,307,,
4757996,306,,
4758400,305,,
4758800,307,,
4759196,306,,
4759596,306,,
4760000,306,,
4760396,307,,
4760796,306,,
4761200,307,,
4761596,307,,
4762000,306,,
4762396,306,,
4762796,306,,
4763200,307,,
4763596,306,,
4763996,306,,
4764396,306,,
4764796,306,,
4765200,307,,
4765596,306,,
4765996,305,,
4766400,306,,
4766796,306,,
4767200,306,,
4767596,306,,
4767996,306,,
4768400,306,,
4768796,305,,
4769196,305,,
4769600,305,,
4770000,305,,
4770396,305,,
4770796,307,,
4771196,306,,
4771600,306,,
4772000,306,,
4772396,306,,
4772800,306,,
4773200,306,,
4773600,307,,
4774000,306,,
4774396,305,,
4774800,306,,
4775200,306,,
4775600,306,,
4776004,305,,
4776396,305,,
4776800,306,,
4777200,306,,
4777600,305,,
4777992,305,,
4778400,306,,
4778796,306,,
4779196,306,,
4779600,306,,
4780000,306,,
4780400,305,,
4780796,306,,
4781196,305,,
4781600,307,,
4782000,306,,
4782396,306,,
4782796,306,,
4783196,305,,
4783600,305,,
4783996,306,,
4784396,306,,
4784796,306,,
4785196,306,,
4785596,305,,
4786000,306,,
4786400,307,,
4786800,307,,
4787196,306,,
4787596,305,,
4788000,305,,
4788400,304,,
4788796,305,,
4789196,305,,
4789596,305,,
4790000,305,,
4790400,306,,
4790796,305,,
4791200,305,,
4791596,305,,
4792000,305,,
4792400,307,,
4792796,307,,
4793200,307,,
4793600,308,,
4794000,307,,
4794392,307,,
4794796,307,,
4795200,307,,
4795600,307,,
4796000,307,,
4796396,307,,
4796796,307,,
4797200,306,,
4797600,306,,
4797996,307,,
4798396,307,,
4798796,307,,
4799200,306,,
4799600,307,,
4799996,307,,
4800396,307,,
4800796,307,,
4801200,307,,
4801604,306,,
4801996,305,,
4802400,306,,
4802800,307,,
4803200,307,,
4803592,308,,
4804000,308,,
4804396,308,,
4804796,308,,
4805196,307,,
4805600,308,,
4806000,306,,
4806396,307,,
4806796,307,,
4807196,307,,
4807600,307,,
4808000,308,,
4808396,308,,
4808796,307,,
4809200,307,,
4809600,307,,
4810000,307,,
4810396,307,,
4810796,307,,
4811196,308,,
4811596,307,,
4811996,307,,
4812400,307,,
4812796,308,,
4813196,307,,
4813600,308,,
4813996,308,,
4814400,308,,
4814796,308,,
4815196,308,,
4815600,308,,
4816000,307,,
4816400,307,,
4816796,306,,
4817196,307,,
4817600,307,,
4818000,307,,
4818400,306,,
4818796,307,,
4819196,308,,
4819600,308,,
4819992,308,,
4820396,308,,
4820796,308,,
4821196,308,,
4821600,307,,
4821996,308,,
4822396,309,,
4822800,308,,
4823196,308,,
4823600,308,,
4823996,309,,
4824396,309,,
4824800,308,,
4825200,308,,
4825600,308,,
4825996,310,,
4826396,309,,
4826800,307,,
4827204,309,,
4827596,309,,
4827996,308,,
4828396,308,,
4828800,309,,
4829192,310,,
4829600,309,,
4830000,308,,
4830400,309,,
4830796,309,,
4831200,309,,
4831600,310,,
4831996,310,,
4832400,308,,
4832796,308,,
4833200,309,,
4833600,309,,
4833996,309,,
4834396,309,,
4834796,309,,
4835200,310,,
4835600,308,,
4835996,309,,
4836396,309,,
4836800,309,,
4837196,310,,
4837596,309,,
4838000,309,,
4838396,308,,
4838796,309,,
4839196,308,,
4839596,309,,
4840000,309,,
4840396,309,,
4840796,308,,
4841196,309,,
4841596,308,,
4842000,308,,
4842396,308,,
4842796,309,,
4843200,308,,
4843600,309,,
4844000,309,,
4844396,309,,
4844796,310,,
4845200,309,,
4845596,309,,
4845996,309,,
4846400,309,,
4846800,309,,
4847196,310,,
4847600,310,,
4847996,308,,
4848400,308,,
4848800,309,,
4849196,308,,
4849600,308,,
4850000,309,,
4850400,308,,
4850800,309,,
4851196,309,,
4851600,309,,
4852000,310,,
4852400,309,,
4852804,309,,
4853196,309,,
4853600,310,,
4854000,310,,
4854396,310,,
4854796,308,,
4855200,310,,
4855596,309,,
4855996,309,,
4856400,309,,
4856800,309,,
4857200,308,,
4857596,308,,
4857996,308,,
4858400,308,,
4858800,307,,
4859200,307,,
4859596,307,,
4859996,308,,
4860400,308,,
4860796,307,,
4861196,309,,
4861596,307,,
4861996,308,,
4862396,308,,
4862800,307,,
4863200,308,,
4863600,308,,
4863996,308,,
4864396,307,,
4864800,307,,
4865200,308,,
4865600,307,,
4865996,307,,
4866396,308,,
4866800,308,,
4867200,307,,
4867596,307,,
4868000,307,,
4868400,308,,
4868800,306,,
4869200,308,,
4869596,308,,
4870000,307,,
4870400,307,,
4870800,308,,
4871192,308,,
4871596,307,,
4872000,308,,
4872400,307,,
4872800,308,,
4873196,308,,
4873596,308,,
4874000,307,,
4874400,307,,
4874796,307,,
4875196,306,,
4875596,307,,
4876000,308,,
4876400,307,,
4876796,307,,
4877200,308,,
4877596,307,,
4878000,308,,
4878404,307,,
4878796,307,,
4879200,307,,
4879600,307,,
4880000,308,,
4880392,306,,
4880800,308,,
4881196,308,,
4881596,307,,
4881996,307,,
4882400,307,,
4882800,307,,
4883196,307,,
4883596,308,,
4884000,307,,
4884400,307,,
4884800,308,,
4885196,307,,
4885596,308,,
4886000,309,,
4886400,308,,
4886800,308,,
4887196,308,,
4887596,308,,
4887996,307,,
4888396,309,,
4888796,308,,
4889200,308,,
4889596,308,,
4889996,308,,
4890400,308,,
4890800,307,,
4891200,308,,
4891596,309,,
4891996,309,,
4892400,308,,
4892800,308,,
4893200,309,,
4893596,308,,
4893996,307,,
4894400,307,,
4894800,307,,
4895196,307,,
4895596,307,,
4895996,306,,
4896400,307,,
4896792,307,,
4897196,308,,
4897596,308,,
4897996,308,,
4898400,308,,
4898796,308,,
4899196,307,,
4899600,307,,
4900000,308,,
4900400,308,,
4900796,309,,
4901196,308,,
4901600,308,,
4902000,308,,
4902400,308,,
4902796,308,,
4903196,308,,
4903600,308,,
4904004,308,,
4904400,309,,
4904796,309,,
4905196,309,,
4905600,310,,
4905992,309,,
4906400,309,,
4906800,309,,
4907200,308,,
4907596,308,,
4908000,307,,
4908400,307,,
4908800,307,,
4909200,307,,
4909596,307,,
4910000,307,,
4910400,307,,
4910796,307,,
4911196,306,,
4911596,307,,
4912000,307,,
4912400,307,,
4912796,307,,
4913196,307,,
4913600,308,,
4913996,307,,
4914396,308,,
4914800,308,,
4915196,307,,
4915596,307,,
4915996,308,,
4916396,308,,
4916800,307,,
4917196,308,,
4917596,308,,
4918000,308,,
4918396,307,,
4918800,308,,
4919196,308,,
4919596,308,,
4920000,307,,
4920400,307,,
4920800,307,,
4921196,306,,
4921596,307,,
4922000,309,,
4922396,308,,
4922796,307,,
4923200,308,,
4923600,307,,
4923996,307,,
4924400,306,,
4924800,306,,
4925200,306,,
4925600,307,,
4925996,306,,
4926400,306,,
4926800,306,,
4927200,305,,
4927600,305,,
4927996,306,,
4928400,306,,
4928800,307,,
4929200,306,,
4929604,307,,
4929996,307,,
4930400,306,,
4930800,306,,
4931196,307,,
4931596,307,,
4932000,306,,
4932396,307,,
4932796,307,,
4933200,306,,
4933600,306,,
4934000,306,,
4934396,305,,
4934796,305,,
4935200,305,,
4935596,305,,
4936000,306,,
4936396,305,,
4936796,305,,
4937200,305,,
4937596,306,,
4937996,306,,
4938396,305,,
4938796,307,,
4939196,306,,
4939600,306,,
4940000,307,,
4940400,305,,
4940796,307,,
4941196,306,,
4941600,307,,
4942000,306,,
4942396,308,,
4942796,307,,
4943196,306,,
4943600,307,,
4944000,306,,
4944396,307,,
4944796,306,,
4945196,307,,
4945600,306,,
4946000,304,,
4946396,307,,
4946800,307,,
4947200,307,,
4947600,306,,
4947992,306,,
4948396,306,,
4948800,306,,
4949200,305,,
4949600,305,,
4949996,305,,
4950396,306,,
4950800,306,,
4951200,306,,
4951596,306,,
4951996,305,,
4952396,307,,
4952800,306,,
4953200,307,,
4953596,306,,
4954000,306,,
4954400,307,,
4954800,307,,
4955204,306,,
4955596,307,,
4956000,308,,
4956400,307,,
4956800,306,,
4957192,307,,
4957600,308,,
4957996,307,,
4958396,308,,
4958796,307,,
4959200,307,,
4959600,306,,
4959996,307,,
4960396,306,,
4960800,306,,
4961200,306,,
4961600,306,,
4961996,307,,
4962396,308,,
4962800,307,,
4963200,306,,
4963600,308,,
4963996,308,,
4964396,307,,
4964796,307,,
4965200,307,,
4965596,307,,
4966000,306,,
4966396,307,,
4966796,308,,
4967200,307,,
4967600,307,,
4968000,307,,
4968396,306,,
4968796,307,,
4969200,307,,
4969600,308,,
4970000,307,,
4970396,308,,
4970796,308,,
4971200,307,,
4971600,307,,
4971996,308,,
4972396,307,,
4972796,309,,
4973200,307,,
4973592,307,,
4973996,307,,
4974400,307,,
4974796,306,,
4975200,307,,
4975596,307,,
4975996,306,,
4976400,308,,
4976800,308,,
4977200,307,,
4977596,308,,
4977996,308,,
4978400,309,,
4978800,308,,
4979200,308,,
4979596,309,,
4979996,307,,
4980400,309,,
4980804,309,,
4981196,309,,
4981596,309,,
4981996,307,,
4982400,308,,
4982792,308,,
4983200,309,,
4983600,308,,
4984000,309,,
4984396,308,,
4984800,308,,
4985200,308,,
4985600,308,,
4986000,309,,
4986396,308,,
4986800,308,,
4987200,307,,
4987596,307,,
4987996,307,,
4988396,307,,
4988800,307,,
4989200,308,,
4989596,308,,
4989996,308,,
4990400,308,,
4990796,307,,
4991196,307,,
4991600,309,,
4991996,308,,
4992400,308,,
4992796,309,,
4993196,309,,
4993600,309,,
4993996,309,,
4994396,310,,
4994796,309,,
4995200,309,,
4995600,309,,
4995996,308,,
4996396,308,,
4996800,308,,
4997200,309,,
4997600,308,,
4997996,308,,
4998396,310,,
4998800,308,,
4999192,309,,
4999600,309,,
4999996,309,,
5000396,308,,
5000800,308,,
5001196,308,,
5001596,309,,
5001996,308,,
5002396,309,,
5002800,309,,
5003196,309,,
5003596,308,,
5004000,309,,
5004396,308,,
5004800,307,,
5005196,307,,
5005596,308,,
5006000,307,,
5006404,307,,
5006800,307,,
5007196,307,,
5007596,307,,
5008000,307,,
5008392,308,,
5008796,307,,
5009200,307,,
5009600,307,,
5009996,307,,
5010400,307,,
5010800,307,,
5011200,306,,
5011600,307,,
5011996,307,,
5012400,308,,
5012800,307,,
5013200,308,,
5013600,308,,
5013996,308,,
5014400,309,,
5014800,308,,
5015196,309,,
5015596,308,,
5016000,307,,
5016396,307,,
5016796,305,,
5017200,299,,
5017604,300,,
5018000,297,,
5018396,383,,
5018796,291,,
5019200,351,,
5019600,288,,
5020000,310,,
5020396,580,,
5020800,346,,5020428
5021200,0,,
5021596,597,,
5022000,157,,
5022400,2,,
5022796,151,,
5023200,368,,
5023600,268,,
5024000,269,,
5024396,257,,
5024796,332,,
5025200,365,,
5025600,243,,
5025996,279,,
5026400,328,,
5026800,310,,
5027196,341,,
5027600,310,,
5028000,296,,
5028400,280,,
5028796,316,,
5029200,279,,
5029600,295,,
5029996,292,,
5030400,302,,
5030800,293,,
5031200,327,,
5031596,311,,
5032008,320,,
5032400,328,,
5032796,299,,
5033200,318,,
5033600,314,,
5033996,307,,
5034396,323,,
5034800,327,,
5035200,295,,
5035600,310,,
5035996,297,,
5036400,310,,
5036800,343,,
5037196,287,,
5037600,314,,
5038000,302,,
5038400,323,,
5038796,295,,
5039200,302,,
5039600,311,,
5039996,326,,
5040400,326,,
5040800,309,,
5041196,310,,
5041600,308,,
5041996,302,,
5042400,311,,
5042800,321,,
5043196,318,,
5043600,318,,
5044000,289,,
5044400,310,,
5044796,319,,
5045200,319,,
5045600,299,,
5045996,295,,
5046400,286,,
5046800,320,,
5047196,344,,
5047596,312,,
5048000,321,,
5048400,312,,
5048796,315,,
5049200,299,,
5049600,324,,
5049996,293,,
5050396,298,,
5050800,315,,
5051200,319,,
5051600,315,,
5051996,319,,
5052400,294,,
5052800,335,,
5053200,311,,
5053596,298,,
5054000,308,,
5054400,309,,
5054796,305,,
5055200,311,,
5055600,319,,
5056000,324,,
5056396,296,,
5056800,297,,
5057200,301,,
5057604,313,,
5058000,299,,
5058400,300,,
5058800,301,,
5059196,313,,
5059596,313,,
5060000,294,,
5060400,314,,
5060796,304,,
5061200,316,,
5061600,300,,
5061996,316,,
5062400,314,,
5062800,315,,
5063200,297,,
5063596,295,,
5064000,312,,
5064400,315,,
5064796,311,,
5065200,304,,
5065600,308,,
5066000,306,,
5066396,309,,
5066796,302,,
5067200,318,,
5067596,308,,
5068000,302,,
5068400,314,,
5068796,305,,
5069196,308,,
5069600,306,,
5070000,306,,
5070396,313,,
5070800,320,,
5071200,312,,
5071600,295,,
5071996,310,,
5072400,310,,
5072800,303,,
5073196,310,,
5073600,308,,
5074000,311,,
5074396,309,,
5074800,307,,
5075200,305,,
5075600,312,,
5075992,309,,
5076400,299,,
5076800,309,,
5077196,307,,
5077600,308,,
5078000,306,,
5078400,302,,
5078796,308,,
5079200,305,,
5079600,306,,
5079996,305,,
5080400,306,,
5080800,306,,
5081200,305,,
5081596,305,,
5082000,311,,
5082400,310,,
5082796,308,,
5083208,303,,
5083600,304,,
5084000,306,,
5084396,306,,
5084800,307,,
5085196,306,,
5085600,302,,
5085996,304,,
5086400,304,,
5086800,303,,
5087196,305,,
5087596,294,,
5088000,306,,
5088400,306,,
5088796,304,,
5089200,309,,
5089600,305,,
5089996,310,,
5090396,300,,
5090800,302,,
5091200,309,,
5091596,302,,
5092000,304,,
5092396,307,,
5092800,307,,
5093196,305,,
5093600,305,,
5094000,312,,
5094396,302,,
5094796,310,,
5095200,300,,
5095600,309,,
5095996,309,,
5096400,307,,
5096800,306,,
5097196,310,,
5097596,309,,
5098000,310,,
5098400,304,,
5098796,308,,
5099200,308,,
5099600,307,,
5099996,306,,
5100400,306,,
5100800,306,,
5101200,309,,
5101592,305,,
5102000,312,,
5102400,310,,
5102796,311,,
5103200,310,,
5103600,308,,
5104000,312,,
5104396,309,,
5104800,309,,
5105200,305,,
5105596,307,,
5106000,309,,
5106400,309,,
5106800,308,,
5107196,308,,
5107600,305,,
5108000,312,,
5108396,309,,
5108808,309,,
5109200,305,,
5109596,308,,
5109996,306,,
5110400,310,,
5110796,310,,
5111200,311,,
5111596,307,,
5112000,309,,
5112400,310,,
5112796,311,,
5113200,305,,
5113600,310,,
5114000,308,,
5114396,307,,
5114800,303,,
5115200,306,,
5115596,307,,
5116000,307,,
5116400,307,,
5116796,306,,
5117196,307,,
5117600,309,,
5117996,306,,
5118400,307,,
5118796,308,,
5119200,304,,
5119600,308,,
5119996,308,,
5120400,307,,
5120800,307,,
5121200,308,,
5121596,309,,
5122000,309,,
5122400,307,,
5122796,310,,
5123196,306,,
5123600,310,,
5124000,307,,
5124396,310,,
5124800,309,,
5125200,308,,
5125596,310,,
5126000,309,,
5126400,309,,
5126800,309,,
5127192,308,,
5127600,308,,
5128000,308,,
5128396,308,,
5128800,308,,
5129200,308,,
5129600,306,,
5129996,309,,
5130400,309,,
5130800,308,,
5131196,306,,
5131600,307,,
5132000,308,,
5132400,308,,
5132796,306,,
5133200,306,,
5133600,306,,
5133996,306,,
5134408,308,,
5134800,305,,
5135196,307,,
5135596,305,,
5136000,308,,
5136396,306,,
5136800,307,,
5137196,308,,
5137600,308,,
5138000,306,,
5138396,309,,
5138800,307,,
5139200,305,,
5139600,307,,
5139996,308,,
5140400,311,,
5140800,310,,
5141196,309,,
5141600,310,,
5142000,308,,
5142396,310,,
5142796,307,,
5143200,309,,
5143596,310,,
5144000,310,,
5144396,307,,
5144800,307,,
5145200,310,,
5145596,309,,
5146000,308,,
5146400,309,,
5146800,309,,
5147196,308,,
5147600,308,,
5148000,310,,
5148396,310,,
5148800,309,,
5149200,310,,
5149596,309,,
5149996,309,,
5150400,309,,
5150800,309,,
5151196,309,,
5151600,309,,
5152000,309,,
5152396,308,,
5152796,310,,
5153200,309,,
5153600,306,,
5154000,308,,
5154396,309,,
5154800,308,,
5155200,308,,
5155600,308,,
5155996,310,,
5156400,308,,
5156800,309,,
5157200,310,,
5157596,309,,
5158000,308,,
5158400,310,,
5158796,309,,
5159200,309,,
5159600,308,,
5160004,309,,
5160400,311,,
5160800,310,,
5161200,308,,
5161596,308,,
5161996,308,,
5162400,307,,
5162800,308,,
5163196,308,,
5163600,307,,
5164000,307,,
5164400,307,,
5164796,308,,
5165200,309,,
5165600,309,,
5165996,308,,
5166400,310,,
5166800,308,,
5167200,309,,
5167596,308,,
5168000,309,,
5168400,309,,
5168796,310,,
5169196,309,,
5169600,309,,
5169996,309,,
5170396,309,,
5170800,309,,
5171200,308,,
5171596,310,,
5172000,307,,
5172400,307,,
5172800,308,,
5173196,309,,
5173600,309,,
5174000,310,,
5174396,310,,
5174800,309,,
5175200,310,,
5175600,308,,
5175996,310,,
5176400,309,,
5176800,309,,
5177196,308,,
5177600,310,,
5178000,308,,
5178392,308,,
5178800,308,,
5179200,309,,
5179600,309,,
5179996,309,,
5180400,308,,
5180800,309,,
5181200,310,,
5181596,309,,
5182000,309,,
5182400,309,,
5182800,309,,
5183196,309,,
5183600,308,,
5184000,308,,
5184396,310,,
5184800,309,,
5185200,308,,
5185604,308,,
5185996,308,,
5186400,309,,
5186800,308,,
5187196,307,,
5187596,307,,
5188000,307,,
5188400,306,,
5188796,307,,
5189200,306,,
5189600,306,,
5190000,307,,
5190396,308,,
5190800,307,,
5191200,307,,
5191596,308,,
5192000,307,,
5192400,308,,
5192800,309,,
5193196,308,,
5193600,307,,
5194000,307,,
5194396,308,,
5194796,309,,
5195200,308,,
5195596,311,,
5195996,308,,
5196400,308,,
5196800,309,,
5197196,309,,
5197600,308,,
5198000,309,,
5198396,309,,
5198800,309,,
5199200,308,,
5199600,307,,
5199996,308,,
5200400,308,,
5200800,308,,
5201196,308,,
5201600,309,,
5202000,308,,
5202400,307,,
5202796,307,,
5203200,307,,
5203600,307,,
5203992,307,,
5204400,307,,
5204800,307,,
5205200,307,,
5205596,306,,
5206000,306,,
5206400,306,,
5206800,307,,
5207196,308,,
5207600,308,,
5208000,307,,
5208396,307,,
5208800,307,,
5209200,307,,
5209600,307,,
5209996,307,,
5210400,306,,
5210800,307,,
5211204,308,,
5211596,308,,
5212000,308,,
5212400,309,,
5212796,309,,
5213196,308,,
5213600,307,,
5214000,307,,
5214396,307,,
5214800,307,,
5215200,306,,
5215600,306,,
5215996,307,,
5216400,307,,
5216800,306,,
5217196,307,,
5217600,307,,
5218000,306,,
5218400,307,,
5218796,307,,
5219200,307,,
5219600,306,,
5220000,307,,
5220392,306,,
5220800,306,,
5221196,307,,
5221596,307,,
5221996,307,,
5222404,307,,
5222800,307,,
5223196,308,,
5223596,308,,
5224000,307,,
5224400,306,,
5224800,306,,
5225196,307,,
5225596,306,,
5226000,307,,
5226400,307,,
5226800,307,,
5227196,306,,
5227596,307,,
5228000,308,,
5228396,307,,
5228800,308,,
5229196,307,,
5229596,307,,
5229996,306,,
5230400,306,,
5230800,306,,
5231200,307,,
5231596,307,,
5231996,306,,
5232400,307,,
5232800,308,,
5233200,306,,
5233596,307,,
5233996,307,,
5234400,307,,
5234800,307,,
5235196,307,,
5235596,306,,
5235996,308,,
5236400,308,,
5236804,309,,
5237196,308,,
5237596,307,,
5237996,307,,
5238400,307,,
5238792,307,,
5239200,307,,
5239600,308,,
5240000,308,,
5240396,307,,
5240800,307,,
5241200,308,,
5241596,308,,
5241996,307,,
5242396,308,,
5242800,308,,
5243200,309,,
5243596,308,,
5243996,308,,
5244396,309,,
5244800,308,,
5245200,308,,
5245596,308,,
5245996,309,,
5246400,308,,
5246796,308,,
5247196,308,,
5247600,309,,
5247996,309,,
5248396,309,,
5248796,309,,
5249196,307,,
5249600,308,,
5249996,308,,
5250396,308,,
5250800,308,,
5251200,308,,
5251600,308,,
5251996,308,,
5252396,307,,
5252800,307,,
5253200,308,,
5253600,308,,
5253996,307,,
5254396,307,,
5254800,307,,
5255192,308,,
5255596,307,,
5255996,307,,
5256396,306,,
5256800,306,,
5257196,307,,
5257596,305,,
5258000,307,,
5258396,307,,
5258800,307,,
5259196,306,,
5259596,306,,
5260000,306,,
5260400,306,,
5260800,306,,
5261196,307,,
5261596,307,,
5262000,306,,
5262404,306,,
5262800,307,,
5263196,305,,
5263596,306,,
5264000,306,,
5264392,307,,
5264800,306,,
5265200,307,,
5265600,307,,
5265996,306,,
5266400,307,,
5266800,307,,
5267200,305,,
5267600,306,,
5267996,307,,
5268400,306,,
5268800,307,,
5269196,307,,
5269600,308,,
5269996,307,,
5270400,307,,
5270800,308,,
5271196,306,,
5271596,307,,
5272000,307,,
5272396,309,,
5272796,308,,
5273200,308,,
5273604,310,,
5274000,308,,
5274396,309,,
5274796,309,,
5275200,308,,
5275596,308,,
5275996,309,,
5276396,308,,
5276796,307,,
5277200,308,,
5277596,307,,
5277996,308,,
5278396,307,,
5278796,307,,
5279200,307,,
5279596,307,,
5279996,307,,
5280400,308,,
5280796,307,,
5281196,307,,
5281600,306,,
5282000,306,,
5282396,306,,
5282796,306,,
5283196,307,,
5283600,307,,
5284000,306,,
5284396,308,,
5284800,307,,
5285196,308,,
5285600,308,,
5286000,309,,
5286396,308,,
5286800,308,,
5287200,309,,
5287600,308,,
5288004,309,,
5288396,308,,
5288800,310,,
5289200,309,,
5289600,309,,
5289992,311,,
5290400,309,,
5290796,310,,
5291196,310,,
5291600,309,,
5292000,309,,
5292400,309,,
5292796,307,,
5293196,309,,
5293600,308,,
5294000,308,,
5294400,308,,
5294796,309,,
5295196,307,,
5295600,308,,
5295996,308,,
5296396,308,,
5296796,307,,
5297196,308,,
5297596,307,,
5298000,307,,
5298400,307,,
5298800,307,,
5299196,307,,
5299596,307,,
5300000,307,,
5300400,308,,
5300796,308,,
5301196,308,,
5301596,306,,
5302000,308,,
5302400,308,,
5302796,307,,
5303196,308,,
5303596,307,,
5304000,306,,
5304400,308,,
5304796,307,,
5305200,308,,
5305600,307,,
5306000,308,,
5306392,308,,
5306796,307,,
5307200,308,,
5307600,308,,
5308000,307,,
5308396,307,,
5308796,308,,
5309200,307,,
5309600,307,,
5310000,307,,
5310396,308,,
5310796,307,,
5311200,307,,
5311600,306,,
5311996,306,,
5312396,306,,
5312796,306,,
5313200,307,,
5313604,307,,
5313996,307,,
5314400,306,,
5314796,306,,
5315200,305,,
5315592,306,,
5316000,307,,
5316396,307,,
5316800,307,,
5317196,306,,
5317600,307,,
5318000,306,,
5318396,306,,
5318796,306,,
5319196,306,,
5319600,306,,
5320000,306,,
5320396,307,,
5320796,308,,
5321200,306,,
5321600,306,,
5322000,307,,
5322396,307,,
5322796,307,,
5323196,307,,
5323596,307,,
5323996,307,,
5324400,307,,
5324796,307,,
5325196,307,,
5325596,306,,
5325996,306,,
5326400,307,,
5326796,307,,
5327196,306,,
5327600,308,,
5328000,307,,
5328400,306,,
5328796,307,,
5329196,306,,
5329600,307,,
5330000,306,,
5330400,306,,
5330796,307,,
5331196,306,,
5331600,306,,
5331992,306,,
5332396,305,,
5332796,306,,
5333196,306,,
5333600,306,,
5333996,306,,
5334396,306,,
5334796,306,,
5335196,306,,
5335600,306,,
5335996,306,,
5336396,306,,
5336800,306,,
5337200,306,,
5337600,307,,
5337996,307,,
5338396,306,,
5338800,306,,
5339204,306,,
5339596,307,,
5339996,306,,
5340396,306,,
5340800,307,,
5341192,308,,
5341600,307,,
5342000,306,,
5342400,307,,
5342796,307,,
5343200,306,,
5343600,307,,
5344000,308,,
5344400,307,,
5344796,307,,
5345200,307,,
5345600,307,,
5345996,306,,
5346396,307,,
5346796,306,,
5347200,306,,
5347600,305,,
5347996,305,,
5348396,306,,
5348800,305,,
5349196,306,,
5349596,305,,
5350000,306,,
5350396,306,,
5350800,305,,
5351196,305,,
5351596,304,,
5352000,306,,
5352396,305,,
5352796,305,,
5353196,306,,
5353596,306,,
5354000,305,,
5354396,306,,
5354796,305,,
5355200,304,,
5355596,304,,
5356000,304,,
5356396,304,,
5356796,305,,
5357200,306,,
5357596,306,,
5357996,305,,
5358400,306,,
5358800,306,,
5359196,306,,
5359596,306,,
5359996,307,,
5360400,306,,
5360800,306,,
5361196,307,,
5361600,306,,
5362000,307,,
5362400,306,,
5362800,307,,
5363196,305,,
5363600,306,,
5364000,306,,
5364400,305,,
5364804,305,,
5365196,307,,
5365600,306,,
5366000,306,,
5366400,307,,
5366792,306,,
5367200,305,,
5367596,307,,
5367996,307,,
5368400,306,,
5368800,306,,
5369200,307,,
5369596,306,,
5369996,307,,
5370400,306,,
5370800,306,,
5371200,308,,
5371596,307,,
5371996,307,,
5372400,306,,
5372796,306,,
5373200,307,,
5373596,305,,
5373996,306,,
5374396,305,,
5374800,304,,
5375200,305,,
5375600,304,,
5375996,305,,
5376396,305,,
5376800,305,,
5377200,305,,
5377600,304,,
5377996,306,,
5378396,305,,
5378800,306,,
5379200,305,,
5379596,305,,
5380000,307,,
5380396,306,,
5380800,306,,
5381200,306,,
5381596,305,,
5382000,306,,
5382400,306,,
5382800,306,,
5383192,306,,
5383596,306,,
5384000,306,,
5384400,306,,
5384800,306,,
5385196,306,,
5385596,308,,
5386000,307,,
5386400,307,,
5386796,308,,
5387196,306,,
5387596,307,,
5388000,306,,
5388400,306,,
5388796,307,,
5389196,306,,
5389596,306,,
5390000,306,,
5390404,307,,
5390796,306,,
5391200,307,,
5391600,307,,
5392000,306,,
5392392,308,,
5392800,307,,
5393196,308,,
5393596,308,,
5393996,308,,
5394400,308,,
5394800,307,,
5395196,307,,
5395596,307,,
5395996,308,,
5396400,308,,
5396800,308,,
5397196,308,,
5397596,308,,
5398000,307,,
5398400,308,,
5398800,308,,
5399196,308,,
5399596,307,,
5399996,307,,
5400396,306,,
5400796,309,,
5401200,308,,
5401596,308,,
5401996,308,,
5402400,308,,
5402796,308,,
5403200,308,,
5403596,308,,
5403996,308,,
5404400,309,,
5404800,309,,
5405200,309,,
5405596,309,,
5405996,308,,
5406400,308,,
5406800,308,,
5407200,309,,
5407596,308,,
5407996,307,,
5408400,308,,
5408792,309,,
5409196,308,,
5409596,307,,
5409996,308,,
5410400,307,,
5410796,307,,
5411196,307,,
5411600,307,,
5411996,308,,
5412400,308,,
5412796,308,,
5413196,309,,
5413600,308,,
5414000,309,,
5414400,308,,
5414796,309,,
5415196,308,,
5415600,307,,
5416008,307,,
5416400,308,,
5416796,307,,
5417196,307,,
5417600,307,,
5417992,308,,
5418400,308,,
5418800,309,,
5419200,309,,
5419596,308,,
5420000,308,,
5420400,309,,
5420800,309,,
5421200,309,,
5421596,308,,
5422000,307,,
5422400,307,,
5422796,309,,
5423196,308,,
5423596,308,,
5424000,308,,
5424400,308,,
5424796,308,,
5425196,307,,
5425600,306,,
5425996,307,,
5426396,307,,
5426800,307,,
5427196,307,,
5427596,307,,
5427996,306,,
5428396,306,,
5428800,308,,
5429196,307,,
5429596,308,,
5429996,308,,
5430396,307,,
5430800,308,,
5431196,308,,
5431596,308,,
5432000,308,,
5432400,307,,
5432800,307,,
5433196,306,,
5433596,308,,
5434000,308,,
5434396,309,,
5434796,309,,
5435200,309,,
5435600,308,,
5435996,308,,
5436400,308,,
5436796,307,,
5437200,307,,
5437600,307,,
5437996,308,,
5438400,307,,
5438800,307,,
5439200,308,,
5439600,307,,
5439996,308,,
5440400,307,,
5440800,307,,
5441200,307,,
5441604,306,,
5441996,307,,
5442400,307,,
5442800,306,,
5443196,307,,
5443596,307,,
5444000,306,,
5444396,307,,
5444796,307,,
5445200,307,,
5445600,308,,
5446000,307,,
5446396,307,,
5446796,308,,
5447200,308,,
5447600,308,,
5448000,307,,
5448396,308,,
5448796,307,,
5449200,308,,
5449596,308,,
5449996,307,,
5450396,308,,
5450796,307,,
5451196,309,,
5451600,307,,
5452000,307,,
5452400,307,,
5452796,308,,
5453196,308,,
5453600,308,,
5454000,307,,
5454400,308,,
5454796,308,,
5455196,307,,
5455600,307,,
5456000,308,,
5456396,307,,
5456796,307,,
5457196,306,,
5457600,307,,
5458000,307,,
5458396,307,,
5458800,308,,
5459196,306,,
5459600,305,,
5459992,306,,
5460396,307,,
5460800,307,,
5461200,306,,
5461600,306,,
5461996,307,,
5462396,308,,
5462800,307,,
5463200,307,,
5463600,307,,
5463996,308,,
5464396,308,,
5464800,308,,
5465200,308,,
5465596,308,,
5466000,307,,
5466396,307,,
5466800,308,,
5467204,308,,
5467596,308,,
5468000,308,,
5468400,308,,
5468800,309,,
5469192,308,,
5469600,308,,
5469996,308,,
5470396,308,,
5470796,308,,
5471200,308,,
5471600,308,,
5471996,309,,
5472396,308,,
5472800,308,,
5473200,308,,
5473600,308,,
5473996,306,,
5474396,308,,
5474800,309,,
5475200,308,,
5475600,307,,
5475996,308,,
5476396,308,,
5476796,307,,
5477196,308,,
5477596,309,,
5478000,308,,
5478396,308,,
5478796,309,,
5479200,308,,
5479600,308,,
5480000,308,,
5480396,308,,
5480796,309,,
5481200,308,,
5481600,308,,
5482000,308,,
5482396,308,,
5482796,308,,
5483200,308,,
5483600,307,,
5483996,308,,
5484396,308,,
5484796,307,,
5485200,307,,
5485592,307,,
5485996,307,,
5486396,308,,
5486796,308,,
5487200,308,,
5487596,308,,
5487996,307,,
5488400,308,,
5488800,308,,
5489200,310,,
5489596,308,,
5489996,309,,
5490400,309,,
5490800,308,,
5491200,310,,
5491596,307,,
5491996,309,,
5492400,308,,
5492804,308,,
5493200,309,,
5493596,308,,
5493996,308,,
5494400,308,,
5494792,308,,
5495200,307,,
5495600,307,,
5496000,307,,
5496396,307,,
5496800,306,,
5497200,307,,
5497600,307,,
5498000,307,,
5498396,307,,
5498800,307,,
5499200,307,,
5499596,308,,
5500000,308,,
5500396,308,,
5500800,307,,
5501200,308,,
5501596,308,,
5501996,307,,
5502400,309,,
5502796,307,,
5503196,309,,
5503600,309,,
5504008,310,,
5504400,308,,
5504796,307,,
5505196,309,,
5505600,307,,
5505996,308,,
5506396,308,,
5506796,308,,
5507196,307,,
5507600,307,,
5507996,307,,
5508396,307,,
5508800,307,,
5509200,307,,
5509600,306,,
5509996,307,,
5510396,307,,
5510800,307,,
5511196,307,,
5511596,307,,
5512000,307,,
5512400,306,,
5512796,306,,
5513200,307,,
5513600,307,,
5514000,307,,
5514400,308,,
5514796,307,,
5515200,307,,
5515600,307,,
5516000,307,,
5516400,306,,
5516796,307,,
5517200,307,,
5517600,307,,
5518000,308,,
5518404,308,,
5518796,308,,
5519200,309,,
5519600,307,,
5519996,307,,
5520396,307,,
5520800,307,,
5521196,307,,
5521596,307,,
5522000,308,,
5522400,308,,
5522800,308,,
5523196,307,,
5523596,307,,
5524000,307,,
5524396,308,,
5524800,307,,
5525196,306,,
5525596,307,,
5526000,307,,
5526396,306,,
5526796,308,,
5527196,307,,
5527596,307,,
5527996,308,,
5528400,307,,
5528800,306,,
5529200,306,,
5529596,306,,
5529996,307,,
5530400,307,,
5530800,307,,
5531196,308,,
5531596,307,,
5531996,306,,
5532400,307,,
5532800,307,,
5533196,306,,
5533596,307,,
5533996,306,,
5534400,306,,
5534800,306,,
5535196,305,,
5535600,307,,
5536000,306,,
5536400,308,,
5536792,308,,
5537196,307,,
5537600,308,,
5538000,308,,
5538400,308,,
5538796,308,,
5539196,307,,
5539600,307,,
5540000,307,,
5540396,308,,
5540796,307,,
5541196,308,,
5541600,308,,
5542000,308,,
5542396,308,,
5542796,309,,
5543196,309,,
5543600,308,,
5544004,308,,
5544396,307,,
5544800,308,,
5545200,309,,
5545600,308,,
5545992,308,,
5546400,307,,
5546796,308,,
5547196,308,,
5547596,307,,
5548000,306,,
5548400,306,,
5548796,307,,
5549196,307,,
5549596,306,,
5550000,306,,
5550400,306,,
5550796,307,,
5551196,307,,
5551600,307,,
5552000,308,,
5552400,308,,
5552796,308,,
5553196,307,,
5553596,308,,
5554000,308,,
5554396,307,,
5554800,308,,
5555196,308,,
5555596,308,,
5556000,308,,
5556400,307,,
5556800,309,,
5557196,308,,
5557596,308,,
5558000,309,,
5558400,308,,
5558800,309,,
5559196,309,,
5559596,309,,
5560000,308,,
5560400,309,,
5560796,308,,
5561196,309,,
5561596,307,,
5562000,307,,
5562392,307,,
5562796,307,,
5563200,309,,
5563596,308,,
5564000,308,,
5564396,307,,
5564796,307,,
5565200,307,,
5565600,307,,
5566000,307,,
5566396,308,,
5566796,308,,
5567200,308,,
5567600,306,,
5568000,307,,
5568396,308,,
5568796,307,,
5569200,307,,
5569604,308,,
5569996,308,,
5570396,307,,
5570796,307,,
5571200,307,,
5571592,308,,
5572000,308,,
5572400,308,,
5572800,308,,
5573196,307,,
5573600,308,,
5574000,307,,
5574400,307,,
5574800,308,,
5575196,308,,
5575600,309,,
5576000,307,,
5576396,308,,
5576796,309,,
5577196,308,,
5577600,309,,
5578000,308,,
5578396,308,,
5578796,308,,
5579200,308,,
5579596,308,,
5579996,308,,
5580400,307,,
5580796,308,,
5581200,307,,
5581596,307,,
5581996,307,,
5582400,305,,
5582796,307,,
5583196,307,,
5583596,306,,
5583996,307,,
5584400,307,,
5584796,307,,
5585196,307,,
5585600,307,,
5585996,307,,
5586400,306,,
5586796,306,,
5587196,306,,
5587600,306,,
5587996,306,,
5588396,307,,
5588800,307,,
5589200,307,,
5589596,306,,
5589996,307,,
5590396,306,,
5590800,307,,
5591200,307,,
5591596,307,,
5592000,307,,
5592400,307,,
5592800,308,,
5593200,308,,
5593596,307,,
5594000,308,,
5594400,308,,
5594796,308,,
5595204,307,,
5595596,307,,
5596000,308,,
5596400,308,,
5596796,308,,
5597196,307,,
5597600,307,,
5597996,307,,
5598396,306,,
5598800,307,,
5599200,307,,
5599600,307,,
5599996,307,,
5600396,308,,
5600800,307,,
5601196,307,,
5601596,307,,
5601996,307,,
5602396,308,,
5602800,306,,
5603196,307,,
5603596,306,,
5603996,306,,
5604396,306,,
5604796,307,,
5605200,308,,
5605600,306,,
5606000,307,,
5606396,307,,
5606796,306,,
5607200,306,,
5607600,306,,
5607996,307,,
5608396,305,,
5608796,305,,
5609200,306,,
5609600,306,,
5609996,306,,
5610400,305,,
5610796,306,,
5611200,306,,
5611600,306,,
5611996,306,,
5612400,307,,
5612800,306,,
5613200,306,,
5613592,306,,
5613996,307,,
5614400,307,,
5614800,307,,
5615200,306,,
5615596,305,,
5615996,305,,
5616400,305,,
5616800,306,,
5617196,306,,
5617596,307,,
5617996,307,,
5618400,307,,
5618800,308,,
5619196,307,,
5619600,305,,
5619996,306,,
5620400,306,,
5620804,307,,
5621196,306,,
5621600,307,,
5622000,307,,
5622400,307,,
5622792,307,,
5623200,306,,
5623596,305,,
5623996,307,,
5624396,307,,
5624800,307,,
5625200,307,,
5625596,307,,
5625996,308,,
5626400,308,,
5626800,309,,
5627200,308,,
5627596,308,,
5627996,308,,
5628400,307,,
5628800,307,,
5629200,308,,
5629596,308,,
5629996,308,,
5630396,308,,
5630796,307,,
5631196,307,,
5631600,307,,
5631996,306,,
5632396,306,,
5632800,307,,
5633200,307,,
5633600,307,,
5633996,307,,
5634396,307,,
5634800,308,,
5635200,307,,
5635596,308,,
5635996,308,,
5636396,307,,
5636800,307,,
5637200,307,,
5637596,307,,
5637996,307,,
5638396,308,,
5638800,307,,
5639192,306,,
5639596,306,,
5640000,307,,
5640400,307,,
5640800,307,,
5641196,307,,
5641596,308,,
5642000,307,,
5642400,307,,
5642800,307,,
5643196,307,,
5643596,306,,
5644000,307,,
5644400,308,,
5644800,308,,
5645196,307,,
5645596,308,,
5646000,308,,
5646404,309,,
5646796,308,,
5647196,308,,
5647596,308,,
5648000,307,,
5648392,307,,
5648800,306,,
5649200,309,,
5649600,307,,
5649996,308,,
5650400,308,,
5650800,307,,
5651196,307,,
5651600,307,,
5651996,307,,
5652400,308,,
5652800,307,,
5653196,307,,
5653596,307,,
5653996,306,,
5654400,307,,
5654800,307,,
5655196,306,,
5655596,307,,
5656000,307,,
5656396,307,,
5656796,306,,
5657200,307,,
5657596,307,,
5657996,307,,
5658396,307,,
5658796,307,,
5659200,307,,
5659596,307,,
5659996,307,,
5660396,308,,
5660796,308,,
5661200,308,,
5661596,308,,
5661996,308,,
5662400,309,,
5662800,308,,
5663200,308,,
5663596,308,,
5663996,307,,
5664400,308,,
5664796,307,,
5665196,307,,
5665600,308,,
5666000,308,,
5666396,308,,
5666800,307,,
5667196,306,,
5667600,307,,
5668000,307,,
5668396,307,,
5668800,307,,
5669200,307,,
5669600,306,,
5670000,308,,
5670396,307,,
5670800,307,,
5671200,308,,
5671600,307,,
5672004,308,,
5672396,308,,
5672800,307,,
5673200,308,,
5673596,307,,
5673996,308,,
5674400,308,,
5674796,307,,
5675196,308,,
5675600,307,,
5676000,308,,
5676400,307,,
5676796,308,,
5677196,308,,
5677600,307,,
5677996,307,,
5678396,307,,
5678796,308,,
5679196,307,,
5679600,307,,
5679996,307,,
5680396,309,,
5680800,309,,
5681196,307,,
5681600,307,,
5681996,309,,
5682396,307,,
5682800,307,,
5683204,308,,
5683600,307,,
5683996,306,,
5684396,308,,
5684800,308,,
5685196,308,,
5685600,307,,
5685996,308,,
5686396,309,,
5686800,307,,
5687196,307,,
5687596,307,,
5687996,309,,
5688396,308,,
5688800,308,,
5689196,308,,
5689596,308,,
5690000,307,,
5690396,309,,
5690796,307,,
5691200,308,,
5691600,309,,
5691996,307,,
5692396,307,,
5692796,308,,
5693200,308,,
5693600,307,,
5693996,308,,
5694396,308,,
5694796,308,,
5695200,308,,
5695600,307,,
5695996,307,,
5696400,308,,
5696800,308,,
5697200,308,,
5697604,308,,
5697996,308,,
5698400,307,,
5698800,308,,
5699200,308,,
5699592,307,,
5700000,307,,
5700396,307,,
5700796,308,,
5701196,308,,
5701600,307,,
5702000,308,,
5702396,307,,
5702796,308,,
5703200,308,,
5703600,308,,
5704000,307,,
5704396,309,,
5704796,308,,
5705200,308,,
5705600,309,,
5706000,308,,
5706396,307,,
5706796,308,,
5707196,308,,
5707600,308,,
5707996,309,,
5708400,308,,
5708796,308,,
5709196,308,,
5709600,307,,
5710000,309,,
5710400,309,,
5710796,308,,
5711196,308,,
5711600,308,,
5712000,307,,
5712400,308,,
5712796,307,,
5713196,307,,
5713600,307,,
5714000,307,,
5714396,308,,
5714796,307,,
5715196,306,,
5715600,307,,
5715992,307,,
5716396,307,,
5716796,307,,
5717196,305,,
5717600,306,,
5717996,306,,
5718396,306,,
5718800,307,,
5719200,306,,
5719600,306,,
5719996,306,,
5720396,307,,
5720800,308,,
5721200,307,,
5721596,308,,
5721996,306,,
5722396,306,,
5722800,306,,
5723204,307,,
5723596,308,,
5723996,308,,
5724396,308,,
5724800,307,,
5725192,306,,
5725600,307,,
5726000,308,,
5726400,308,,
5726796,308,,
5727200,308,,
5727600,309,,
5727996,308,,
5728396,307,,
5728796,307,,
5729200,307,,
5729600,307,,
5729996,307,,
5730396,308,,
5730796,307,,
5731200,308,,
5731600,308,,
5731996,308,,
5732396,307,,
5732800,307,,
5733196,307,,
5733596,307,,
5734000,307,,
5734396,307,,
5734796,307,,
5735196,307,,
5735596,308,,
5736000,308,,
5736396,308,,
5736796,307,,
5737200,307,,
5737596,307,,
5738000,307,,
5738396,309,,
5738796,307,,
5739200,307,,
5739600,306,,
5740000,307,,
5740396,307,,
5740796,309,,
5741200,308,,
5741592,309,,
5742000,309,,
5742396,309,,
5742796,309,,
5743200,309,,
5743596,309,,
5743996,309,,
5744396,309,,
5744796,308,,
5745200,309,,
5745596,308,,
5745996,309,,
5746400,308,,
5746796,309,,
5747200,309,,
5747596,308,,
5747996,309,,
5748400,308,,
5748804,308,,
5749200,309,,
5749596,308,,
5749996,308,,
5750400,308,,
5750796,308,,
5751196,308,,
5751600,309,,
5752000,308,,
5752396,308,,
5752800,309,,
5753200,309,,
5753600,309,,
5754000,309,,
5754396,309,,
5754800,308,,
5755200,308,,
5755600,309,,
5756000,308,,
5756396,308,,
5756800,308,,
5757200,309,,
5757600,310,,
5757992,308,,
5758400,308,,
5758796,308,,
5759196,308,,
5759600,309,,
5760004,308,,
5760400,308,,
5760796,309,,
5761196,308,,
5761600,309,,
5762000,309,,
5762400,310,,
5762796,309,,
5763196,309,,
5763600,310,,
5763996,310,,
5764396,309,,
5764796,308,,
5765196,309,,
5765600,309,,
5765996,309,,
5766396,309,,
5766800,309,,
5767196,310,,
5767596,309,,
5768000,309,,
5768400,309,,
5768796,308,,
5769196,308,,
5769596,309,,
5770000,308,,
5770400,308,,
5770796,308,,
5771200,309,,
5771596,307,,
5772000,307,,
5772400,308,,
5772796,308,,
5773200,307,,
5773600,308,,
5774000,308,,
5774404,307,,
5774796,307,,
5775200,307,,
5775600,307,,
5776000,306,,
5776392,307,,
5776800,308,,
5777196,307,,
5777596,307,,
5778000,308,,
5778400,308,,
5778800,307,,
5779196,308,,
5779596,308,,
5780000,308,,
5780400,308,,
5780800,307,,
5781196,308,,
5781596,307,,
5782000,308,,
5782400,308,,
5782800,307,,
5783196,307,,
5783596,307,,
5783996,306,,
5784400,307,,
5784800,307,,
5785200,305,,
5785596,305,,
5785996,306,,
5786400,305,,
5786800,305,,
5787200,306,,
5787596,306,,
5787996,306,,
5788400,306,,
5788800,306,,
5789200,306,,
5789596,305,,
5789996,305,,
5790400,307,,
5790800,306,,
5791196,305,,
5791596,306,,
5791996,305,,
5792400,305,,
5792792,306,,
5793196,306,,
5793600,305,,
5793996,306,,
5794400,306,,
5794796,304,,
5795196,306,,
5795600,305,,
5796000,305,,
5796400,306,,
5796796,305,,
5797196,306,,
5797600,305,,
5798000,307,,
5798400,306,,
5798796,306,,
5799196,305,,
5799600,304,,
5800004,306,,
5800396,304,,
5800796,305,,
5801196,306,,
5801600,304,,
5801992,305,,
5802400,306,,
5802800,305,,
5803200,306,,
5803596,305,,
5804000,306,,
5804400,305,,
5804796,306,,
5805200,306,,
5805596,306,,
5806000,306,,
5806400,307,,
5806796,307,,
5807196,307,,
5807600,306,,
5808000,308,,
5808400,306,,
5808796,306,,
5809196,308,,
5809596,306,,
5809996,307,,
5810396,307,,
5810800,307,,
5811196,307,,
5811596,307,,
5811996,307,,
5812396,308,,
5812800,308,,
5813196,306,,
5813596,308,,
5814000,308,,
5814400,307,,
5814800,307,,
5815196,307,,
5815596,306,,
5816000,306,,
5816400,306,,
5816800,307,,
5817196,306,,
5817596,307,,
5818000,306,,
5818392,306,,
5818796,306,,
5819196,306,,
5819596,306,,
5820000,306,,
5820396,306,,
5820796,307,,
5821196,307,,
5821596,306,,
5822000,307,,
5822396,307,,
5822796,308,,
5823200,307,,
5823600,307,,
5824000,307,,
5824396,307,,
5824796,307,,
5825200,307,,
5825604,308,,
5826000,307,,
5826396,308,,
5826796,308,,
5827200,308,,
5827592,307,,
5827996,307,,
5828400,307,,
5828800,307,,
5829196,307,,
5829600,307,,
5830000,307,,
5830400,307,,
5830800,308,,
5831196,308,,
5831600,307,,
5832000,307,,
5832400,307,,
5832800,306,,
5833196,306,,
5833600,307,,
5834000,308,,
5834396,308,,
5834796,308,,
5835200,307,,
5835596,307,,
5835996,307,,
5836400,306,,
5836804,307,,
5837200,306,,
5837596,306,,
5837996,307,,
5838400,307,,
5838800,306,,
5839200,307,,
5839596,307,,
5839996,306,,
5840400,306,,
5840796,306,,
5841196,305,,
5841596,306,,
5841996,305,,
5842400,306,,
5842796,306,,
5843196,305,,
5843596,306,,
5843996,307,,
5844396,306,,
5844800,307,,
5845200,307,,
5845600,307,,
5845996,307,,
5846396,308,,
5846800,310,,
5847200,308,,
5847596,307,,
5847996,307,,
5848396,307,,
5848800,307,,
5849200,306,,
5849596,307,,
5850000,308,,
5850400,308,,
5850800,308,,
5851204,307,,
5851596,307,,
5852000,307,,
5852400,307,,
5852800,307,,
5853192,307,,
5853600,308,,
5853996,307,,
5854396,307,,
5854800,307,,
5855200,307,,
5855600,307,,
5855996,307,,
5856396,307,,
5856800,307,,
5857200,306,,
5857600,307,,
5857996,307,,
5858396,307,,
5858800,307,,
5859196,307,,
5859600,306,,
5859996,307,,
5860396,307,,
5860796,307,,
5861200,308,,
5861600,307,,
5862000,307,,
5862396,307,,
5862796,307,,
5863200,307,,
5863600,307,,
5864000,307,,
5864396,307,,
5864796,307,,
5865200,308,,
5865600,307,,
5865996,308,,
5866396,307,,
5866796,307,,
5867200,309,,
5867600,308,,
5867996,307,,
5868396,308,,
5868796,308,,
5869200,307,,
5869592,308,,
5869996,308,,
5870400,308,,
5870800,309,,
5871200,310,,
5871596,309,,
5871996,309,,
5872400,309,,
5872800,308,,
5873200,309,,
5873596,308,,
5873996,308,,
5874400,307,,
5874800,308,,
5875196,308,,
5875596,308,,
5875996,308,,
5876400,308,,
5876804,308,,
5877196,307,,
5877596,307,,
5877996,308,,
5878400,308,,
5878792,307,,
5879200,308,,
5879600,309,,
5880000,307,,
5880396,308,,
5880800,309,,
5881200,308,,
5881596,308,,
5881996,308,,
5882396,308,,
5882800,307,,
5883200,308,,
5883596,308,,
5883996,307,,
5884396,308,,
5884800,308,,
5885200,308,,
5885596,308,,
5885996,310,,
5886400,309,,
5886796,309,,
5887196,310,,
5887600,309,,
5887996,310,,
5888396,308,,
5888796,309,,
5889196,308,,
5889600,308,,
5889996,310,,
5890396,308,,
5890800,308,,
5891200,307,,
5891600,308,,
5891996,309,,
5892396,309,,
5892800,308,,
5893200,309,,
5893600,308,,
5893996,308,,
5894396,309,,
5894800,309,,
5895192,309,,
5895596,309,,
5895996,308,,
5896396,308,,
5896800,309,,
5897196,308,,
5897596,310,,
5898000,309,,
5898396,309,,
5898800,309,,
5899196,308,,
5899596,308,,
5900000,309,,
5900400,308,,
5900800,309,,
5901196,308,,
5901596,308,,
5902000,309,,
5902408,310,,
5902800,309,,
5903196,309,,
5903596,309,,
5904000,310,,
5904392,308,,
5904800,308,,
5905200,308,,
5905600,309,,
5905996,309,,
5906400,309,,
5906800,308,,
5907200,308,,
5907600,308,,
5907996,309,,
5908400,308,,
5908800,309,,
5909200,308,,
5909600,309,,
5909996,309,,
5910400,308,,
5910800,309,,
5911196,309,,
5911596,309,,
5912000,310,,
5912396,309,,
5912796,309,,
5913200,307,,
5913604,308,,
5914000,308,,
5914396,309,,
5914796,309,,
5915200,309,,
5915596,309,,
5916000,307,,
5916396,307,,
5916796,307,,
5917200,309,,
5917596,309,,
5917996,309,,
5918396,309,,
5918796,309,,
5919200,308,,
5919596,308,,
5919996,308,,
5920400,308,,
5920796,307,,
5921196,307,,
5921600,307,,
5922000,308,,
5922396,308,,
5922796,308,,
5923196,308,,
5923600,308,,
5924000,308,,
5924396,307,,
5924796,308,,
5925196,307,,
5925600,307,,
5926000,307,,
5926396,307,,
5926800,307,,
5927200,307,,
5927600,307,,
5928004,307,,
5928396,307,,
5928800,308,,
5929200,308,,
5929600,308,,
5929992,308,,
5930400,308,,
5930796,308,,
5931196,307,,
5931596,307,,
5932000,308,,
5932400,308,,
5932796,308,,
5933196,308,,
5933600,309,,
5934000,308,,
5934400,308,,
5934796,307,,
5935196,308,,
5935600,307,,
5935996,308,,
5936396,308,,
5936796,308,,
5937196,307,,
5937596,309,,
5938000,308,,
5938400,308,,
5938800,309,,
5939196,308,,
5939596,308,,
5940000,308,,
5940400,308,,
5940800,308,,
5941196,308,,
5941596,308,,
5942000,308,,
5942400,307,,
5942796,307,,
5943196,307,,
5943596,306,,
5944000,307,,
5944400,307,,
5944796,307,,
5945200,308,,
5945596,307,,
5946000,308,,
5946392,307,,
5946796,308,,
5947200,307,,
5947600,308,,
5948000,308,,
5948396,307,,
5948796,306,,
5949200,307,,
5949600,308,,
5950000,307,,
5950396,308,,
5950796,309,,
5951200,308,,
5951600,307,,
5951996,307,,
5952396,307,,
5952796,307,,
5953200,306,,
5953604,308,,
5953996,307,,
5954400,306,,
5954796,306,,
5955200,307,,
5955592,307,,
5956000,306,,
5956396,308,,
5956800,307,,
5957196,306,,
5957600,307,,
5958000,307,,
5958396,307,,
5958796,306,,
5959196,307,,
5959600,307,,
5960000,307,,
5960396,307,,
5960796,309,,
5961200,308,,
5961600,307,,
5962000,308,,
5962396,307,,
5962796,307,,
5963196,309,,
5963596,308,,
5963996,308,,
5964400,307,,
5964796,309,,
5965196,307,,
5965596,307,,
5965996,308,,
5966400,308,,
5966796,307,,
5967196,308,,
5967600,306,,
5968000,308,,
5968400,306,,
5968796,307,,
5969196,307,,
5969600,306,,
5970000,307,,
5970400,307,,
5970796,308,,
5971196,308,,
5971600,307,,
5971992,308,,
5972400,307,,
5972796,309,,
5973196,309,,
5973600,308,,
5973996,309,,
5974396,307,,
5974796,307,,
5975196,308,,
5975600,309,,
5975996,309,,
5976396,308,,
5976800,309,,
5977200,308,,
5977600,307,,
5977996,308,,
5978396,308,,
5978800,307,,
5979204,307,,
5979600,307,,
5979996,306,,
5980396,307,,
5980800,308,,
5981192,307,,
5981600,308,,
5982000,307,,
5982400,307,,
5982796,308,,
5983200,308,,
5983600,309,,
5984000,307,,
5984400,307,,
5984796,307,,
5985200,306,,
5985600,307,,
5985996,308,,
5986400,308,,
5986796,309,,
5987200,308,,
5987600,309,,
5987996,307,,
5988396,309,,
5988800,308,,
5989196,308,,
5989596,308,,
5990000,308,,
5990408,307,,
5990800,308,,
5991196,308,,
5991596,307,,
5992000,308,,
5992396,308,,
5992796,308,,
5993196,308,,
5993596,308,,
5994000,308,,
5994396,307,,
5994796,307,,
5995196,307,,
5995596,306,,
5996000,308,,
5996396,307,,
5996796,308,,
5997200,308,,
5997596,308,,
5997996,308,,
5998400,306,,
5998800,307,,
5999196,307,,
5999596,306,,
5999996,307,,
6000400,307,,
6000800,306,,
6001196,307,,
6001600,307,,
6001996,308,,
6002400,308,,
6002800,307,,
6003196,309,,
6003600,307,,
6004000,307,,
6004400,308,,
6004804,307,,
6005196,307,,
6005600,308,,
6006000,308,,
6006400,308,,
6006792,307,,
6007200,309,,
6007596,308,,
6007996,308,,
6008400,307,,
6008800,307,,
6009200,307,,
6009596,306,,
6009996,307,,
6010400,307,,
6010800,306,,
6011200,306,,
6011596,307,,
6011996,306,,
6012400,306,,
6012796,306,,
6013200,306,,
6013596,307,,
6013996,307,,
6014396,307,,
6014800,308,,
6015200,307,,
6015600,306,,
6015996,306,,
6016396,306,,
6016800,306,,
6017200,305,,
6017600,305,,
6017996,305,,
6018396,305,,
6018800,306,,
6019200,307,,
6019596,307,,
6019996,307,,
6020396,307,,
6020800,307,,
6021200,306,,
6021596,305,,
6022000,305,,
6022400,306,,
6022800,306,,
6023192,306,,
6023596,306,,
6024000,307,,
6024400,306,,
6024800,306,,
6025196,306,,
6025596,306,,
6026000,306,,
6026400,306,,
6026796,306,,
6027196,306,,
6027596,306,,
6028000,307,,
6028400,307,,
6028796,307,,
6029196,307,,
6029596,306,,
6030000,307,,
6030404,306,,
6030796,306,,
6031200,306,,
6031600,305,,
6032000,306,,
6032392,305,,
6032800,305,,
6033196,306,,
6033596,307,,
6033996,307,,
6034400,306,,
6034800,307,,
6035196,307,,
6035596,306,,
6035996,307,,
6036400,307,,
6036800,307,,
6037196,307,,
6037596,307,,
6038000,307,,
6038400,308,,
6038800,307,,
6039196,308,,
6039596,308,,
6039996,307,,
6040396,308,,
6040796,308,,
6041200,308,,
6041596,308,,
6041996,308,,
6042400,309,,
6042796,308,,
6043200,308,,
6043596,309,,
6043996,307,,
6044400,309,,
6044800,309,,
6045200,308,,
6045596,308,,
6045996,307,,
6046400,307,,
6046800,308,,
6047200,307,,
6047596,308,,
6047996,307,,
6048400,307,,
6048792,308,,
6049196,308,,
6049596,307,,
6049996,308,,
6050400,307,,
6050796,306,,
6051196,307,,
6051596,307,,
6051996,306,,
6052400,307,,
6052796,307,,
6053196,307,,
6053600,308,,
6054000,308,,
6054400,309,,
6054796,310,,
6055196,309,,
6055600,310,,
6056004,309,,
6056400,309,,
6056796,309,,
6057196,308,,
6057600,308,,
6057992,308,,
6058396,308,,
6058800,309,,
6059200,309,,
6059596,309,,
6060000,308,,
6060400,308,,
6060800,310,,
6061200,310,,
6061596,309,,
6062000,310,,
6062400,309,,
6062796,309,,
6063196,310,,
6063596,307,,
6064000,308,,
6064400,308,,
6064796,309,,
6065196,309,,
6065600,308,,
6065996,308,,
6066396,308,,
6066800,308,,
6067196,309,,
6067600,308,,
6067996,307,,
6068396,307,,
6068800,307,,
6069196,308,,
6069596,308,,
6069996,307,,
6070396,307,,
6070800,308,,
6071196,308,,
6071596,307,,
6072000,308,,
6072396,306,,
6072800,307,,
6073196,307,,
6073596,307,,
6074000,308,,
6074396,307,,
6074796,307,,
6075200,307,,
6075600,308,,
6075996,307,,
6076396,307,,
6076796,308,,
6077200,308,,
6077600,308,,
6077996,308,,
6078400,308,,
6078800,307,,
6079200,307,,
6079600,307,,
6079996,306,,
6080400,308,,
6080800,307,,
6081200,306,,
6081604,308,,
6081996,307,,
6082400,307,,
6082800,308,,
6083196,307,,
6083596,307,,
6084000,307,,
6084396,306,,
6084796,306,,
6085200,307,,
6085600,307,,
6086000,307,,
6086396,307,,
6086796,307,,
6087200,306,,
6087600,307,,
6088000,307,,
6088396,306,,
6088796,306,,
6089200,306,,
6089596,307,,
6089996,306,,
6090396,307,,
6090796,306,,
6091196,307,,
6091600,306,,
6092000,307,,
6092400,306,,
6092796,306,,
6093196,307,,
6093600,306,,
6094000,308,,
6094400,307,,
6094796,307,,
6095196,307,,
6095600,306,,
6096000,307,,
6096396,305,,
6096796,307,,
6097196,306,,
6097600,306,,
6098000,306,,
6098396,306,,
6098800,306,,
6099196,305,,
6099600,306,,
6099992,305,,
6100396,305,,
6100800,306,,
6101200,306,,
6101600,306,,
6101996,306,,
6102396,306,,
6102800,306,,
6103200,306,,
6103600,306,,
6103996,305,,
6104396,306,,
6104800,306,,
6105200,305,,
6105596,306,,
6106000,306,,
6106396,306,,
6106800,305,,
6107204,306,,
6107596,306,,
6108000,306,,
6108400,307,,
6108800,306,,
6109192,306,,
6109600,307,,
6109996,306,,
6110396,307,,
6110796,308,,
6111200,309,,
6111600,311,,
6111996,312,,
6112396,322,,
6112800,235,,
6113200,182,,
6113604,128,,6113232
6114000,0,,
6114400,289,,
6114796,490,,
6115200,79,,
6115600,107,,
6115996,303,,
6116396,254,,
6116800,270,,
6117200,299,,
6117596,328,,
6118000,307,,
6118404,285,,
6118796,272,,
6119200,343,,
6119600,354,,
6120000,328,,
6120396,260,,
6120800,325,,
6121200,272,,
6121596,329,,
6122000,286,,
6122400,342,,
6122800,290,,
6123196,301,,
6123600,300,,
6124000,299,,
6124396,307,,
6124800,312,,
6125200,348,,
6125596,247,,
6125996,333,,
6126400,304,,
6126800,305,,
6127196,284,,
6127600,314,,
6128000,280,,
6128400,292,,
6128796,302,,
6129200,299,,
6129600,327,,
6130000,278,,
6130396,308,,
6130800,311,,
6131200,318,,
6131596,263,,
6132000,305,,
6132400,252,,
6132804,322,,
6133196,297,,
6133600,320,,
6134000,304,,
6134396,298,,
6134796,303,,
6135200,331,,
6135600,337,,
6135996,300,,
6136400,282,,
6136800,280,,
6137200,312,,
6137596,295,,
6138000,341,,
6138400,287,,
6138796,294,,
6139200,278,,
6139600,328,,
6140000,322,,
6140396,311,,
6140800,316,,
6141200,315,,
6141596,296,,
6141996,311,,
6142400,324,,
6142796,299,,
6143196,315,,
6143600,295,,
6144000,302,,
6144396,301,,
6144800,316,,
6145200,287,,
6145600,343,,
6145996,329,,
6146400,303,,
6146800,306,,
6147196,308,,
6147600,318,,
6148000,287,,
6148400,325,,
6148796,295,,
6149200,297,,
6149600,324,,
6149996,301,,
6150400,300,,
6150800,304,,
6151196,314,,
6151596,312,,
6152000,312,,
6152400,315,,
6152796,294,,
6153200,312,,
6153600,314,,
6154000,307,,
6154396,307,,
6154800,318,,
6155200,309,,
6155600,331,,
6155996,290,,
6156400,314,,
6156800,310,,
6157196,320,,
6157600,314,,
6158000,334,,
6158404,310,,
6158796,320,,
6159200,319,,
6159600,304,,
6159996,314,,
6160396,313,,
6160800,297,,
6161200,302,,
6161596,297,,
6162000,324,,
6162400,310,,
6162800,320,,
6163196,320,,
6163600,314,,
6164000,315,,
6164396,309,,
6164800,303,,
6165200,310,,
6165600,311,,
6165996,305,,
6166400,303,,
6166800,311,,
6167196,312,,
6167596,298,,
6168000,299,,
6168396,314,,
6168796,301,,
6169200,296,,
6169600,307,,
6169996,314,,
6170400,302,,
6170800,307,,
6171200,308,,
6171596,309,,
6172000,308,,
6172400,300,,
6172796,302,,
6173200,313,,
6173600,304,,
6174000,317,,
6174396,315,,
6174800,311,,
6175200,308,,
6175596,299,,
6176000,303,,
6176400,313,,
6176792,312,,
6177196,315,,
6177600,315,,
6178000,295,,
6178396,307,,
6178800,303,,
6179200,310,,
6179600,303,,
6179996,303,,
6180400,309,,
6180800,311,,
6181200,306,,
6181596,304,,
6182000,314,,
6182400,305,,
6182796,317,,
6183200,303,,
6183600,316,,
6184004,299,,
6184396,313,,
6184800,303,,
6185200,306,,
6185596,319,,
6185996,304,,
6186400,307,,
6186800,318,,
6187196,300,,
6187600,314,,
6188000,302,,
6188400,313,,
6188796,315,,
6189200,307,,
6189600,306,,
6189996,303,,
6190396,304,,
6190800,303,,
6191200,301,,
6191596,310,,
6192000,308,,
6192400,307,,
6192796,308,,
6193196,304,,
6193600,301,,
6194000,305,,
6194396,307,,
6194800,311,,
6195204,309,,
6195596,314,,
6196000,314,,
6196400,308,,
6196800,310,,
6197196,309,,
6197600,305,,
6198000,305,,
6198396,304,,
6198800,313,,
6199200,305,,
6199596,309,,
6200000,309,,
6200400,310,,
6200800,313,,
6201196,308,,
6201600,315,,
6202000,306,,
6202392,311,,
6202800,305,,
6203200,311,,
6203600,311,,
6203996,313,,
6204400,312,,
6204800,311,,
6205200,309,,
6205596,309,,
6206000,306,,
6206400,311,,
6206800,308,,
6207196,308,,
6207600,304,,
6208000,305,,
6208396,308,,
6208800,307,,
6209200,308,,
6209604,308,,
6209996,308,,
6210400,314,,
6210800,309,,
6211196,310,,
6211596,311,,
6212000,309,,
6212400,312,,
6212796,308,,
6213200,311,,
6213600,311,,
6214000,311,,
6214396,308,,
6214800,308,,
6215200,309,,
6215596,311,,
6216000,308,,
6216400,314,,
6216800,309,,
6217196,313,,
6217600,310,,
6218000,309,,
6218396,312,,
6218796,309,,
6219200,309,,
6219596,312,,
6219996,310,,
6220400,311,,
6220800,310,,
6221196,313,,
6221600,311,,
6222000,310,,
6222396,308,,
6222800,310,,
6223200,310,,
6223600,313,,
6223996,312,,
6224400,315,,
6224800,307,,
6225196,312,,
6225600,306,,
6226000,310,,
6226400,307,,
6226796,305,,
6227200,309,,
6227600,305,,
6227992,310,,
6228400,309,,
6228800,311,,
6229200,309,,
6229596,311,,
6230000,310,,
6230400,309,,
6230800,308,,
6231196,312,,
6231600,308,,
6232000,309,,
6232396,310,,
6232800,310,,
6233200,312,,
6233600,307,,
6233996,308,,
6234400,308,,
6234800,307,,
6235204,306,,
6235596,306,,
6236000,310,,
6236400,309,,
6236796,309,,
6237196,308,,
6237600,309,,
6238000,309,,
6238396,308,,
6238800,308,,
6239200,307,,
6239600,308,,
6239996,308,,
6240400,309,,
6240800,310,,
6241196,308,,
6241600,308,,
6242000,308,,
6242400,311,,
6242796,310,,
6243200,310,,
6243600,307,,
6243996,309,,
6244396,307,,
6244800,309,,
6245196,307,,
6245596,308,,
6246000,308,,
6246400,308,,
6246796,307,,
6247200,308,,
6247600,308,,
6247996,310,,
6248400,310,,
6248800,309,,
6249200,309,,
6249596,311,,
6250000,309,,
6250400,310,,
6250796,308,,
6251200,309,,
6251600,310,,
6252000,306,,
6252396,309,,
6252800,310,,
6253200,308,,
6253592,308,,
6254000,307,,
6254400,309,,
6254800,308,,
6255196,307,,
6255600,308,,
6256000,309,,
6256400,308,,
6256796,308,,
6257200,310,,
6257600,307,,
6258000,308,,
6258396,308,,
6258800,309,,
6259200,309,,
6259596,307,,
6260000,310,,
6260400,310,,
6260804,308,,
6261200,309,,
6261600,310,,
6262000,309,,
6262396,309,,
6262796,308,,
6263200,309,,
6263600,310,,
6263996,308,,
6264400,307,,
6264800,309,,
6265200,309,,
6265596,308,,
6266000,310,,
6266400,308,,
6266796,309,,
6267200,308,,
6267600,308,,
6268000,310,,
6268396,307,,
6268800,309,,
6269200,308,,
6269596,308,,
6269996,308,,
6270400,307,,
6270796,309,,
6271196,308,,
6271600,307,,
6272000,307,,
6272396,308,,
6272800,307,,
6273200,306,,
6273596,308,,
6274000,309,,
6274400,307,,
6274800,307,,
6275196,307,,
6275600,306,,
6276000,308,,
6276400,308,,
6276796,306,,
6277200,306,,
6277600,306,,
6277996,305,,
6278400,307,,
6278800,307,,
6279192,308,,
6279600,307,,
6280000,306,,
6280400,307,,
6280796,306,,
6281200,307,,
6281600,306,,
6282000,307,,
6282396,306,,
6282800,306,,
6283200,305,,
6283600,306,,
6283996,305,,
6284400,307,,
6284800,307,,
6285196,307,,
6285600,306,,
6286000,305,,
6286404,307,,
6286796,306,,
6287200,307,,
6287600,307,,
6287996,306,,
6288396,307,,
6288800,307,,
6289200,306,,
6289596,307,,
6290000,307,,
6290400,307,,
6290800,308,,
6291196,307,,
6291600,307,,
6292000,308,,
6292396,308,,
6292800,309,,
6293200,308,,
6293600,309,,
6293996,308,,
6294400,308,,
6294800,309,,
6295196,309,,
6295596,307,,
6296000,308,,
6296396,308,,
6296796,307,,
6297200,307,,
6297600,308,,
6297996,308,,
6298400,308,,
6298800,307,,
6299196,307,,
6299600,307,,
6300000,306,,
6300400,308,,
6300796,308,,
6301200,307,,
6301600,308,,
6301996,306,,
6302400,306,,
6302800,307,,
6303200,307,,
6303596,307,,
6304000,307,,
6304400,306,,
6304792,307,,
6305200,307,,
6305600,306,,
6306000,307,,
6306396,306,,
6306800,308,,
6307200,307,,
6307600,307,,
6307996,306,,
6308400,306,,
6308800,306,,
6309196,307,,
6309600,306,,
6310000,308,,
6310400,306,,
6310796,307,,
6311200,307,,
6311600,308,,
6312004,308,,
6312400,308,,
6312800,307,,
6313196,307,,
6313600,307,,
6313996,308,,
6314396,306,,
6314800,307,,
6315200,306,,
6315596,307,,
6315996,308,,
6316396,307,,
6316800,307,,
6317200,307,,
6317596,308,,
6318000,307,,
6318400,308,,
6318800,307,,
6319200,307,,
6319596,306,,
6320000,307,,
6320400,307,,
6320796,308,,
6321196,308,,
6321600,308,,
6321996,307,,
6322396,307,,
6322800,307,,
6323204,307,,
6323600,307,,
6323996,306,,
6324396,305,,
6324800,306,,
6325200,306,,
6325600,307,,
6325996,307,,
6326396,307,,
6326800,307,,
6327196,307,,
6327596,307,,
6327996,307,,
6328396,306,,
6328800,306,,
6329196,306,,
6329596,307,,
6329996,307,,
6330396,307,,
6330796,308,,
6331200,308,,
6331600,308,,
6332000,308,,
6332396,308,,
6332796,307,,
6333200,307,,
6333600,307,,
6333996,307,,
6334396,308,,
6334796,307,,
6335200,309,,
6335600,308,,
6335996,308,,
6336400,308,,
6336796,307,,
6337200,307,,
6337604,307,,
6337996,307,,
6338400,308,,
6338800,308,,
6339200,308,,
6339592,308,,
6340000,307,,
6340396,308,,
6340796,308,,
6341196,308,,
6341600,308,,
6342000,307,,
6342396,308,,
6342796,307,,
6343200,308,,
6343600,307,,
6344000,309,,
6344396,309,,
6344796,308,,
6345200,308,,
6345600,308,,
6346000,309,,
6346396,309,,
6346796,308,,
6347196,307,,
6347596,308,,
6347996,308,,
6348400,308,,
6348796,308,,
6349196,308,,
6349600,308,,
6350000,308,,
6350400,308,,
6350796,308,,
6351196,308,,
6351600,308,,
6352000,308,,
6352400,308,,
6352796,308,,
6353196,308,,
6353600,309,,
6354000,308,,
6354396,308,,
6354796,308,,
6355196,308,,
6355600,309,,
6355992,307,,
6356396,307,,
6356796,308,,
6357196,308,,
6357600,307,,
6357996,307,,
6358396,308,,
6358800,308,,
6359200,308,,
6359600,307,,
6359996,309,,
6360396,308,,
6360800,308,,
6361200,308,,
6361596,309,,
6361996,308,,
6362396,309,,
6362800,308,,
6363204,308,,
6363596,308,,
6363996,308,,
6364396,307,,
6364800,307,,
6365192,308,,
6365600,308,,
6366000,308,,
6366400,308,,
6366796,307,,
6367200,308,,
6367600,307,,
6367996,307,,
6368396,307,,
6368796,307,,
6369200,308,,
6369600,307,,
6369996,308,,
6370396,307,,
6370796,308,,
6371200,308,,
6371600,307,,
6371996,308,,
6372396,308,,
6372800,307,,
6373196,308,,
6373596,308,,
6374000,308,,
6374396,307,,
6374796,308,,
6375196,307,,
6375596,307,,
6376000,306,,
6376396,307,,
6376796,307,,
6377200,306,,
6377596,307,,
6378000,307,,
6378396,307,,
6378796,307,,
6379200,307,,
6379600,306,,
6380000,309,,
6380396,308,,
6380796,307,,
6381200,308,,
6381596,307,,
6381996,307,,
6382400,308,,
6382800,307,,
6383196,307,,
6383600,307,,
6384000,307,,
6384400,307,,
6384800,308,,
6385196,308,,
6385600,308,,
6386000,307,,
6386400,307,,
6386800,307,,
6387196,307,,
6387600,308,,
6388000,308,,
6388400,307,,
6388804,307,,
6389196,307,,
6389600,307,,
6390000,308,,
6390396,308,,
6390796,307,,
6391200,307,,
6391596,307,,
6391996,307,,
6392400,308,,
6392800,308,,
6393200,308,,
6393596,307,,
6393996,308,,
6394400,307,,
6394796,308,,
6395200,308,,
6395596,309,,
6395996,309,,
6396400,308,,
6396796,308,,
6397196,307,,
6397596,308,,
6397996,308,,
6398396,306,,
6398800,308,,
6399200,307,,
6399600,307,,
6399996,307,,
6400396,306,,
6400800,306,,
6401200,308,,
6401596,307,,
6401996,307,,
6402396,307,,
6402800,307,,
6403200,306,,
6403596,307,,
6404000,306,,
6404400,307,,
6404800,308,,
6405200,307,,
6405596,307,,
6406000,307,,
6406400,308,,
6406800,308,,
6407192,308,,
6407596,308,,
6408000,307,,
6408400,307,,
6408796,308,,
6409196,307,,
6409596,308,,
6410000,307,,
6410400,308,,
6410796,308,,
6411196,307,,
6411596,308,,
6412000,307,,
6412400,308,,
6412796,308,,
6413200,308,,
6413600,307,,
6414000,307,,
6414404,307,,
6414796,307,,
6415200,308,,
6415600,307,,
6416000,308,,
6416392,308,,
6416800,307,,
6417196,308,,
6417596,308,,
6417996,307,,
6418400,307,,
6418800,307,,
6419196,306,,
6419596,307,,
6420000,307,,
6420400,307,,
6420800,307,,
6421196,308,,
6421596,308,,
6422000,307,,
6422400,306,,
6422800,308,,
6423196,308,,
6423596,308,,
6423996,309,,
6424400,307,,
6424796,306,,
6425200,307,,
6425596,307,,
6425996,308,,
6426400,308,,
6426800,307,,
6427200,307,,
6427596,306,,
6427996,307,,
6428400,305,,
6428800,306,,
6429200,305,,
6429596,305,,
6429996,307,,
6430400,307,,
6430800,307,,
6431196,307,,
6431596,307,,
6431996,306,,
6432400,306,,
6432792,308,,
6433196,308,,
6433600,309,,
6433996,309,,
6434400,309,,
6434796,309,,
6435196,308,,
6435600,308,,
6436000,308,,
6436400,308,,
6436796,307,,
6437196,308,,
6437600,308,,
6438000,309,,
6438400,308,,
6438796,308,,
6439196,308,,
6439600,307,,
6440004,308,,
6440396,309,,
6440796,308,,
6441196,308,,
6441600,307,,
6441992,307,,
6442400,307,,
6442800,308,,
6443200,308,,
6443596,307,,
6444000,308,,
6444400,308,,
6444800,308,,
6445200,307,,
6445596,307,,
6446000,306,,
6446400,306,,
6446796,306,,
6447196,306,,
6447600,307,,
6448000,306,,
6448400,307,,
6448796,306,,
6449196,307,,
6449596,307,,
6449996,306,,
6450396,307,,
6450800,306,,
6451196,306,,
6451596,307,,
6451996,307,,
6452396,306,,
6452800,307,,
6453196,306,,
6453596,307,,
6454000,307,,
6454400,306,,
6454800,307,,
6455196,307,,
6455596,306,,
6456000,307,,
6456400,307,,
6456800,307,,
6457196,307,,
6457596,307,,
6458000,307,,
6458392,306,,
6458800,307,,
6459196,307,,
6459596,308,,
6460000,306,,
6460396,306,,
6460796,306,,
6461196,306,,
6461596,305,,
6462000,306,,
6462396,306,,
6462796,306,,
6463200,305,,
6463596,305,,
6464000,306,,
6464396,306,,
6464796,306,,
6465200,306,,
6465604,306,,
6466000,306,,
6466396,306,,
6466796,306,,
6467200,306,,
6467592,306,,
6467996,306,,
6468400,306,,
6468800,307,,
6469196,305,,
6469600,306,,
6470000,306,,
6470400,307,,
6470800,307,,
6471196,306,,
6471600,306,,
6472000,306,,
6472400,306,,
6472800,307,,
6473196,305,,
6473600,307,,
6474000,306,,
6474396,306,,
6474796,307,,
6475200,306,,
6475596,306,,
6475996,306,,
6476400,307,,
6476804,307,,
6477200,306,,
6477596,307,,
6477996,306,,
6478400,306,,
6478800,306,,
6479200,306,,
6479596,306,,
6479996,307,,
6480400,306,,
6480796,305,,
6481196,307,,
6481596,307,,
6481996,306,,
6482400,305,,
6482796,306,,
6483196,306,,
6483596,307,,
6483996,306,,
6484396,306,,
6484800,306,,
6485200,307,,
6485600,307,,
6485996,306,,
6486396,308,,
6486800,308,,
6487200,306,,
6487596,306,,
6487996,307,,
6488396,306,,
6488800,307,,
6489200,306,,
6489596,306,,
6490000,307,,
6490400,306,,
6490800,307,,
6491204,307,,
6491596,307,,
6492000,306,,
6492400,308,,
6492800,307,,
6493192,306,,
6493600,307,,
6493996,307,,
6494396,306,,
6494800,307,,
6495200,308,,
6495600,308,,
6495996,308,,
6496396,307,,
6496800,307,,
6497200,306,,
6497600,307,,
6497996,307,,
6498396,306,,
6498800,307,,
6499196,306,,
6499600,306,,
6499996,307,,
6500396,308,,
6500796,308,,
6501200,308,,
6501600,307,,
6502000,309,,
6502396,308,,
6502796,309,,
6503200,308,,
6503600,308,,
6504000,308,,
6504396,307,,
6504796,308,,
6505200,307,,
6505600,308,,
6505996,309,,
6506396,308,,
6506796,309,,
6507200,307,,
6507600,309,,
6507996,308,,
6508396,308,,
6508796,308,,
6509200,308,,
6509592,309,,
6509996,307,,
6510400,309,,
6510800,308,,
6511200,309,,
6511596,309,,
6511996,309,,
6512400,309,,
6512800,308,,
6513200,308,,
6513596,308,,
6513996,308,,
6514400,308,,
6514800,308,,
6515200,308,,
6515596,307,,
6515996,308,,
6516400,307,,
6516804,309,,
6517196,308,,
6517596,310,,
6517996,307,,
6518400,309,,
6518792,307,,
6519200,309,,
6519600,309,,
6520000,308,,
6520396,309,,
6520800,308,,
6521200,308,,
6521596,308,,
6522000,308,,
6522396,309,,
6522800,309,,
6523200,309,,
6523596,308,,
6523996,308,,
6524396,308,,
6524800,309,,
6525200,309,,
6525596,309,,
6525996,309,,
6526400,309,,
6526796,310,,
6527196,310,,
6527600,309,,
6527996,310,,
6528396,309,,
6528796,310,,
6529196,308,,
6529600,308,,
6529996,308,,
6530396,308,,
6530796,308,,
6531200,308,,
6531600,308,,
6531996,308,,
6532396,308,,
6532800,308,,
6533200,308,,
6533600,308,,
6533996,308,,
6534396,309,,
6534800,309,,
6535192,309,,
6535596,308,,
6535996,309,,
6536396,308,,
6536800,308,,
6537196,308,,
6537596,309,,
6537996,309,,
6538396,308,,
6538800,310,,
6539196,309,,
6539596,309,,
6540000,309,,
6540400,309,,
6540800,309,,
6541196,309,,
6541596,308,,
6542000,309,,
6542404,310,,
6542800,310,,
6543196,309,,
6543596,309,,
6544000,309,,
6544392,309,,
6544796,309,,
6545200,308,,
6545600,309,,
6545996,308,,
6546400,309,,
6546800,308,,
6547200,308,,
6547600,309,,
6547996,309,,
6548400,309,,
6548800,308,,
6549200,309,,
6549600,309,,
6549996,309,,
6550400,309,,
6550800,308,,
6551196,309,,
6551596,310,,
6552000,308,,
6552396,309,,
6552796,309,,
6553200,308,,
6553604,309,,
6554000,309,,
6554396,308,,
6554796,308,,
6555200,309,,
6555596,309,,
6556000,307,,
6556396,308,,
6556796,308,,
6557200,308,,
6557596,307,,
6557996,308,,
6558396,308,,
6558796,308,,
6559200,307,,
6559596,308,,
6559996,307,,
6560400,308,,
6560796,307,,
6561196,309,,
6561600,308,,
6562000,308,,
6562396,309,,
6562796,308,,
6563196,309,,
6563600,309,,
6564000,309,,
6564396,307,,
6564796,308,,
6565196,308,,
6565600,306,,
6566000,307,,
6566396,308,,
6566800,307,,
6567200,307,,
6567600,307,,
6568004,307,,
6568396,307,,
6568800,306,,
6569200,307,,
6569600,307,,
6569992,306,,
6570400,308,,
6570796,308,,
6571196,307,,
6571596,308,,
6572000,307,,
6572400,308,,
6572796,308,,
6573196,307,,
6573600,308,,
6574000,308,,
6574400,309,,
6574796,308,,
6575196,308,,
6575600,309,,
6575996,308,,
6576396,309,,
6576796,307,,
6577196,308,,
6577596,308,,
6578000,308,,
6578400,309,,
6578800,308,,
6579196,308,,
6579596,307,,
6580000,307,,
6580400,307,,
6580800,308,,
6581196,306,,
6581596,307,,
6582000,308,,
6582400,307,,
6582796,307,,
6583196,308,,
6583596,307,,
6584000,307,,
6584400,307,,
6584796,308,,
6585200,307,,
6585596,308,,
6586000,308,,
6586392,307,,
6586796,307,,
6587200,308,,
6587600,306,,
6588000,307,,
6588396,307,,
6588796,306,,
6589200,307,,
6589600,305,,
6590000,306,,
6590396,306,,
6590796,306,,
6591200,306,,
6591600,306,,
6591996,306,,
6592396,305,,
6592796,306,,
6593200,305,,
6593604,306,,
6593996,306,,
6594396,307,,
6594796,307,,
6595200,306,,
6595592,307,,
6596000,307,,
6596400,307,,
6596800,306,,
6597196,307,,
6597600,307,,
6598000,307,,
6598396,307,,
6598796,307,,
6599196,306,,
6599600,307,,
6600000,306,,
6600396,307,,
6600796,307,,
6601196,306,,
6601600,306,,
6602000,307,,
6602396,308,,
6602796,306,,
6603200,308,,
6603596,307,,
6603996,307,,
6604400,308,,
6604796,308,,
6605196,307,,
6605596,308,,
6605996,307,,
6606400,307,,
6606796,308,,
6607196,307,,
6607600,308,,
6607996,307,,
6608400,307,,
6608796,308,,
6609196,307,,
6609600,308,,
6610000,308,,
6610400,307,,
6610796,309,,
6611196,308,,
6611600,307,,
6611992,308,,
6612400,307,,
6612796,307,,
6613196,307,,
6613600,307,,
6613996,307,,
6614396,306,,
6614796,307,,
6615196,307,,
6615600,306,,
6615996,307,,
6616396,308,,
6616800,307,,
6617200,307,,
6617600,307,,
6617996,307,,
6618396,307,,
6618800,307,,
6619204,308,,
6619600,308,,
6619996,308,,
6620396,308,,
6620800,309,,
6621192,308,,
6621600,307,,
6622000,309,,
6622400,308,,
6622796,307,,
6623200,308,,
6623600,308,,
6624000,307,,
6624400,308,,
6624796,308,,
6625200,307,,
6625600,308,,
6625996,308,,
6626400,308,,
6626796,307,,
6627200,307,,
6627600,308,,
6627996,307,,
6628396,307,,
6628800,307,,
6629196,306,,
6629596,307,,
6630000,307,,
6630404,308,,
6630800,307,,
6631196,307,,
6631596,307,,
6632000,308,,
6632396,307,,
6632796,308,,
6633196,308,,
6633596,308,,
6634000,308,,
6634396,307,,
6634796,307,,
6635196,307,,
6635596,307,,
6636000,307,,
6636396,306,,
6636796,307,,
6637200,307,,
6637596,307,,
6637996,305,,
6638400,304,,
6638800,306,,
6639196,305,,
6639596,305,,
6639996,306,,
6640400,306,,
6640800,306,,
6641196,307,,
6641600,308,,
6641996,308,,
6642400,307,,
6642800,307,,
6643196,308,,
6643600,308,,
6644000,308,,
6644400,308,,
6644804,308,,
6645196,309,,
6645600,308,,
6646000,308,,
6646400,308,,
6646792,309,,
6647200,308,,
6647596,307,,
6647996,308,,
6648400,307,,
6648800,306,,
6649200,307,,
6649596,306,,
6649996,308,,
6650400,306,,
6650800,307,,
6651200,307,,
6651596,306,,
6651996,308,,
6652400,307,,
6652800,308,,
6653200,308,,
6653596,308,,
6653996,306,,
6654396,306,,
6654800,307,,
6655200,307,,
6655600,306,,
6655996,307,,
6656396,306,,
6656800,306,,
6657200,306,,
6657600,307,,
6657996,307,,
6658396,306,,
6658800,307,,
6659200,305,,
6659596,307,,
6659996,307,,
6660396,307,,
6660800,309,,
6661200,309,,
6661596,308,,
6662000,307,,
6662400,307,,
6662800,309,,
6663192,309,,
6663596,308,,
6664000,308,,
6664400,308,,
6664800,308,,
6665196,307,,
6665596,307,,
6666000,307,,
6666400,306,,
6666800,307,,
6667196,307,,
6667596,308,,
6668000,307,,
6668400,307,,
6668796,308,,
6669196,307,,
6669596,307,,
6670000,306,,
6670404,308,,
6670796,307,,
6671200,307,,
6671596,308,,
6672000,308,,
6672392,308,,
6672800,308,,
6673196,308,,
6673600,309,,
6673996,309,,
6674400,310,,
6674800,309,,
6675196,309,,
6675596,308,,
6675996,309,,
6676400,308,,
6676800,309,,
6677196,309,,
6677596,309,,
6678000,308,,
6678400,309,,
6678800,309,,
6679196,309,,
6679596,309,,
6679996,308,,
6680396,309,,
6680796,308,,
6681200,308,,
6681596,309,,
6681996,307,,
6682396,310,,
6682796,309,,
6683200,308,,
6683596,308,,
6683996,308,,
6684400,309,,
6684800,309,,
6685200,309,,
6685596,309,,
6685996,309,,
6686400,310,,
6686800,309,,
6687200,309,,
6687596,309,,
6687996,309,,
6688400,310,,
6688792,309,,
6689196,310,,
6689596,309,,
6689996,309,,
6690400,310,,
6690796,309,,
6691196,308,,
6691596,309,,
6691996,310,,
6692400,308,,
6692796,308,,
6693196,309,,
6693600,310,,
6694000,309,,
6694400,308,,
6694796,308,,
6695196,309,,
6695600,308,,
6696004,309,,
6696400,309,,
6696796,308,,
6697196,309,,
6697600,309,,
6697992,308,,
6698396,308,,
6698800,309,,
6699200,309,,
6699596,309,,
6700000,308,,
6700400,309,,
6700800,309,,
6701200,308,,
6701596,309,,
6702000,308,,
6702400,310,,
6702796,309,,
6703196,309,,
6703596,309,,
6704000,310,,
6704400,309,,
6704796,309,,
6705196,308,,
6705600,308,,
6705996,307,,
6706396,307,,
6706800,307,,
6707196,307,,
6707600,308,,
6707996,306,,
6708396,306,,
6708800,306,,
6709196,306,,
6709596,307,,
6709996,307,,
6710396,306,,
6710800,306,,
6711196,307,,
6711596,307,,
6712000,307,,
6712396,307,,
6712800,308,,
6713196,308,,
6713596,308,,
6714000,308,,
6714396,308,,
6714796,308,,
6715200,308,,
6715600,309,,
6715996,308,,
6716396,308,,
6716796,307,,
6717200,308,,
6717600,307,,
6717996,306,,
6718400,306,,
6718800,305,,
6719200,306,,
6719600,304,,
6719996,306,,
6720400,307,,
6720800,306,,
6721200,306,,
6721604,306,,
6721996,306,,
6722400,306,,
6722800,306,,
6723200,307,,
6723592,307,,
6724000,306,,
6724396,306,,
6724796,307,,
6725200,307,,
6725600,306,,
6726000,307,,
6726396,307,,
6726796,307,,
6727200,307,,
6727600,307,,
6728000,307,,
6728396,306,,
6728796,306,,
6729200,307,,
6729596,308,,
6730000,307,,
6730396,307,,
6730796,306,,
6731196,307,,
6731600,307,,
6732000,307,,
6732400,307,,
6732796,306,,
6733196,306,,
6733600,307,,
6734000,306,,
6734400,306,,
6734796,306,,
6735196,306,,
6735600,305,,
6736000,305,,
6736396,306,,
6736796,306,,
6737196,306,,
6737600,306,,
6738000,307,,
6738396,306,,
6738796,307,,
6739196,307,,
6739600,306,,
6739992,307,,
6740396,306,,
6740800,307,,
6741200,306,,
6741600,306,,
6741996,306,,
6742396,307,,
6742800,307,,
6743200,307,,
6743600,306,,
6743996,306,,
6744396,306,,
6744800,306,,
6745200,306,,
6745596,306,,
6745996,307,,
6746396,307,,
6746800,307,,
6747204,307,,
6747596,307,,
6748000,307,,
6748400,306,,
6748800,307,,
6749192,307,,
6749600,307,,
6749996,307,,
6750396,308,,
6750796,307,,
6751200,306,,
6751600,306,,
6751996,306,,
6752396,306,,
6752796,306,,
6753200,306,,
6753600,306,,
6753996,307,,
6754396,306,,
6754800,306,,
6755200,306,,
6755600,306,,
6755996,304,,
6756396,306,,
6756796,305,,
6757196,305,,
6757596,305,,
6758000,306,,
6758396,305,,
6758796,305,,
6759200,306,,
6759596,306,,
6760000,306,,
6760396,304,,
6760796,305,,
6761200,305,,
6761600,306,,
6762000,306,,
6762396,306,,
6762796,306,,
6763200,307,,
6763600,307,,
6764000,305,,
6764396,305,,
6764796,305,,
6765200,306,,
6765592,306,,
6765996,307,,
6766396,306,,
6766796,307,,
6767200,306,,
6767596,305,,
6767996,307,,
6768400,306,,
6768796,307,,
6769200,305,,
6769596,305,,
6769996,306,,
6770400,305,,
6770800,305,,
6771200,307,,
6771596,306,,
6771996,305,,
6772400,306,,
6772808,305,,
6773200,305,,
6773596,305,,
6773996,305,,
6774400,304,,
6774792,304,,
6775200,305,,
6775600,304,,
6776000,305,,
6776396,306,,
6776800,306,,
6777200,305,,
6777600,305,,
6778000,305,,
6778396,306,,
6778800,307,,
6779200,307,,
6779600,309,,
6780000,308,,
6780396,308,,
6780800,308,,
6781200,308,,
6781596,309,,
6781996,308,,
6782400,308,,
6782796,308,,
6783196,308,,
6783600,307,,
6784004,306,,
6784400,307,,
6784796,307,,
6785196,306,,
6785600,306,,
6785996,306,,
6786400,306,,
6786796,305,,
6787196,306,,
6787600,306,,
6787996,307,,
6788396,306,,
6788800,308,,
6789200,307,,
6789600,308,,
6789996,308,,
6790396,307,,
6790800,308,,
6791196,308,,
6791596,308,,
6792000,308,,
6792400,308,,
6792796,309,,
6793200,307,,
6793596,307,,
6794000,308,,
6794400,306,,
6794796,306,,
6795200,306,,
6795600,306,,
6796000,307,,
6796400,307,,
6796796,307,,
6797200,308,,
6797600,307,,
6798000,308,,
6798404,308,,
6798796,307,,
6799200,308,,
6799600,307,,
6799996,307,,
6800396,307,,
6800800,307,,
6801196,307,,
6801596,307,,
6802000,307,,
6802400,307,,
6802800,307,,
6803196,307,,
6803596,307,,
6804000,307,,
6804400,307,,
6804800,307,,
6805196,306,,
6805596,306,,
6806000,306,,
6806396,307,,
6806796,307,,
6807196,306,,
6807596,306,,
6807996,307,,
6808400,306,,
6808800,305,,
6809200,306,,
6809596,306,,
6809996,306,,
6810400,307,,
6810800,307,,
6811200,307,,
6811596,307,,
6811996,307,,
6812400,307,,
6812800,308,,
6813196,308,,
6813596,308,,
6813996,308,,
6814400,308,,
6814800,308,,
6815196,308,,
6815600,309,,
6815996,308,,
6816400,308,,
6816792,308,,
6817196,308,,
6817600,309,,
6818000,308,,
6818400,308,,
6818796,307,,
6819196,307,,
6819600,307,,
6820000,307,,
6820400,307,,
6820796,307,,
6821196,307,,
6821600,307,,
6822000,307,,
6822396,307,,
6822796,307,,
6823196,306,,
6823600,307,,
6824004,307,,
6824396,306,,
6824800,307,,
6825196,307,,
6825600,307,,
6825992,307,,
6826400,307,,
6826796,307,,
6827200,306,,
6827596,306,,
6828000,307,,
6828400,306,,
6828796,307,,
6829196,307,,
6829596,306,,
6830000,308,,
6830400,307,,
6830796,306,,
6831196,308,,
6831600,307,,
6832000,308,,
6832400,308,,
6832796,308,,
6833196,308,,
6833596,308,,
6833996,308,,
6834396,310,,
6834800,309,,
6835196,308,,
6835596,309,,
6836000,307,,
6836400,308,,
6836800,308,,
6837196,307,,
6837596,308,,
6838000,309,,
6838400,308,,
6838800,307,,
6839196,307,,
6839596,307,,
6840000,306,,
6840400,307,,
6840796,307,,
6841196,307,,
6841596,307,,
6842000,306,,
6842392,307,,
6842796,309,,
6843196,308,,
6843596,308,,
6844000,309,,
6844396,309,,
6844796,309,,
6845200,309,,
6845600,309,,
6846000,308,,
6846396,307,,
6846796,307,,
6847200,307,,
6847600,307,,
6848000,307,,
6848396,307,,
6848796,308,,
6849200,308,,
6849604,308,,
6850000,308,,
6850396,308,,
6850796,308,,
6851200,309,,
6851592,309,,
6852000,309,,
6852400,309,,
6852800,310,,
6853196,309,,
6853600,309,,
6854000,309,,
6854400,309,,
6854800,309,,
6855196,309,,
6855600,308,,
6856000,308,,
6856396,309,,
6856800,308,,
6857196,308,,
6857600,307,,
6858000,308,,
6858396,308,,
6858796,307,,
6859200,308,,
6859596,308,,
6859996,308,,
6860400,307,,
6860808,308,,
6861200,308,,
6861596,309,,
6861996,310,,
6862400,309,,
6862796,309,,
6863196,309,,
6863596,310,,
6863996,309,,
6864400,308,,
6864796,309,,
6865196,309,,
6865596,308,,
6865996,308,,
6866400,308,,
6866796,307,,
6867196,307,,
6867600,307,,
6867996,307,,
6868396,308,,
6868800,308,,
6869200,308,,
6869596,307,,
6869996,308,,
6870396,307,,
6870800,307,,
6871200,308,,
6871596,308,,
6872000,309,,
6872396,308,,
6872800,309,,
6873200,309,,
6873596,308,,
6874000,308,,
6874400,307,,
6874800,308,,
6875204,308,,
6875596,307,,
6876000,308,,
6876400,307,,
6876796,306,,
6877196,307,,
6877600,307,,
6877996,307,,
6878396,308,,
6878800,307,,
6879200,307,,
6879600,307,,
6879996,307,,
6880396,308,,
6880800,309,,
6881196,308,,
6881600,309,,
6881996,308,,
6882396,308,,
6882800,308,,
6883196,307,,
6883596,307,,
6883996,307,,
6884396,308,,
6884796,307,,
6885200,307,,
6885600,306,,
6886000,307,,
6886396,309,,
6886796,308,,
6887200,307,,
6887600,308,,
6887996,309,,
6888396,307,,
6888796,307,,
6889200,309,,
6889600,309,,
6889996,308,,
6890396,309,,
6890796,308,,
6891200,308,,
6891600,308,,
6891996,308,,
6892400,307,,
6892800,308,,
6893200,307,,
6893592,308,,
6893996,307,,
6894400,308,,
6894800,308,,
6895200,308,,
6895596,307,,
6895996,307,,
6896400,306,,
6896800,308,,
6897196,307,,
6897596,307,,
6897996,308,,
6898400,308,,
6898800,307,,
6899196,307,,
6899596,308,,
6899996,307,,
6900400,307,,
6900804,307,,
6901196,308,,
6901600,307,,
6902000,308,,
6902400,307,,
6902792,307,,
6903200,308,,
6903596,307,,
6903996,308,,
6904396,307,,
6904800,307,,
6905200,308,,
6905596,308,,
6905996,309,,
6906396,308,,
6906800,308,,
6907200,309,,
6907596,308,,
6907996,308,,
6908400,308,,
6908800,307,,
6909200,307,,
6909596,306,,
6909996,307,,
6910396,308,,
6910796,307,,
6911196,308,,
6911600,309,,
6911996,308,,
6912396,308,,
6912800,308,,
6913196,308,,
6913600,308,,
6913996,308,,
6914396,309,,
6914800,309,,
6915200,309,,
6915600,309,,
6915996,308,,
6916396,309,,
6916800,309,,
6917200,308,,
6917596,308,,
6917996,307,,
6918396,307,,
6918800,307,,
6919192,306,,
6919596,306,,
6920000,306,,
6920396,307,,
6920800,307,,
6921196,306,,
6921596,307,,
6922000,306,,
6922400,307,,
6922800,306,,
6923196,307,,
6923596,307,,
6924000,307,,
6924400,309,,
6924800,308,,
6925196,308,,
6925596,308,,
6926000,308,,
6926404,308,,
6926796,308,,
6927196,309,,
6927596,309,,
6928000,308,,
6928392,307,,
6928800,307,,
6929200,308,,
6929600,307,,
6929996,308,,
6930400,308,,
6930800,307,,
6931200,308,,
6931600,308,,
6931996,308,,
6932400,308,,
6932800,307,,
6933196,308,,
6933596,307,,
6933996,307,,
6934400,306,,
6934800,306,,
6935196,307,,
6935596,307,,
6936000,307,,
6936396,307,,
6936796,307,,
6937200,307,,
6937596,307,,
6938000,308,,
6938396,307,,
6938796,307,,
6939200,307,,
6939596,308,,
6939996,307,,
6940396,308,,
6940796,307,,
6941200,308,,
6941596,309,,
6941996,308,,
6942400,310,,
6942796,308,,
6943200,308,,
6943596,307,,
6943996,307,,
6944400,307,,
6944796,307,,
6945196,307,,
6945600,306,,
6946000,306,,
6946396,307,,
6946796,307,,
6947196,307,,
6947600,307,,
6948000,308,,
6948396,307,,
6948800,307,,
6949200,307,,
6949600,307,,
6950000,307,,
6950396,307,,
6950800,307,,
6951200,307,,
6951600,307,,
6952004,306,,
6952396,306,,
6952800,306,,
6953200,306,,
6953596,307,,
6953996,306,,
6954400,305,,
6954796,305,,
6955196,305,,
6955600,305,,
6956000,305,,
6956400,306,,
6956796,305,,
6957196,306,,
6957600,306,,
6958000,306,,
6958396,307,,
6958796,307,,
6959196,306,,
6959600,306,,
6959996,305,,
6960396,306,,
6960796,306,,
6961196,306,,
6961596,306,,
6962000,307,,
6962400,306,,
6962800,306,,
6963196,306,,
6963596,307,,
6964000,306,,
6964400,307,,
6964796,307,,
6965196,307,,
6965596,307,,
6966000,307,,
6966400,308,,
6966796,307,,
6967200,307,,
6967596,307,,
6968000,306,,
6968400,307,,
6968796,306,,
6969200,305,,
6969600,306,,
6970000,305,,
6970392,305,,
6970796,305,,
6971200,306,,
6971600,306,,
6972000,306,,
6972396,306,,
6972796,307,,
6973200,306,,
6973600,307,,
6973996,306,,
6974396,307,,
6974796,308,,
6975200,308,,
6975600,308,,
6975996,307,,
6976400,308,,
6976796,307,,
6977200,307,,
6977604,306,,
6977996,306,,
6978400,307,,
6978800,306,,
6979200,306,,
6979592,307,,
6980000,306,,
6980396,306,,
6980796,305,,
6981196,305,,
6981600,306,,
6982000,306,,
6982396,306,,
6982796,307,,
6983200,307,,
6983600,306,,
6984000,307,,
6984396,307,,
6984796,307,,
6985200,308,,
6985600,308,,
6986000,308,,
6986396,308,,
6986796,307,,
6987196,307,,
6987596,308,,
6987996,307,,
6988400,306,,
6988796,307,,
6989196,307,,
6989600,306,,
6990000,306,,
6990400,306,,
6990796,306,,
6991196,307,,
6991600,306,,
6992000,306,,
6992400,306,,
6992796,306,,
6993196,306,,
6993600,306,,
6994000,307,,
6994400,307,,
6994796,307,,
6995196,306,,
6995600,307,,
6995992,305,,
6996396,305,,
6996796,306,,
6997196,305,,
6997600,306,,
6997996,305,,
6998396,305,,
6998800,305,,
6999196,305,,
6999600,306,,
6999996,307,,
7000396,307,,
7000800,307,,
7001200,307,,
7001600,307,,
7001996,307,,
7002396,306,,
7002800,307,,
7003204,307,,
7003596,306,,
7003996,306,,
7004396,307,,
7004800,307,,
7005192,307,,
7005600,306,,
7006000,307,,
7006400,307,,
7006796,305,,
7007200,305,,
7007600,306,,
7007996,306,,
7008400,306,,
7008796,306,,
7009200,306,,
7009600,308,,
7009996,307,,
7010396,308,,
7010796,308,,
7011200,309,,
7011600,308,,
7011996,308,,
7012396,308,,
7012800,308,,
7013196,308,,
7013596,308,,
7014000,308,,
7014396,308,,
7014796,307,,
7015196,307,,
7015596,307,,
7016000,307,,
7016396,308,,
7016796,307,,
7017196,307,,
7017596,307,,
7018000,307,,
7018396,308,,
7018796,308,,
7019200,308,,
7019600,308,,
7020000,308,,
7020396,309,,
7020796,308,,
7021200,309,,
7021596,308,,
7021996,308,,
7022400,309,,
7022800,308,,
7023196,307,,
7023600,307,,
7023996,308,,
7024400,306,,
7024800,307,,
7025196,307,,
7025600,307,,
7026000,308,,
7026400,307,,
7026800,309,,
7027196,308,,
7027600,309,,
7028000,308,,
7028400,308,,
7028804,309,,
7029196,309,,
7029600,308,,
7030000,310,,
7030396,308,,
7030796,309,,
7031200,308,,
7031596,307,,
7031996,308,,
7032400,308,,
7032800,308,,
7033200,308,,
7033596,307,,
7033996,307,,
7034400,308,,
7034796,308,,
7035200,307,,
7035596,308,,
7035996,308,,
7036400,308,,
7036796,308,,
7037196,308,,
7037596,307,,
7037996,309,,
7038396,307,,
7038800,308,,
7039200,307,,
7039600,307,,
7039996,307,,
7040396,306,,
7040800,307,,
7041200,307,,
7041596,306,,
7041996,306,,
7042396,306,,
7042800,307,,
7043200,308,,
7043596,307,,
7044000,309,,
7044400,309,,
7044800,308,,
7045200,308,,
7045596,308,,
7046000,309,,
7046400,309,,
7046800,309,,
7047192,309,,
7047596,309,,
7048000,308,,
7048400,307,,
7048796,307,,
7049196,306,,
7049596,307,,
7050000,306,,
7050400,305,,
7050796,305,,
7051196,306,,
7051596,307,,
7052000,306,,
7052400,307,,
7052796,306,,
7053200,306,,
7053600,307,,
7054000,307,,
7054404,309,,
7054796,308,,
7055200,309,,
7055600,309,,
7056000,309,,
7056392,309,,
7056800,308,,
7057196,308,,
7057596,307,,
7057996,307,,
7058400,307,,
7058800,307,,
7059196,307,,
7059596,307,,
7060000,307,,
7060400,307,,
7060800,308,,
7061196,308,,
7061596,307,,
7062000,307,,
7062400,308,,
7062800,308,,
7063196,308,,
7063596,309,,
7063996,307,,
7064400,309,,
7064796,308,,
7065200,308,,
7065596,309,,
7065996,307,,
7066400,308,,
7066800,307,,
7067200,307,,
7067596,308,,
7067996,307,,
7068400,308,,
7068800,307,,
7069200,307,,
7069596,308,,
7069996,308,,
7070400,309,,
7070800,310,,
7071196,310,,
7071596,309,,
7071996,309,,
7072400,309,,
7072792,308,,
7073196,308,,
7073596,309,,
7073996,308,,
7074400,308,,
7074796,308,,
7075196,307,,
7075600,307,,
7076000,306,,
7076400,306,,
7076796,307,,
7077196,306,,
7077600,307,,
7078000,307,,
7078400,306,,
7078796,307,,
7079196,307,,
7079600,308,,
7080004,307,,
7080396,308,,
7080796,307,,
7081196,308,,
7081600,308,,
7081992,308,,
7082400,309,,
7082800,309,,
7083200,308,,
7083596,308,,
7084000,308,,
7084400,308,,
7084800,307,,
7085200,307,,
7085596,308,,
7086000,308,,
7086400,308,,
7086796,308,,
7087196,309,,
7087596,309,,
7088000,308,,
7088400,309,,
7088796,308,,
7089196,308,,
7089600,309,,
7089996,307,,
7090396,308,,
7090800,308,,
7091196,309,,
7091596,308,,
7091996,307,,
7092396,308,,
7092800,308,,
7093196,307,,
7093596,308,,
7094000,307,,
7094396,309,,
7094800,308,,
7095196,308,,
7095596,309,,
7096000,308,,
7096400,309,,
7096800,309,,
7097196,309,,
7097596,309,,
7098000,308,,
7098392,310,,
7098800,309,,
7099196,308,,
7099596,308,,
7100000,309,,
7100396,308,,
7100796,307,,
7101196,308,,
7101596,308,,
7102000,307,,
7102396,307,,
7102796,308,,
7103200,308,,
7103596,307,,
7104000,308,,
7104396,308,,
7104796,308,,
7105200,308,,
7105604,309,,
7106000,308,,
7106396,307,,
7106796,309,,
7107200,309,,
7107596,309,,
7107996,309,,
7108400,309,,
7108800,308,,
7109196,301,,
7109600,310,,
7110000,315,,
7110400,343,,
7110800,409,,
7111196,184,,
7111600,0,,7111228
7111996,104,,
7112400,161,,
7112800,508,,
7113200,172,,
7113596,319,,
7114000,222,,
7114400,318,,
7114792,282,,
7115196,298,,
7115600,362,,
7116000,310,,
7116396,268,,
7116808,306,,
7117200,313,,
7117600,330,,
7117996,289,,
7118400,321,,
7118800,287,,
7119196,298,,
7119600,324,,
7120000,302,,
7120400,288,,
7120796,314,,
7121200,288,,
7121600,300,,
7121996,314,,
7122400,338,,
7122800,325,,
7123200,295,,
7123596,310,,
7123996,331,,
7124400,338,,
7124800,302,,
7125196,313,,
7125600,307,,
7126000,313,,
7126396,292,,
7126800,304,,
7127200,317,,
7127600,303,,
7127996,297,,
7128400,314,,
7128800,316,,
7129200,295,,
7129596,299,,
7130000,296,,
7130400,310,,
7130796,307,,
7131208,325,,
7131600,305,,
7131996,307,,
7132396,290,,
7132800,318,,
7133196,306,,
7133600,295,,
7133996,298,,
7134400,294,,
7134800,301,,
7135196,312,,
7135600,330,,
7136000,323,,
7136400,310,,
7136796,303,,
7137200,317,,
7137600,322,,
7137996,307,,
7138400,304,,
7138800,315,,
7139196,307,,
7139596,307,,
7140000,315,,
7140396,312,,
7140800,320,,
7141196,313,,
7141600,293,,
7142000,307,,
7142396,305,,
7142800,291,,
7143200,324,,
7143600,312,,
7143996,312,,
7144400,312,,
7144800,323,,
7145196,314,,
7145600,307,,
7146000,311,,
7146396,302,,
7146796,307,,
7147200,302,,
7147600,303,,
7147996,306,,
7148400,300,,
7148800,316,,
7149196,303,,
7149596,322,,
7150000,310,,
7150400,295,,
7150800,309,,
7151196,312,,
7151600,324,,
7152000,297,,
7152400,315,,
7152796,307,,
7153200,302,,
7153600,291,,
7154000,306,,
7154396,307,,
7154800,315,,
7155200,313,,
7155596,315,,
7156000,309,,
7156400,306,,
7156804,311,,
7157196,308,,
7157600,310,,
7158000,302,,
7158396,288,,
7158796,303,,
7159200,306,,
7159600,311,,
7159996,306,,
7160400,318,,
7160800,315,,
7161200,315,,
7161596,313,,
7162000,304,,
7162400,296,,
7162796,301,,
7163200,308,,
7163600,311,,
7164000,306,,
7164396,312,,
7164800,307,,
7165200,306,,
7165596,301,,
7165996,313,,
7166400,305,,
7166796,306,,
7167196,308,,
7167600,306,,
7168000,302,,
7168396,306,,
7168800,303,,
7169200,310,,
7169596,304,,
7170000,306,,
7170400,303,,
7170800,307,,
7171196,306,,
7171600,311,,
7172000,303,,
7172400,311,,
7172796,309,,
7173200,308,,
7173600,299,,
7173996,302,,
7174400,304,,
7174800,304,,
7175192,303,,
7175596,306,,
7176000,304,,
7176400,305,,
7176796,308,,
7177200,305,,
7177600,304,,
7178000,305,,
7178396,310,,
7178800,306,,
7179200,305,,
7179600,309,,
7179996,305,,
7180400,308,,
7180800,302,,
7181196,304,,
7181600,304,,
7182000,303,,
7182404,305,,
7182796,301,,
7183200,306,,
7183600,305,,
7183996,303,,
7184396,312,,
7184800,306,,
7185200,309,,
7185596,303,,
7186000,307,,
7186400,311,,
7186800,310,,
7187196,304,,
7187600,307,,
7188000,309,,
7188396,305,,
7188800,303,,
7189200,308,,
7189600,311,,
7189996,308,,
7190400,305,,
7190800,304,,
7191196,305,,
7191596,305,,
7192000,307,,
7192396,308,,
7192796,305,,
7193200,308,,
7193600,312,,
7193996,308,,
7194400,308,,
7194800,306,,
7195200,308,,
7195596,305,,
7196000,305,,
7196400,310,,
7196796,307,,
7197200,308,,
7197600,308,,
7197996,306,,
7198400,307,,
7198800,309,,
7199200,308,,
7199596,305,,
7200000,305,,
7200400,305,,
7200792,304,,
7201200,306,,
7201600,306,,
7202000,308,,
7202396,305,,
7202800,307,,
7203200,307,,
7203600,302,,
7203996,307,,
7204400,305,,
7204800,305,,
7205200,303,,
7205596,303,,
7206000,305,,
7206400,303,,
7206796,305,,
7207200,306,,
7207600,306,,
7208004,308,,
7208396,308,,
7208800,305,,
7209200,305,,
7209596,304,,
7209996,307,,
7210400,305,,
7210800,309,,
7211196,308,,
7211600,307,,
7212000,307,,
7212400,309,,
7212796,309,,
7213200,310,,
7213600,308,,
7213996,311,,
7214400,308,,
7214800,310,,
7215200,309,,
7215596,310,,
7216000,309,,
7216400,309,,
7216796,309,,
7217196,309,,
7217600,308,,
7217996,309,,
7218396,308,,
7218800,309,,
7219200,309,,
7219596,309,,
7220000,308,,
7220400,309,,
7220800,308,,
7221196,309,,
7221600,309,,
7222000,310,,
7222396,308,,
7222800,307,,
7223200,307,,
7223600,308,,
7223996,309,,
7224400,307,,
7224800,310,,
7225196,305,,
7225600,307,,
7226000,307,,
7226392,308,,
7226796,307,,
7227200,308,,
7227600,310,,
7227996,309,,
7228400,309,,
7228800,309,,
7229200,308,,
7229596,308,,
7230000,309,,
7230400,310,,
7230800,309,,
7231196,310,,
7231600,309,,
7232000,310,,
7232396,309,,
7232800,310,,
7233200,309,,
7233604,310,,
7233996,309,,
7234400,309,,
7234800,307,,
7235196,308,,
7235596,308,,
7236000,307,,
7236400,306,,
7236796,308,,
7237200,308,,
7237600,309,,
7238000,308,,
7238396,310,,
7238800,309,,
7239200,309,,
7239596,308,,
7240000,309,,
7240400,311,,
7240800,310,,
7241196,309,,
7241600,309,,
7242000,308,,
7242396,309,,
7242796,307,,
7243200,309,,
7243596,309,,
7243996,308,,
7244400,309,,
7244800,310,,
7245196,308,,
7245600,309,,
7246000,309,,
7246396,308,,
7246800,308,,
7247200,309,,
7247600,309,,
7247996,308,,
7248400,308,,
7248800,309,,
7249196,309,,
7249600,308,,
7250000,308,,
7250400,309,,
7250796,308,,
7251200,309,,
7251600,308,,
7251992,307,,
7252400,309,,
7252800,309,,
7253200,308,,
7253596,308,,
7254000,308,,
7254400,308,,
7254800,307,,
7255196,307,,
7255600,308,,
7256000,308,,
7256400,308,,
7256796,308,,
7257200,307,,
7257600,308,,
7257996,309,,
7258400,309,,
7258800,308,,
7259204,307,,
7259596,308,,
7260000,309,,
7260400,308,,
7260796,308,,
7261196,308,,
7261600,308,,
7262000,308,,
7262396,310,,
7262800,309,,
7263200,310,,
7263600,311,,
7263996,311,,
7264400,310,,
7264800,310,,
7265196,310,,
7265600,310,,
7266000,311,,
7266400,311,,
7266796,309,,
7267200,309,,
7267600,307,,
7267996,308,,
7268396,308,,
7268800,308,,
7269196,308,,
7269596,307,,
7270000,306,,
7270400,308,,
7270796,306,,
7271200,307,,
7271600,308,,
7272000,308,,
7272396,306,,
7272800,308,,
7273200,307,,
7273596,307,,
7274000,308,,
7274400,308,,
7274800,307,,
7275196,307,,
7275600,307,,
7276000,306,,
7276396,307,,
7276800,306,,
7277200,307,,
7277592,306,,
7278000,306,,
7278400,307,,
7278800,306,,
7279196,308,,
7279600,308,,
7280000,307,,
7280400,307,,
7280796,308,,
7281200,309,,
7281600,309,,
7282000,309,,
7282396,309,,
7282800,309,,
7283200,310,,
7283596,309,,
7284000,308,,
7284400,309,,
7284804,308,,
7285196,308,,
7285600,309,,
7286000,309,,
7286396,309,,
7286796,309,,
7287200,308,,
7287600,309,,
7287996,308,,
7288400,308,,
7288800,307,,
7289200,308,,
7289596,308,,
7290000,307,,
7290400,308,,
7290796,308,,
7291200,308,,
7291600,309,,
7292000,308,,
7292396,309,,
7292800,309,,
7293200,308,,
7293596,310,,
7293996,309,,
7294400,309,,
7294796,308,,
7295196,308,,
7295600,308,,
7296000,308,,
7296396,310,,
7296800,308,,
7297200,308,,
7297596,309,,
7298000,308,,
7298400,307,,
7298800,308,,
7299196,309,,
7299600,308,,
7300000,308,,
7300400,308,,
7300796,308,,
7301200,306,,
7301600,305,,
7301996,306,,
7302400,306,,
7302800,305,,
7303192,306,,
7303596,306,,
7304000,306,,
7304400,305,,
7304796,306,,
7305200,306,,
7305600,306,,
7306000,305,,
7306396,306,,
7306800,307,,
7307200,307,,
7307600,307,,
7307996,308,,
7308400,307,,
7308800,308,,
7309196,307,,
7309600,307,,
7310000,308,,
7310404,307,,
7310800,308,,
7311200,307,,
7311600,307,,
7311996,307,,
7312396,307,,
7312796,307,,
7313200,307,,
7313600,307,,
7314000,307,,
7314396,307,,
7314796,307,,
7315200,307,,
7315600,307,,
7316000,308,,
7316396,307,,
7316796,306,,
7317200,308,,
7317600,307,,
7318000,306,,
7318396,307,,
7318796,307,,
7319200,307,,
7319592,307,,
7320000,307,,
7320400,307,,
7320800,307,,
7321196,306,,
7321600,307,,
7322000,306,,
7322396,305,,
7322796,307,,
7323196,306,,
7323600,305,,
7324000,306,,
7324396,306,,
7324796,305,,
7325196,306,,
7325600,306,,
7326000,305,,
7326396,306,,
7326800,306,,
7327200,306,,
7327600,306,,
7328000,307,,
7328396,306,,
7328796,306,,
7329200,305,,
7329600,306,,
7330000,307,,
7330396,305,,
7330800,307,,
7331200,306,,
7331596,306,,
7332000,307,,
7332396,307,,
7332800,307,,
7333200,307,,
7333596,307,,
7333996,308,,
7334396,307,,
7334800,308,,
7335200,308,,
7335596,308,,
7336004,308,,
7336400,308,,
7336800,308,,
7337200,307,,
7337596,307,,
7337996,307,,
7338396,306,,
7338796,306,,
7339196,307,,
7339600,307,,
7339996,307,,
7340396,306,,
7340796,307,,
7341196,307,,
7341600,307,,
7341996,307,,
7342396,306,,
7342800,307,,
7343200,306,,
7343600,307,,
7343996,308,,
7344396,307,,
7344800,307,,
7345192,306,,
7345600,308,,
7346000,307,,
7346400,307,,
7346796,308,,
7347200,308,,
7347600,307,,
7347996,307,,
7348400,308,,
7348796,307,,
7349200,308,,
7349600,309,,
7349996,307,,
7350396,307,,
7350796,307,,
7351200,307,,
7351600,306,,
7351996,307,,
7352400,308,,
7352800,307,,
7353200,308,,
7353600,307,,
7353996,308,,
7354396,306,,
7354800,306,,
7355200,307,,
7355600,307,,
7355996,306,,
7356400,307,,
7356800,307,,
7357200,306,,
7357600,307,,
7357996,306,,
7358400,307,,
7358800,306,,
7359196,306,,
7359596,306,,
7359996,307,,
7360400,308,,
7360800,308,,
7361196,308,,
7361604,309,,
7361996,310,,
7362400,309,,
7362800,308,,
7363196,308,,
7363596,308,,
7364000,307,,
7364396,306,,
7364796,306,,
7365200,306,,
7365596,307,,
7365996,307,,
7366396,307,,
7366796,307,,
7367200,307,,
7367596,307,,
7367996,307,,
7368400,307,,
7368796,307,,
7369200,308,,
7369596,307,,
7369996,306,,
7370400,305,,
7370796,307,,
7371200,307,,
7371596,307,,
7371996,308,,
7372400,308,,
7372796,307,,
7373200,306,,
7373596,306,,
7373996,306,,
7374400,306,,
7374796,306,,
7375196,307,,
7375596,306,,
7375996,306,,
7376400,306,,
7376796,306,,
7377196,306,,
7377600,305,,
7377996,307,,
7378400,307,,
7378796,307,,
7379196,308,,
7379600,308,,
7379996,307,,
7380396,307,,
7380800,307,,
7381200,306,,
7381596,307,,
7381996,307,,
7382396,308,,
7382800,307,,
7383200,307,,
7383596,308,,
7384000,308,,
7384400,305,,
7384800,307,,
7385200,306,,
7385596,306,,
7386000,309,,
7386400,307,,
7386796,307,,
7387204,307,,
7387596,307,,
7388000,308,,
7388400,307,,
7388796,306,,
7389196,306,,
7389600,306,,
7389996,307,,
7390396,307,,
7390800,309,,
7391200,306,,
7391600,305,,
7391996,306,,
7392396,307,,
7392800,307,,
7393196,308,,
7393596,311,,
7393996,311,,
7394396,312,,
7394800,312,,
7395196,311,,
7395596,311,,
7395996,310,,
7396396,309,,
7396796,309,,
7397200,310,,
7397600,308,,
7398000,308,,
7398396,307,,
7398796,307,,
7399200,308,,
7399600,306,,
7399996,306,,
7400396,307,,
7400796,305,,
7401200,305,,
7401600,303,,
7401996,305,,
7402400,306,,
7402796,307,,
7403200,307,,
7403600,307,,
7403996,308,,
7404400,308,,
7404800,308,,
7405200,308,,
7405592,308,,
7405996,308,,
7406400,309,,
7406800,307,,
7407200,307,,
7407596,308,,
7407996,308,,
7408400,308,,
7408800,308,,
7409196,308,,
7409596,310,,
7409996,309,,
7410400,309,,
7410800,309,,
7411196,309,,
7411596,308,,
7411996,309,,
7412400,310,,
7412804,311,,
7413196,309,,
7413600,310,,
7414000,310,,
7414400,310,,
7414792,309,,
7415200,309,,
7415596,309,,
7415996,308,,
7416396,307,,
7416800,307,,
7417200,305,,
7417596,306,,
7417996,307,,
7418396,306,,
7418800,306,,
7419200,307,,
7419596,307,,
7419996,308,,
7420400,308,,
7420800,307,,
7421200,309,,
7421596,308,,
7421996,308,,
7422396,307,,
7422796,307,,
7423196,307,,
7423600,308,,
7423996,307,,
7424396,309,,
7424800,309,,
7425196,307,,
7425600,307,,
7425996,308,,
7426396,307,,
7426800,306,,
7427200,307,,
7427600,307,,
7427996,307,,
7428396,306,,
7428800,308,,
7429200,307,,
7429596,308,,
7429996,307,,
7430396,308,,
7430800,308,,
7431192,307,,
7431596,308,,
7432000,308,,
7432396,308,,
7432800,307,,
7433196,308,,
7433596,307,,
7434000,306,,
7434400,307,,
7434800,306,,
7435196,307,,
7435596,308,,
7436000,307,,
7436400,308,,
7436800,308,,
7437196,307,,
7437596,308,,
7438000,307,,
7438404,308,,
7438796,307,,
7439196,308,,
7439596,308,,
7440000,307,,
7440392,308,,
7440800,307,,
7441200,308,,
7441600,307,,
7441996,307,,
7442400,306,,
7442800,306,,
7443196,306,,
7443600,306,,
7443996,306,,
7444400,305,,
7444800,306,,
7445196,306,,
7445596,305,,
7445996,305,,
7446400,305,,
7446800,306,,
7447196,305,,
7447596,306,,
7448000,305,,
7448396,305,,
7448796,305,,
7449200,305,,
7449596,305,,
7449996,307,,
7450396,306,,
7450796,305,,
7451200,306,,
7451596,305,,
7451996,305,,
7452396,306,,
7452796,305,,
7453200,306,,
7453596,304,,
7453996,306,,
7454400,307,,
7454800,307,,
7455200,306,,
7455596,307,,
7455996,307,,
7456400,307,,
7456796,307,,
7457196,308,,
7457600,306,,
7458000,307,,
7458396,307,,
7458800,307,,
7459196,308,,
7459600,307,,
7460000,307,,
7460396,308,,
7460800,307,,
7461200,307,,
7461600,308,,
7462000,306,,
7462396,307,,
7462800,307,,
7463200,308,,
7463600,307,,
7464004,307,,
7464396,307,,
7464800,307,,
7465200,307,,
7465596,308,,
7465996,307,,
7466400,307,,
7466796,307,,
7467196,308,,
7467600,308,,
7468000,307,,
7468400,307,,
7468796,307,,
7469196,306,,
7469600,306,,
7470000,307,,
7470396,307,,
7470796,307,,
7471196,308,,
7471600,307,,
7471996,308,,
7472396,307,,
7472800,308,,
7473196,307,,
7473596,307,,
7474000,309,,
7474400,309,,
7474796,309,,
7475196,308,,
7475596,308,,
7476000,308,,
7476400,308,,
7476796,307,,
7477196,308,,
7477596,308,,
7478000,308,,
7478400,308,,
7478796,308,,
7479200,308,,
7479600,308,,
7480000,307,,
7480400,307,,
7480796,307,,
7481200,307,,
7481600,308,,
7482000,308,,
7482392,307,,
7482796,308,,
7483200,308,,
7483600,309,,
7484000,310,,
7484396,306,,
7484796,308,,
7485200,307,,
7485600,308,,
7485996,307,,
7486396,307,,
7486796,306,,
7487200,307,,
7487600,308,,
7487996,308,,
7488400,307,,
7488796,307,,
7489200,307,,
7489604,306,,
7489996,307,,
7490400,307,,
7490800,307,,
7491200,308,,
7491592,307,,
7492000,308,,
7492396,307,,
7492796,307,,
7493196,307,,
7493600,307,,
7494000,307,,
7494396,306,,
7494796,307,,
7495200,307,,
7495600,307,,
7496000,307,,
7496396,306,,
7496796,307,,
7497200,307,,
7497600,307,,
7498000,306,,
7498396,308,,
7498796,308,,
7499196,308,,
7499596,309,,
7499996,308,,
7500400,308,,
7500796,307,,
7501196,308,,
7501600,308,,
7502000,308,,
7502400,307,,
7502796,307,,
7503196,308,,
7503600,308,,
7504000,307,,
7504400,308,,
7504796,309,,
7505196,307,,
7505600,307,,
7506000,307,,
7506396,307,,
7506796,306,,
7507196,306,,
7507600,307,,
7507992,307,,
7508396,306,,
7508796,307,,
7509196,307,,
7509600,308,,
7509996,307,,
7510396,308,,
7510800,308,,
7511200,307,,
7511600,307,,
7511996,307,,
7512396,307,,
7512800,306,,
7513200,307,,
7513596,309,,
7513996,307,,
7514396,307,,
7514800,307,,
7515204,308,,
7515596,307,,
7515996,307,,
7516396,308,,
7516800,308,,
7517192,308,,
7517600,307,,
7518000,308,,
7518400,308,,
7518796,307,,
7519200,308,,
7519600,308,,
7519996,308,,
7520396,308,,
7520796,308,,
7521200,308,,
7521600,307,,
7521996,307,,
7522396,307,,
7522796,307,,
7523200,307,,
7523600,307,,
7523996,307,,
7524396,307,,
7524800,306,,
7525196,308,,
7525596,306,,
7526000,306,,
7526396,308,,
7526796,308,,
7527196,308,,
7527596,309,,
7528000,308,,
7528396,309,,
7528796,307,,
7529200,308,,
7529596,308,,
7530000,308,,
7530396,307,,
7530796,308,,
7531200,307,,
7531600,308,,
7532000,308,,
7532396,307,,
7532796,308,,
7533200,307,,
7533596,307,,
7533996,308,,
7534400,308,,
7534800,307,,
7535196,307,,
7535600,309,,
7536000,308,,
7536400,307,,
7536800,308,,
7537196,307,,
7537600,307,,
7538000,308,,
7538400,307,,
7538800,307,,
7539196,307,,
7539600,306,,
7540000,306,,
7540400,307,,
7540804,305,,
7541196,307,,
7541600,307,,
7542000,306,,
7542396,307,,
7542796,307,,
7543200,307,,
7543596,308,,
7543996,307,,
7544400,308,,
7544800,307,,
7545200,307,,
7545596,308,,
7545996,307,,
7546400,307,,
7546796,308,,
7547200,307,,
7547596,308,,
7547996,307,,
7548400,307,,
7548796,307,,
7549196,307,,
7549596,308,,
7549996,307,,
7550396,307,,
7550800,308,,
7551200,308,,
7551600,308,,
7551996,307,,
7552396,308,,
7552800,307,,
7553200,307,,
7553596,308,,
7553996,307,,
7554396,307,,
7554800,308,,
7555200,308,,
7555596,308,,
7556000,308,,
7556400,308,,
7556800,307,,
7557200,309,,
7557596,309,,
7558000,309,,
7558400,307,,
7558800,308,,
7559192,307,,
7559596,307,,
7560000,309,,
7560400,310,,
7560796,310,,
7561196,310,,
7561596,309,,
7562000,309,,
7562400,308,,
7562796,307,,
7563196,308,,
7563596,309,,
7564000,310,,
7564400,311,,
7564796,309,,
7565200,309,,
7565600,309,,
7566000,308,,
7566404,308,,
7566796,307,,
7567200,307,,
7567600,307,,
7568000,308,,
7568392,308,,
7568800,308,,
7569196,308,,
7569596,307,,
7569996,307,,
7570400,307,,
7570800,307,,
7571196,306,,
7571596,307,,
7572000,307,,
7572400,307,,
7572800,307,,
7573196,307,,
7573596,307,,
7574000,308,,
7574400,307,,
7574800,307,,
7575196,308,,
7575596,307,,
7575996,308,,
7576400,309,,
7576796,308,,
7577200,309,,
7577596,309,,
7577996,307,,
7578400,309,,
7578800,308,,
7579200,309,,
7579596,308,,
7579996,308,,
7580400,308,,
7580800,309,,
7581200,308,,
7581596,309,,
7581996,310,,
7582400,309,,
7582800,309,,
7583196,308,,
7583596,306,,
7583996,306,,
7584400,306,,
7584792,306,,
7585196,307,,
7585600,308,,
7585996,308,,
7586400,307,,
7586796,307,,
7587196,308,,
7587600,307,,
7588000,307,,
7588400,307,,
7588796,308,,
7589196,308,,
7589600,307,,
7590000,308,,
7590400,308,,
7590796,307,,
7591196,307,,
7591600,308,,
7592004,307,,
7592396,308,,
7592796,307,,
7593196,308,,
7593600,307,,
7593992,308,,
7594400,308,,
7594800,308,,
7595200,309,,
7595596,308,,
7596000,308,,
7596400,309,,
7596800,308,,
7597200,308,,
7597596,308,,
7598000,309,,
7598400,309,,
7598796,309,,
7599196,309,,
7599600,309,,
7600000,309,,
7600400,308,,
7600796,309,,
7601196,308,,
7601596,309,,
7601996,308,,
7602396,308,,
7602800,308,,
7603196,308,,
7603596,309,,
7603996,309,,
7604396,309,,
7604800,309,,
7605196,309,,
7605596,309,,
7606000,308,,
7606400,308,,
7606800,308,,
7607196,308,,
7607596,307,,
7608000,309,,
7608400,309,,
7608800,308,,
7609196,307,,
7609596,308,,
7610000,309,,
7610392,308,,
7610800,309,,
7611196,308,,
7611596,308,,
7612000,308,,
7612396,309,,
7612796,309,,
7613196,308,,
7613596,309,,
7614000,309,,
7614396,309,,
7614796,309,,
7615200,309,,
7615596,309,,
7616000,310,,
7616396,309,,
7616796,309,,
7617200,307,,
7617604,308,,
7618000,308,,
7618396,309,,
7618796,308,,
7619200,309,,
7619592,308,,
7619996,309,,
7620400,308,,
7620800,308,,
7621196,309,,
7621600,309,,
7622000,309,,
7622400,309,,
7622800,309,,
7623196,308,,
7623600,309,,
7624000,309,,
7624400,309,,
7624800,308,,
7625196,307,,
7625600,308,,
7626000,308,,
7626396,308,,
7626796,309,,
7627200,309,,
7627596,308,,
7627996,308,,
7628400,308,,
7628804,307,,
7629200,307,,
7629596,308,,
7629996,307,,
7630400,308,,
7630800,307,,
7631200,307,,
7631596,308,,
7631996,307,,
7632400,308,,
7632796,308,,
7633196,308,,
7633596,307,,
7633996,307,,
7634400,307,,
7634796,306,,
7635196,307,,
7635596,307,,
7635996,307,,
7636396,306,,
7636800,307,,
7637200,308,,
7637600,306,,
7637996,307,,
7638396,306,,
7638800,306,,
7639200,307,,
7639596,306,,
7639996,307,,
7640396,307,,
7640800,307,,
7641200,308,,
7641596,309,,
7642000,308,,
7642400,308,,
7642800,307,,
7643204,308,,
7643596,307,,
7644000,308,,
7644400,307,,
7644800,307,,
7645192,308,,
7645600,307,,
7645996,308,,
7646396,308,,
7646800,307,,
7647200,308,,
7647600,307,,
7647996,307,,
7648396,307,,
7648800,307,,
7649200,307,,
7649600,307,,
7649996,306,,
7650396,308,,
7650800,308,,
7651196,306,,
7651600,307,,
7651996,308,,
7652396,306,,
7652796,308,,
7653200,307,,
7653600,307,,
7654000,307,,
7654396,307,,
7654796,307,,
7655200,307,,
7655600,308,,
7656000,306,,
7656396,306,,
7656796,306,,
7657200,306,,
7657600,307,,
7657996,306,,
7658396,306,,
7658796,306,,
7659200,307,,
7659600,306,,
7659996,307,,
7660396,308,,
7660796,307,,
7661200,307,,
7661592,307,,
7661996,308,,
7662400,307,,
7662800,307,,
7663200,309,,
7663596,308,,
7663996,309,,
7664400,307,,
7664800,307,,
7665200,307,,
7665596,307,,
7665996,307,,
7666400,308,,
7666800,307,,
7667200,307,,
7667596,307,,
7667996,308,,
7668400,307,,
7668804,308,,
7669196,307,,
7669596,307,,
7669996,306,,
7670400,307,,
7670792,306,,
7671200,307,,
7671600,308,,
7672000,308,,
7672396,308,,
7672800,308,,
7673200,309,,
7673596,309,,
7674000,309,,
7674396,308,,
7674800,308,,
7675200,308,,
7675596,307,,
7675996,309,,
7676396,307,,
7676800,308,,
7677200,307,,
7677596,308,,
7677996,308,,
7678400,308,,
7678796,308,,
7679196,307,,
7679600,307,,
7679996,308,,
7680396,308,,
7680796,308,,
7681196,308,,
7681600,307,,
7681996,308,,
7682396,308,,
7682796,308,,
7683200,309,,
7683600,309,,
7683996,309,,
7684396,309,,
7684800,309,,
7685200,310,,
7685600,309,,
7685996,309,,
7686396,308,,
7686800,308,,
7687192,308,,
7687596,309,,
7687996,308,,
7688396,308,,
7688800,309,,
7689196,308,,
7689596,308,,
7689996,308,,
7690396,308,,
7690800,308,,
7691196,308,,
7691596,307,,
7692000,308,,
7692400,307,,
7692800,308,,
7693196,308,,
7693596,309,,
7694000,309,,
7694404,309,,
7694800,308,,
7695196,309,,
7695596,308,,
7696000,307,,
7696392,309,,
7696796,308,,
7697200,308,,
7697600,307,,
7697996,308,,
7698400,309,,
7698800,307,,
7699200,308,,
7699600,308,,
7699996,309,,
7700400,309,,
7700800,308,,
7701200,308,,
7701600,307,,
7701996,307,,
7702400,308,,
7702800,308,,
7703196,307,,
7703596,308,,
7704000,309,,
7704396,308,,
7704796,307,,
7705200,308,,
7705604,307,,
7706000,308,,
7706396,307,,
7706796,308,,
7707200,308,,
7707596,308,,
7708000,306,,
7708396,308,,
7708796,309,,
7709200,308,,
7709596,308,,
7709996,309,,
7710396,309,,
7710796,309,,
7711200,308,,
7711596,309,,
7711996,308,,
7712400,308,,
7712796,308,,
7713196,308,,
7713600,308,,
7714000,308,,
7714396,308,,
7714796,307,,
7715196,307,,
7715600,308,,
7716000,307,,
7716396,308,,
7716796,307,,
7717196,306,,
7717600,307,,
7718000,308,,
7718396,308,,
7718800,308,,
7719200,309,,
7719600,308,,
7720004,308,,
7720396,308,,
7720800,308,,
7721200,307,,
7721600,307,,
7721992,306,,
7722400,307,,
7722796,307,,
7723196,308,,
7723596,308,,
7724000,309,,
7724400,308,,
7724796,308,,
7725196,307,,
7725600,308,,
7726000,307,,
7726400,307,,
7726796,307,,
7727196,307,,
7727600,308,,
7727996,306,,
7728396,307,,
7728796,307,,
7729196,306,,
7729596,307,,
7730000,307,,
7730400,307,,
7730800,306,,
7731196,307,,
7731596,307,,
7732000,308,,
7732400,307,,
7732800,307,,
7733196,308,,
7733596,307,,
7734000,308,,
7734400,307,,
7734796,307,,
7735196,308,,
7735596,308,,
7736000,309,,
7736400,308,,
7736796,309,,
7737200,308,,
7737596,308,,
7738000,309,,
7738392,307,,
7738796,309,,
7739200,307,,
7739600,309,,
7740000,308,,
7740396,308,,
7740796,309,,
7741200,307,,
7741600,308,,
7742000,308,,
7742396,307,,
7742796,308,,
7743200,308,,
7743600,308,,
7743996,308,,
7744396,307,,
7744796,306,,
7745200,307,,
7745604,308,,
7745996,308,,
7746396,307,,
7746796,308,,
7747200,308,,
7747592,307,,
7748000,307,,
7748400,308,,
7748800,307,,
7749196,307,,
7749600,308,,
7750000,308,,
7750396,307,,
7750796,307,,
7751196,307,,
7751600,308,,
7752000,308,,
7752396,308,,
7752796,308,,
7753196,307,,
7753600,307,,
7754000,306,,
7754396,308,,
7754796,307,,
7755200,308,,
7755596,307,,
7755996,307,,
7756400,309,,
7756796,307,,
7757196,308,,
7757596,307,,
7757996,307,,
7758400,307,,
7758796,307,,
7759196,308,,
7759600,307,,
7759996,307,,
7760400,307,,
7760796,308,,
7761196,308,,
7761600,308,,
7762000,308,,
7762400,308,,
7762796,308,,
7763196,308,,
7763600,307,,
7763992,308,,
7764400,308,,
7764796,307,,
7765196,307,,
7765600,306,,
7765996,307,,
7766396,308,,
7766796,306,,
7767196,307,,
7767600,307,,
7767996,307,,
7768396,307,,
7768800,307,,
7769200,308,,
7769600,307,,
7769996,307,,
7770396,306,,
7770800,307,,
7771204,307,,
7771600,307,,
7771996,308,,
7772396,308,,
7772800,308,,
7773192,307,,
7773600,307,,
7774000,306,,
7774400,307,,
7774796,307,,
7775200,308,,
7775600,308,,
7776000,308,,
7776400,309,,
7776796,308,,
7777200,307,,
7777600,308,,
7777996,308,,
7778400,307,,
7778796,308,,
7779200,307,,
7779600,307,,
7779996,307,,
7780396,307,,
7780800,307,,
7781196,307,,
7781596,307,,
7782000,307,,
7782404,307,,
7782800,308,,
7783196,308,,
7783596,308,,
7784000,308,,
7784396,308,,
7784796,309,,
7785196,309,,
7785596,308,,
7786000,307,,
7786396,308,,
7786796,308,,
7787196,308,,
7787596,307,,
7788000,308,,
7788396,307,,
7788796,307,,
7789200,307,,
7789596,307,,
7789996,307,,
7790400,307,,
7790800,307,,
7791196,307,,
7791596,307,,
7791996,306,,
7792400,306,,
7792800,305,,
7793196,306,,
7793600,307,,
7793996,307,,
7794400,306,,
7794800,306,,
7795196,306,,
7795600,306,,
7796000,305,,
7796400,305,,
7796804,305,,
7797196,306,,
7797600,305,,
7798000,305,,
7798400,306,,
7798792,306,,
7799200,306,,
7799596,305,,
7799996,306,,
7800400,307,,
7800800,306,,
7801200,305,,
7801596,306,,
7801996,306,,
7802400,306,,
7802800,305,,
7803200,306,,
7803596,307,,
7803996,306,,
7804400,306,,
7804800,307,,
7805200,307,,
7805596,306,,
7805996,305,,
7806396,306,,
7806800,305,,
7807200,306,,
7807600,306,,
7807996,306,,
7808396,306,,
7808800,305,,
7809200,305,,
7809600,306,,
7809996,304,,
7810396,306,,
7810800,306,,
7811200,305,,
7811596,306,,
7811996,305,,
7812396,305,,
7812800,306,,
7813200,305,,
7813596,306,,
7814000,305,,
7814400,306,,
7814800,307,,
7815192,305,,
7815596,307,,
7816000,305,,
7816400,306,,
7816800,305,,
7817196,305,,
7817596,305,,
7818000,305,,
7818400,306,,
7818800,304,,
7819196,306,,
7819596,305,,
7820000,305,,
7820400,306,,
7820796,304,,
7821196,306,,
7821596,304,,
7822000,305,,
7822404,305,,
7822796,304,,
7823200,305,,
7823596,304,,
7824000,306,,
7824392,306,,
7824800,306,,
7825196,307,,
7825600,305,,
7825996,305,,
7826400,306,,
7826800,305,,
7827196,305,,
7827596,306,,
7827996,305,,
7828400,306,,
7828800,306,,
7829196,307,,
7829596,307,,
7830000,307,,
7830400,308,,
7830800,307,,
7831196,307,,
7831596,307,,
7831996,307,,
7832396,306,,
7832796,306,,
7833200,306,,
7833596,306,,
7833996,307,,
7834396,307,,
7834796,306,,
7835200,306,,
7835596,307,,
7835996,307,,
7836400,306,,
7836800,307,,
7837200,307,,
7837596,306,,
7837996,305,,
7838400,307,,
7838800,306,,
7839200,306,,
7839596,306,,
7839996,306,,
7840400,307,,
7840792,307,,
7841196,308,,
7841596,307,,
7841996,308,,
7842400,306,,
7842796,308,,
7843196,307,,
7843596,307,,
7843996,309,,
7844400,307,,
7844796,308,,
7845196,308,,
7845600,307,,
7846000,308,,
7846400,307,,
7846796,308,,
7847196,307,,
7847600,307,,
7848004,307,,
7848400,307,,
7848796,307,,
7849196,307,,
7849600,308,,
7849992,307,,
7850396,308,,
7850800,307,,
7851200,308,,
7851596,307,,
7852000,308,,
7852400,307,,
7852800,308,,
7853200,307,,
7853596,307,,
7854000,307,,
7854400,306,,
7854796,308,,
7855196,307,,
7855596,308,,
7856000,307,,
7856400,307,,
7856796,308,,
7857196,307,,
7857600,307,,
7857996,308,,
7858396,307,,
7858800,307,,
7859196,307,,
7859600,307,,
7859996,307,,
7860396,307,,
7860800,307,,
7861196,307,,
7861596,308,,
7861996,306,,
7862396,308,,
7862800,308,,
7863196,308,,
7863596,308,,
7864000,308,,
7864396,308,,
7864800,307,,
7865196,307,,
7865596,307,,
7866000,307,,
7866396,307,,
7866796,308,,
7867200,307,,
7867600,308,,
7867996,308,,
7868396,308,,
7868796,308,,
7869200,308,,
7869600,309,,
7869996,308,,
7870400,308,,
7870800,309,,
7871200,308,,
7871600,309,,
7871996,309,,
7872400,308,,
7872800,308,,
7873200,308,,
7873604,307,,
7873996,307,,
7874400,308,,
7874800,308,,
7875200,309,,
7875592,309,,
7876000,310,,
7876396,310,,
7876796,310,,
7877200,309,,
7877600,309,,
7878000,308,,
7878396,309,,
7878796,308,,
7879200,308,,
7879600,309,,
7880000,308,,
7880396,308,,
7880796,308,,
7881200,309,,
7881596,309,,
7882000,308,,
7882396,308,,
7882796,308,,
7883196,308,,
7883600,308,,
7884000,307,,
7884400,309,,
7884796,308,,
7885196,308,,
7885600,309,,
7886000,309,,
7886400,308,,
7886796,309,,
7887196,309,,
7887600,308,,
7888000,309,,
7888396,309,,
7888796,308,,
7889196,307,,
7889600,307,,
7890000,307,,
7890396,307,,
7890796,308,,
7891196,308,,
7891600,309,,
7891992,307,,
7892396,308,,
7892800,307,,
7893200,306,,
7893600,307,,
7893996,307,,
7894396,307,,
7894800,308,,
7895200,307,,
7895600,307,,
7895996,308,,
7896396,308,,
7896800,308,,
7897200,307,,
7897596,307,,
7897996,307,,
7898396,307,,
7898800,308,,
7899204,307,,
7899596,308,,
7900000,308,,
7900400,307,,
7900800,308,,
7901192,308,,
7901600,307,,
7901996,308,,
7902396,309,,
7902796,308,,
7903200,308,,
7903600,308,,
7903996,309,,
7904396,308,,
7904796,307,,
7905200,308,,
7905600,308,,
7905996,308,,
7906396,308,,
7906800,307,,
7907200,307,,
7907600,307,,
7907996,308,,
7908396,308,,
7908796,307,,
7909196,307,,
7909596,308,,
7910000,308,,
7910396,308,,
7910796,308,,
7911200,307,,
7911596,308,,
7912000,307,,
7912396,307,,
7912796,308,,
7913200,307,,
7913600,308,,
7914000,308,,
7914396,308,,
7914796,308,,
7915200,308,,
7915600,308,,
7916000,308,,
7916396,308,,
7916796,309,,
7917200,308,,
7917592,309,,
7917996,309,,
7918396,308,,
7918796,309,,
7919200,308,,
7919596,309,,
7919996,307,,
7920400,308,,
7920796,309,,
7921200,308,,
7921596,310,,
7921996,308,,
7922400,309,,
7922800,309,,
7923200,308,,
7923596,309,,
7923996,309,,
7924400,308,,
7924808,309,,
7925200,308,,
7925596,309,,
7925996,308,,
7926400,308,,
7926792,309,,
7927200,308,,
7927600,310,,
7928000,308,,
7928396,309,,
7928800,309,,
7929200,309,,
7929600,309,,
7930000,309,,
7930396,309,,
7930800,308,,
7931200,308,,
7931600,309,,
7932000,307,,
7932396,308,,
7932800,308,,
7933200,307,,
7933596,309,,
7933996,307,,
7934400,308,,
7934796,308,,
7935196,308,,
7935600,308,,
7936004,308,,
7936400,308,,
7936796,308,,
7937196,308,,
7937600,308,,
7937996,309,,
7938400,309,,
7938796,307,,
7939196,307,,
7939600,307,,
7939996,308,,
7940396,307,,
7940800,307,,
7941200,308,,
7941600,307,,
7941996,308,,
7942396,308,,
7942800,307,,
7943196,309,,
7943596,308,,
7944000,308,,
7944400,308,,
7944796,308,,
7945200,309,,
7945596,309,,
7946000,308,,
7946400,309,,
7946796,308,,
7947200,308,,
7947600,308,,
7948000,308,,
7948400,308,,
7948796,307,,
7949200,308,,
7949600,307,,
7950000,308,,
7950404,309,,
7950796,307,,
7951200,308,,
7951600,307,,
7951996,308,,
7952396,307,,
7952800,307,,
7953196,307,,
7953596,307,,
7954000,308,,
7954400,307,,
7954800,307,,
7955196,307,,
7955596,307,,
7956000,306,,
7956400,307,,
7956800,306,,
7957196,307,,
7957596,306,,
7958000,307,,
7958396,306,,
7958796,306,,
7959196,307,,
7959596,307,,
7959996,308,,
7960400,307,,
7960800,308,,
7961200,307,,
7961596,307,,
7961996,308,,
7962400,306,,
7962800,307,,
7963200,306,,
7963596,306,,
7963996,306,,
7964400,305,,
7964800,305,,
7965196,306,,
7965596,306,,
7965996,306,,
7966400,306,,
7966800,306,,
7967196,306,,
7967600,306,,
7967996,307,,
7968400,306,,
7968792,306,,
7969196,305,,
7969600,305,,
7970000,306,,
7970400,306,,
7970796,306,,
7971196,306,,
7971600,306,,
7972000,306,,
7972400,305,,
7972796,305,,
7973196,305,,
7973600,305,,
7974000,305,,
7974396,305,,
7974796,305,,
7975196,306,,
7975600,305,,
7976004,305,,
7976396,305,,
7976800,305,,
7977196,305,,
7977600,305,,
7977992,305,,
7978400,305,,
7978796,305,,
7979200,305,,
7979596,304,,
7980000,304,,
7980400,305,,
7980796,305,,
7981196,305,,
7981596,306,,
7982000,306,,
7982400,306,,
7982796,305,,
7983196,306,,
7983600,306,,
7984000,306,,
7984400,304,,
7984796,305,,
7985196,306,,
7985596,306,,
7985996,305,,
7986396,305,,
7986800,306,,
7987196,306,,
7987596,305,,
7988000,306,,
7988400,306,,
7988800,306,,
7989196,305,,
7989596,305,,
7990000,306,,
7990400,305,,
7990800,307,,
7991196,306,,
7991596,306,,
7992000,306,,
7992400,306,,
7992796,306,,
7993196,307,,
7993596,306,,
7994000,305,,
7994392,307,,
7994796,306,,
7995196,306,,
7995596,306,,
7996000,307,,
7996396,307,,
7996796,305,,
7997200,306,,
7997600,306,,
7998000,306,,
7998396,304,,
7998796,306,,
7999200,306,,
7999600,306,,
8000000,305,,
8000396,306,,
8000796,307,,
8001200,307,,
8001604,306,,
8002000,307,,
8002396,306,,
8002796,305,,
8003200,306,,
8003592,306,,
8004000,306,,
8004400,306,,
8004800,306,,
8005196,306,,
8005600,307,,
8006000,307,,
8006400,306,,
8006800,306,,
8007196,306,,
8007600,307,,
8008000,305,,
8008396,307,,
8008800,307,,
8009196,306,,
8009600,306,,
8010000,306,,
8010396,307,,
8010796,307,,
8011200,307,,
8011596,306,,
8011996,307,,
8012400,307,,
8012808,307,,
8013200,306,,
8013596,306,,
8013996,306,,
8014400,306,,
8014796,306,,
8015196,306,,
8015596,306,,
8015996,306,,
8016400,307,,
8016796,307,,
8017196,307,,
8017596,307,,
8017996,308,,
8018400,307,,
8018796,307,,
8019196,307,,
8019600,307,,
8019996,307,,
8020396,308,,
8020800,308,,
8021200,329,,
8021596,315,,
8021996,343,,
8022396,652,,
8022800,394,,8022428
8023200,113,,
8023596,309,,
8024000,380,,
8024400,243,,
8024796,331,,
8025196,379,,
8025600,259,,
8026000,305,,
8026396,324,,
8026800,291,,
8027204,325,,
8027596,304,,
8028000,321,,
8028400,308,,
8028800,303,,
8029192,317,,
8029596,317,,
8030000,295,,
8030400,301,,
8030796,310,,
8031200,315,,
8031600,311,,
8031996,304,,
8032396,306,,
8032800,308,,
8033200,324,,
8033596,288,,
8034000,336,,
8034400,316,,
8034796,298,,
8035200,307,,
8035600,316,,
8036000,303,,
8036392,317,,
8036796,302,,
8037200,319,,
8037600,291,,
8037996,279,,
8038408,319,,
8038800,304,,
8039196,309,,
8039596,310,,
8040000,322,,
8040400,305,,
8040796,319,,
8041200,319,,
8041600,305,,
8041996,313,,
8042400,313,,
8042800,307,,
8043200,307,,
8043596,318,,
8044000,298,,
8044400,311,,
8044796,307,,
8045200,305,,
8045596,300,,
8046000,311,,
8046396,307,,
8046796,311,,
8047200,312,,
8047600,317,,
8047996,305,,
8048400,313,,
8048800,307,,
8049196,295,,
8049600,303,,
8050000,305,,
8050400,317,,
8050796,286,,
8051200,309,,
8051600,324,,
8051996,306,,
8052400,312,,
8052804,311,,
8053200,323,,
8053596,311,,
8054000,314,,
8054400,311,,
8054792,310,,
8055196,302,,
8055600,305,,
8056000,317,,
8056400,304,,
8056796,308,,
8057200,304,,
8057600,307,,
8057996,309,,
8058400,311,,
8058800,309,,
8059196,316,,
8059600,311,,
8060000,316,,
8060400,304,,
8060796,304,,
8061200,312,,
8061600,311,,
8061992,304,,
8062396,312,,
8062800,304,,
8063200,324,,
8063600,305,,
8063996,318,,
8064400,312,,
8064800,310,,
8065196,314,,
8065600,303,,
8066000,309,,
8066400,300,,
8066796,306,,
8067200,299,,
8067600,309,,
8067996,312,,
8068400,311,,
8068800,304,,
8069200,302,,
8069596,308,,
8070000,308,,
8070400,311,,
8070796,314,,
8071196,304,,
8071600,310,,
8072000,306,,
8072396,303,,
8072800,310,,
8073200,311,,
8073600,311,,
8073996,313,,
8074400,309,,
8074800,313,,
8075196,309,,
8075600,310,,
8076000,311,,
8076400,311,,
8076796,303,,
8077200,310,,
8077600,308,,
8077996,309,,
8078408,308,,
8078800,308,,
8079196,310,,
8079596,315,,
8080000,308,,
8080396,310,,
8080800,306,,
8081196,307,,
8081600,306,,
8082000,309,,
8082396,304,,
8082800,306,,
8083200,304,,
8083600,307,,
8083996,305,,
8084400,309,,
8084800,307,,
8085196,312,,
8085600,304,,
8086000,303,,
8086400,305,,
8086796,305,,
8087200,306,,
8087596,310,,
8088000,308,,
8088396,309,,
8088800,304,,
8089200,311,,
8089596,309,,
8089996,310,,
8090400,309,,
8090800,307,,
8091196,306,,
8091600,306,,
8092000,306,,
8092396,311,,
8092796,305,,
8093200,307,,
8093600,315,,
8093996,306,,
8094400,309,,
8094800,312,,
8095196,309,,
8095600,307,,
8096000,308,,
8096400,308,,
8096792,309,,
8097200,311,,
8097600,307,,
8097996,310,,
8098400,308,,
8098800,306,,
8099200,311,,
8099596,307,,
8100000,307,,
8100400,311,,
8100796,310,,
8101200,313,,
8101600,310,,
8101996,307,,
8102400,307,,
8102800,304,,
8103200,306,,
8103596,306,,
8104008,307,,
8104400,308,,
8104796,311,,
8105200,308,,
8105600,307,,
8105996,308,,
8106400,310,,
8106796,305,,
8107200,306,,
8107600,308,,
8107996,308,,
8108400,309,,
8108800,306,,
8109200,308,,
8109596,307,,
8110000,306,,
8110400,309,,
8110796,310,,
8111200,310,,
8111600,305,,
8111996,307,,
8112396,306,,
8112800,307,,
8113196,307,,
8113600,309,,
8113996,307,,
8114400,307,,
8114800,308,,
8115196,308,,
8115600,307,,
8116000,311,,
8116400,306,,
8116796,307,,
8117200,308,,
8117600,308,,
8117996,308,,
8118400,308,,
8118800,307,,
8119196,305,,
8119596,308,,
8120000,308,,
8120400,309,,
8120796,308,,
8121200,309,,
8121600,308,,
8121996,305,,
8122400,307,,
8122796,307,,
8123200,308,,
8123600,305,,
8123996,307,,
8124400,307,,
8124800,307,,
8125200,307,,
8125596,308,,
8126000,309,,
8126400,308,,
8126800,308,,
8127196,307,,
8127600,308,,
8128000,308,,
8128396,307,,
8128800,308,,
8129200,306,,
8129604,308,,
8129996,308,,
8130400,308,,
8130800,307,,
8131196,309,,
8131596,308,,
8132000,308,,
8132400,308,,
8132796,307,,
8133200,308,,
8133600,307,,
8134000,307,,
8134396,307,,
8134800,307,,
8135200,309,,
8135596,307,,
8136000,308,,
8136400,308,,
8136800,309,,
8137196,309,,
8137600,307,,
8138000,307,,
8138396,307,,
8138796,307,,
8139200,306,,
8139596,307,,
8139996,306,,
8140400,309,,
8140800,308,,
8141196,307,,
8141600,308,,
8142000,308,,
8142396,309,,
8142800,308,,
8143200,310,,
8143600,307,,
8143996,308,,
8144400,309,,
8144800,307,,
8145196,309,,
8145600,309,,
8146000,308,,
8146400,307,,
8146796,307,,
8147200,308,,
8147600,308,,
8147992,306,,
8148400,309,,
8148800,306,,
8149200,308,,
8149596,306,,
8150000,306,,
8150400,307,,
8150800,307,,
8151196,309,,
8151600,309,,
8152000,307,,
8152400,309,,
8152796,307,,
8153200,307,,
8153600,308,,
8153996,306,,
8154400,307,,
8154800,306,,
8155204,308,,
8155596,305,,
8156000,307,,
8156400,306,,
8156796,307,,
8157196,307,,
8157600,307,,
8158000,307,,
8158396,306,,
8158800,307,,
8159200,307,,
8159600,307,,
8159996,306,,
8160400,307,,
8160800,306,,
8161196,306,,
8161600,307,,
8162000,307,,
8162400,307,,
8162796,305,,
8163200,305,,
8163600,305,,
8163996,306,,
8164396,307,,
8164800,306,,
8165196,306,,
8165596,306,,
8166000,306,,
8166400,306,,
8166796,307,,
8167200,307,,
8167600,307,,
8168000,308,,
8168396,307,,
8168800,307,,
8169200,307,,
8169596,306,,
8170000,307,,
8170400,308,,
8170800,307,,
8171196,308,,
8171600,308,,
8172000,308,,
8172396,308,,
8172800,308,,
8173200,309,,
8173592,309,,
8174000,309,,
8174400,308,,
8174800,307,,
8175196,307,,
8175600,307,,
8176000,307,,
8176400,308,,
8176796,308,,
8177200,309,,
8177600,308,,
8178000,309,,
8178396,308,,
8178800,307,,
8179200,307,,
8179596,308,,
8180000,307,,
8180400,307,,
8180804,307,,
8181196,308,,
8181600,307,,
8182000,307,,
8182396,308,,
8182796,309,,
8183200,308,,
8183600,308,,
8183996,308,,
8184400,309,,
8184800,308,,
8185200,309,,
8185596,309,,
8186000,310,,
8186400,310,,
8186796,309,,
8187200,309,,
8187600,308,,
8188000,309,,
8188396,309,,
8188800,310,,
8189200,309,,
8189596,309,,
8189996,309,,
8190400,310,,
8190796,309,,
8191196,308,,
8191600,309,,
8192000,309,,
8192396,309,,
8192800,310,,
8193200,309,,
8193596,309,,
8194000,310,,
8194400,309,,
8194800,310,,
8195196,310,,
8195600,309,,
8196000,310,,
8196400,309,,
8196796,308,,
8197200,308,,
8197600,310,,
8197996,310,,
8198400,309,,
8198800,309,,
8199192,310,,
8199596,310,,
8200000,310,,
8200400,311,,
8200796,310,,
8201200,308,,
8201600,309,,
8202000,310,,
8202396,310,,
8202800,310,,
8203200,311,,
8203600,311,,
8203996,310,,
8204400,312,,
8204800,310,,
8205196,310,,
8205600,310,,
8206000,309,,
8206404,309,,
8206796,308,,
8207200,309,,
8207600,308,,
8207996,308,,
8208396,308,,
8208800,309,,
8209200,309,,
8209596,308,,
8210000,308,,
8210400,308,,
8210800,308,,
8211196,308,,
8211600,310,,
8212000,309,,
8212396,311,,
8212800,310,,
8213200,311,,
8213600,311,,
8213996,311,,
8214400,311,,
8214800,310,,
8215196,310,,
8215596,310,,
8216000,310,,
8216396,310,,
8216796,311,,
8217200,310,,
8217600,310,,
8217996,310,,
8218400,310,,
8218800,310,,
8219200,309,,
8219596,310,,
8220000,310,,
8220400,309,,
8220796,310,,
8221200,309,,
8221600,309,,
8222000,309,,
8222400,308,,
8222800,308,,
8223196,309,,
8223600,308,,
8224000,308,,
8224400,307,,
8224792,308,,
8225196,308,,
8225600,308,,
8226000,309,,
8226396,309,,
8226796,308,,
8227196,309,,
8227600,307,,
8228000,308,,
8228396,308,,
8228800,307,,
8229196,309,,
8229600,308,,
8230000,308,,
8230396,309,,
8230800,307,,
8231200,309,,
8231600,308,,
8232004,309,,
8232396,308,,
8232800,307,,
8233200,308,,
8233600,307,,
8233992,308,,
8234400,307,,
8234796,308,,
8235196,308,,
8235600,308,,
8236000,308,,
8236400,308,,
8236796,308,,
8237196,308,,
8237600,308,,
8238000,308,,
8238400,308,,
8238796,308,,
8239196,309,,
8239600,309,,
8239996,307,,
8240396,309,,
8240796,308,,
8241196,308,,
8241596,307,,
8242000,307,,
8242400,308,,
8242800,307,,
8243196,308,,
8243596,307,,
8244000,307,,
8244400,308,,
8244796,308,,
8245196,307,,
8245596,307,,
8246000,307,,
8246400,306,,
8246796,307,,
8247196,306,,
8247596,306,,
8248000,305,,
8248400,307,,
8248796,305,,
8249200,306,,
8249600,305,,
8250000,306,,
8250392,307,,
8250796,307,,
8251200,306,,
8251600,308,,
8252000,306,,
8252396,307,,
8252796,308,,
8253200,307,,
8253600,307,,
8254000,307,,
8254396,307,,
8254796,307,,
8255200,306,,
8255600,308,,
8255996,307,,
8256396,307,,
8256796,306,,
8257200,307,,
8257604,307,,
8257996,307,,
8258400,306,,
8258796,306,,
8259200,306,,
8259592,306,,
8260000,306,,
8260396,307,,
8260800,307,,
8261196,306,,
8261600,306,,
8262000,306,,
8262396,306,,
8262796,306,,
8263196,306,,
8263600,307,,
8264000,306,,
8264396,307,,
8264796,306,,
8265200,306,,
8265600,307,,
8266000,306,,
8266396,305,,
8266796,306,,
8267196,306,,
8267596,306,,
8267996,306,,
8268400,307,,
8268796,307,,
8269196,307,,
8269596,308,,
8269996,306,,
8270400,307,,
8270796,306,,
8271196,306,,
8271600,306,,
8272000,306,,
8272400,306,,
8272796,307,,
8273196,307,,
8273600,308,,
8274000,307,,
8274400,308,,
8274796,308,,
8275196,307,,
8275600,307,,
8275992,307,,
8276396,307,,
8276796,307,,
8277196,308,,
8277600,307,,
8277996,308,,
8278396,307,,
8278796,307,,
8279196,306,,
8279600,307,,
8279996,308,,
8280396,307,,
8280800,308,,
8281200,307,,
8281600,306,,
8281996,306,,
8282396,305,,
8282800,306,,
8283204,307,,
8283596,308,,
8283996,307,,
8284396,306,,
8284800,306,,
8285192,305,,
8285600,306,,
8286000,306,,
8286400,307,,
8286796,307,,
8287200,307,,
8287600,307,,
8288000,306,,
8288400,307,,
8288796,307,,
8289200,307,,
8289600,308,,
8289996,307,,
8290396,308,,
8290796,307,,
8291200,306,,
8291600,307,,
8291996,307,,
8292396,307,,
8292800,307,,
8293196,308,,
8293596,307,,
8294000,307,,
8294396,308,,
8294800,307,,
8295196,308,,
8295596,307,,
8296000,306,,
8296396,307,,
8296796,306,,
8297196,306,,
8297596,307,,
8298000,306,,
8298396,306,,
8298796,307,,
8299200,306,,
8299596,306,,
8300000,307,,
8300396,308,,
8300796,307,,
8301200,307,,
8301596,308,,
8301996,307,,
8302400,307,,
8302800,306,,
8303196,307,,
8303596,306,,
8303996,307,,
8304400,307,,
8304800,306,,
8305196,308,,
8305600,306,,
8306000,307,,
8306400,307,,
8306800,306,,
8307196,306,,
8307600,306,,
8308000,307,,
8308400,306,,
8308804,308,,
8309196,308,,
8309600,308,,
8310000,307,,
8310400,307,,
8310792,307,,
8311200,308,,
8311596,307,,
8311996,307,,
8312400,307,,
8312800,307,,
8313200,308,,
8313596,307,,
8313996,308,,
8314400,307,,
8314800,308,,
8315200,308,,
8315596,307,,
8315996,308,,
8316400,308,,
8316796,308,,
8317200,308,,
8317596,308,,
8317996,307,,
8318396,308,,
8318800,308,,
8319200,307,,
8319600,307,,
8319996,307,,
8320396,307,,
8320800,307,,
8321200,307,,
8321600,308,,
8321996,307,,
8322396,307,,
8322800,308,,
8323200,307,,
8323596,307,,
8324000,308,,
8324396,309,,
8324800,308,,
8325200,307,,
8325596,307,,
8326000,308,,
8326400,307,,
8326800,307,,
8327192,308,,
8327596,308,,
8328000,307,,
8328400,307,,
8328800,307,,
8329196,307,,
8329596,306,,
8330000,307,,
8330400,308,,
8330796,308,,
8331196,307,,
8331596,308,,
8332000,307,,
8332400,307,,
8332796,308,,
8333196,307,,
8333596,307,,
8334000,308,,
8334404,307,,
8334796,307,,
8335200,308,,
8335600,308,,
8336000,307,,
8336392,307,,
8336800,307,,
8337196,307,,
8337596,307,,
8337996,306,,
8338400,306,,
8338800,306,,
8339196,306,,
8339596,307,,
8339996,307,,
8340400,307,,
8340800,308,,
8341196,308,,
8341596,308,,
8342000,309,,
8342400,308,,
8342800,308,,
8343196,308,,
8343596,308,,
8343996,307,,
8344396,308,,
8344796,308,,
8345200,308,,
8345596,309,,
8345996,308,,
8346400,308,,
8346796,309,,
8347200,308,,
8347596,308,,
8347996,307,,
8348400,308,,
8348800,308,,
8349200,307,,
8349596,308,,
8349996,308,,
8350400,307,,
8350800,308,,
8351200,307,,
8351596,308,,
8351996,307,,
8352400,309,,
8352792,308,,
8353196,308,,
8353596,307,,
8353996,307,,
8354400,307,,
8354796,307,,
8355196,307,,
8355600,306,,
8355996,307,,
8356400,308,,
8356796,307,,
8357196,308,,
8357600,307,,
8358000,308,,
8358400,307,,
8358796,308,,
8359196,307,,
8359600,307,,
8360008,308,,
8360400,306,,
8360796,308,,
8361196,308,,
8361600,309,,
8361992,308,,
8362400,308,,
8362800,308,,
8363200,309,,
8363596,308,,
8364000,308,,
8364400,308,,
8364800,308,,
8365200,308,,
8365596,307,,
8366000,307,,
8366400,309,,
8366796,309,,
8367196,308,,
8367596,308,,
8368000,309,,
8368400,308,,
8368796,308,,
8369196,308,,
8369600,307,,
8369996,307,,
8370396,307,,
8370800,307,,
8371196,308,,
8371596,309,,
8371996,308,,
8372396,309,,
8372800,309,,
8373196,309,,
8373596,309,,
8373996,308,,
8374396,308,,
8374800,307,,
8375196,307,,
8375596,307,,
8376000,307,,
8376400,308,,
8376800,307,,
8377196,307,,
8377596,308,,
8378000,308,,
8378396,309,,
8378796,308,,
8379200,308,,
8379600,308,,
8379996,307,,
8380400,308,,
8380796,309,,
8381200,307,,
8381600,307,,
8381996,307,,
8382400,308,,
8382800,308,,
8383200,308,,
8383600,308,,
8383996,308,,
8384400,308,,
8384800,308,,
8385200,307,,
8385604,308,,
8385996,307,,
8386400,306,,
8386800,307,,
8387196,307,,
8387596,307,,
8388000,308,,
8388396,307,,
8388796,308,,
8389200,309,,
8389600,307,,
8390000,307,,
8390396,308,,
8390796,309,,
8391200,308,,
8391600,307,,
8392000,309,,
8392396,308,,
8392796,308,,
8393200,309,,
8393596,308,,
8393996,309,,
8394396,308,,
8394796,308,,
8395196,308,,
8395600,308,,
8396000,308,,
8396400,308,,
8396796,308,,
8397196,308,,
8397600,307,,
8398000,308,,
8398400,307,,
8398796,307,,
8399196,308,,
8399600,308,,
8400000,308,,
8400396,308,,
8400796,307,,
8401196,307,,
8401600,306,,
8402000,306,,
8402396,306,,
8402800,307,,
8403196,307,,
8403600,307,,
8403992,307,,
8404396,307,,
8404800,307,,
8405200,306,,
8405600,306,,
8405996,306,,
8406396,305,,
8406800,306,,
8407200,305,,
8407600,306,,
8407996,306,,
8408396,306,,
8408800,306,,
8409200,306,,
8409596,305,,
8410000,307,,
8410396,307,,
8410800,308,,
8411204,307,,
8411596,308,,
8412000,308,,
8412400,307,,
8412800,309,,
8413192,308,,
8413600,307,,
8413996,307,,
8414396,306,,
8414796,307,,
8415200,307,,
8415600,307,,
8415996,307,,
8416396,308,,
8416800,306,,
8417200,306,,
8417600,307,,
8417996,306,,
8418396,306,,
8418800,306,,
8419200,306,,
8419600,307,,
8419996,307,,
8420396,306,,
8420796,305,,
8421196,306,,
8421596,306,,
8422000,306,,
8422396,306,,
8422796,305,,
8423200,305,,
8423600,305,,
8424000,305,,
8424396,305,,
8424796,305,,
8425200,305,,
8425600,306,,
8426000,305,,
8426396,306,,
8426796,306,,
8427200,306,,
8427600,306,,
8427996,306,,
8428396,305,,
8428796,304,,
8429200,305,,
8429592,305,,
8429996,304,,
8430396,306,,
8430796,306,,
8431200,306,,
8431596,305,,
8431996,306,,
8432400,306,,
8432800,306,,
8433200,305,,
8433596,305,,
8433996,307,,
8434400,306,,
8434800,305,,
8435200,306,,
8435596,306,,
8435996,306,,
8436400,306,,
8436804,307,,
8437200,307,,
8437596,306,,
8437996,307,,
8438400,306,,
8438792,307,,
8439200,306,,
8439600,306,,
8440000,305,,
8440396,306,,
8440800,306,,
8441200,307,,
8441600,307,,
8442000,307,,
8442396,307,,
8442800,307,,
8443200,307,,
8443596,307,,
8444000,307,,
8444396,306,,
8444800,307,,
8445200,307,,
8445596,306,,
8445996,307,,
8446400,309,,
8446796,307,,
8447196,307,,
8447600,308,,
8448008,308,,
8448400,307,,
8448796,307,,
8449196,307,,
8449600,307,,
8449996,306,,
8450396,308,,
8450796,307,,
8451196,307,,
8451600,308,,
8451996,307,,
8452396,308,,
8452800,307,,
8453200,307,,
8453600,308,,
8453996,306,,
8454396,308,,
8454800,307,,
8455196,307,,
8455596,307,,
8456000,306,,
8456400,307,,
8456796,308,,
8457200,308,,
8457600,308,,
8458000,308,,
8458400,308,,
8458796,308,,
8459200,307,,
8459600,307,,
8460000,307,,
8460400,309,,
8460796,307,,
8461200,309,,
8461600,307,,
8462000,309,,
8462404,309,,
8462796,308,,
8463200,308,,
8463600,308,,
8463996,308,,
8464396,307,,
8464800,307,,
8465196,307,,
8465596,307,,
8466000,308,,
8466400,308,,
8466800,307,,
8467196,307,,
8467596,307,,
8468000,307,,
8468396,307,,
8468800,308,,
8469196,307,,
8469596,307,,
8470000,308,,
8470396,307,,
8470796,307,,
8471196,308,,
8471596,307,,
8471996,307,,
8472400,308,,
8472800,307,,
8473200,307,,
8473596,308,,
8473996,308,,
8474400,310,,
8474800,308,,
8475196,308,,
8475596,307,,
8475996,308,,
8476400,308,,
8476800,307,,
8477196,307,,
8477596,307,,
8477996,306,,
8478400,307,,
8478800,307,,
8479196,307,,
8479600,307,,
8480000,307,,
8480400,307,,
8480792,307,,
8481196,306,,
8481600,307,,
8482000,306,,
8482400,306,,
8482796,307,,
8483196,307,,
8483600,307,,
8484000,306,,
8484396,306,,
8484796,307,,
8485196,306,,
8485600,306,,
8486000,306,,
8486396,306,,
8486796,307,,
8487196,306,,
8487600,307,,
8488004,307,,
8488396,308,,
8488800,308,,
8489200,307,,
8489600,307,,
8489992,306,,
8490400,306,,
8490796,307,,
8491196,307,,
8491596,307,,
8492000,307,,
8492400,308,,
8492796,308,,
8493196,308,,
8493596,309,,
8494000,309,,
8494400,309,,
8494796,308,,
8495196,309,,
8495600,308,,
8496000,308,,
8496400,308,,
8496796,307,,
8497196,307,,
8497596,306,,
8498000,306,,
8498396,307,,
8498800,306,,
8499196,307,,
8499596,306,,
8500000,307,,
8500400,306,,
8500800,306,,
8501196,306,,
8501596,307,,
8502000,307,,
8502400,307,,
8502800,306,,
8503196,306,,
8503596,306,,
8504000,307,,
8504400,307,,
8504796,308,,
8505196,307,,
8505596,307,,
8506000,308,,
8506392,306,,
8506796,306,,
8507200,306,,
8507596,307,,
8508000,307,,
8508396,306,,
8508796,307,,
8509200,307,,
8509600,307,,
8510000,307,,
8510396,307,,
8510796,308,,
8511200,307,,
8511600,306,,
8512000,308,,
8512396,307,,
8512796,307,,
8513200,307,,
8513604,307,,
8513996,308,,
8514396,307,,
8514796,307,,
8515200,307,,
8515592,307,,
8516000,309,,
8516400,308,,
8516800,307,,
8517196,308,,
8517600,307,,
8518000,307,,
8518400,308,,
8518800,307,,
8519196,307,,
8519600,307,,
8520000,307,,
8520396,308,,
8520796,307,,
8521196,307,,
8521600,308,,
8522000,307,,
8522396,307,,
8522796,307,,
8523200,306,,
8523596,306,,
8523996,306,,
8524400,308,,
8524796,307,,
8525200,307,,
8525596,307,,
8525996,307,,
8526400,308,,
8526796,308,,
8527196,308,,
8527596,308,,
8527996,308,,
8528400,308,,
8528796,307,,
8529196,307,,
8529600,307,,
8529996,307,,
8530400,308,,
8530796,308,,
8531196,307,,
8531600,308,,
8531996,308,,
8532396,306,,
8532800,308,,
8533200,307,,
8533596,307,,
8533996,307,,
8534396,307,,
8534800,307,,
8535200,307,,
8535596,308,,
8536000,307,,
8536400,308,,
8536800,307,,
8537200,307,,
8537596,307,,
8538000,306,,
8538400,307,,
8538796,307,,
8539204,307,,
8539596,307,,
8540000,306,,
8540400,308,,
8540796,307,,
8541196,307,,
8541600,308,,
8541996,307,,
8542396,308,,
8542800,307,,
8543200,306,,
8543600,308,,
8543996,306,,
8544396,306,,
8544800,306,,
8545196,308,,
8545596,307,,
8545996,308,,
8546396,308,,
8546800,308,,
8547196,307,,
8547596,308,,
8547996,307,,
8548396,307,,
8548796,307,,
8549200,307,,
8549600,307,,
8550000,307,,
8550396,307,,
8550796,308,,
8551200,307,,
8551600,308,,
8551996,308,,
8552396,307,,
8552796,308,,
8553200,306,,
8553600,308,,
8553996,306,,
8554400,307,,
8554796,308,,
8555200,307,,
8555600,307,,
8555996,306,,
8556400,307,,
8556800,307,,
8557200,307,,
8557592,307,,
8557996,308,,
8558400,307,,
8558800,307,,
8559200,308,,
8559596,307,,
8559996,308,,
8560400,309,,
8560800,308,,
8561196,308,,
8561596,308,,
8561996,307,,
8562400,307,,
8562800,307,,
8563196,308,,
8563600,308,,
8563996,308,,
8564400,308,,
8564804,307,,
8565196,307,,
8565600,308,,
8566000,307,,
8566400,308,,
8566792,307,,
8567200,307,,
8567596,307,,
8567996,307,,
8568396,308,,
8568800,308,,
8569200,308,,
8569596,308,,
8569996,308,,
8570400,307,,
8570800,308,,
8571200,308,,
8571596,307,,
8571996,308,,
8572400,308,,
8572800,308,,
8573200,307,,
8573596,307,,
8573996,306,,
8574396,306,,
8574796,307,,
8575196,306,,
8575600,307,,
8575996,305,,
8576396,305,,
8576800,305,,
8577200,306,,
8577600,306,,
8577996,306,,
8578396,306,,
8578800,306,,
8579200,306,,
8579596,307,,
8579996,308,,
8580396,307,,
8580800,306,,
8581200,307,,
8581596,307,,
8581996,306,,
8582396,306,,
8582800,306,,
8583192,307,,
8583596,307,,
8584000,307,,
8584400,307,,
8584800,307,,
8585196,306,,
8585596,307,,
8586000,306,,
8586400,306,,
8586800,306,,
8587196,306,,
8587596,307,,
8588000,306,,
8588400,307,,
8588800,306,,
8589196,307,,
8589596,307,,
8590000,306,,
8590404,306,,
8590796,306,,
8591196,306,,
8591596,306,,
8592000,306,,
8592392,307,,
8592800,307,,
8593200,308,,
8593600,308,,
8593996,308,,
8594400,307,,
8594800,307,,
8595196,307,,
8595600,307,,
8595996,307,,
8596400,306,,
8596800,306,,
8597196,307,,
8597596,308,,
8597996,308,,
8598400,307,,
8598800,307,,
8599196,308,,
8599596,307,,
8600000,307,,
8600396,308,,
8600796,308,,
8601200,307,,
8601596,307,,
8601996,309,,
8602396,308,,
8602796,307,,
8603200,307,,
8603596,308,,
8603996,308,,
8604396,308,,
8604796,308,,
8605200,308,,
8605596,307,,
8605996,308,,
8606400,308,,
8606800,307,,
8607200,308,,
8607596,308,,
8607996,307,,
8608400,307,,
8608796,307,,
8609196,307,,
8609600,307,,
8610000,309,,
8610396,308,,
8610800,308,,
8611196,308,,
8611600,309,,
8612000,308,,
8612396,308,,
8612800,308,,
8613200,308,,
8613600,307,,
8614000,307,,
8614396,308,,
8614800,307,,
8615200,308,,
8615600,307,,
8616004,308,,
8616396,308,,
8616800,307,,
8617200,307,,
8617596,307,,
8617996,308,,
8618400,308,,
8618796,307,,
8619196,308,,
8619600,308,,
8620000,308,,
8620400,308,,
8620796,309,,
8621196,309,,
8621600,307,,
8621996,308,,
8622396,308,,
8622796,307,,
8623196,308,,
8623600,307,,
8623996,308,,
8624396,308,,
8624800,308,,
8625196,307,,
8625600,308,,
8625996,307,,
8626396,307,,
8626800,307,,
8627204,307,,
8627600,306,,
8627996,307,,
8628396,307,,
8628800,307,,
8629196,309,,
8629600,307,,
8629996,307,,
8630396,308,,
8630800,308,,
8631196,309,,
8631596,309,,
8631996,308,,
8632396,309,,
8632800,309,,
8633196,308,,
8633596,309,,
8634000,308,,
8634396,308,,
8634796,309,,
8635200,309,,
8635600,308,,
8635996,309,,
8636396,308,,
8636796,309,,
8637200,309,,
8637600,309,,
8637996,309,,
8638396,309,,
8638796,307,,
8639200,308,,
8639600,309,,
8639996,308,,
8640400,309,,
8640800,309,,
8641200,310,,
8641604,309,,
8641996,308,,
8642400,308,,
8642800,308,,
8643200,308,,
8643592,309,,
8644000,308,,
8644396,309,,
8644796,309,,
8645196,308,,
8645600,309,,
8646000,308,,
8646396,309,,
8646796,308,,
8647200,308,,
8647600,308,,
8648000,307,,
8648396,307,,
8648796,307,,
8649200,308,,
8649600,307,,
8650000,306,,
8650396,307,,
8650796,307,,
8651196,307,,
8651600,307,,
8651996,307,,
8652400,307,,
8652796,306,,
8653196,307,,
8653600,307,,
8654000,307,,
8654400,308,,
8654796,307,,
8655196,308,,
8655600,308,,
8656000,308,,
8656400,309,,
8656796,309,,
8657196,309,,
8657600,309,,
8658000,309,,
8658396,309,,
8658796,308,,
8659196,309,,
8659600,309,,
8659992,310,,
8660396,310,,
8660796,308,,
8661196,310,,
8661600,309,,
8661996,310,,
8662396,309,,
8662800,310,,
8663200,309,,
8663600,309,,
8663996,308,,
8664396,308,,
8664800,308,,
8665200,308,,
8665596,309,,
8665996,307,,
8666396,308,,
8666800,307,,
8667204,308,,
8667596,308,,
8667996,308,,
8668396,308,,
8668800,308,,
8669192,309,,
8669600,309,,
8670000,308,,
8670400,308,,
8670796,308,,
8671200,308,,
8671600,308,,
8671996,309,,
8672396,309,,
8672796,308,,
8673200,308,,
8673600,308,,
8673996,308,,
8674396,307,,
8674796,307,,
8675200,308,,
8675600,307,,
8675996,306,,
8676396,307,,
8676800,307,,
8677196,308,,
8677596,308,,
8678000,308,,
8678396,308,,
8678796,308,,
8679196,308,,
8679596,307,,
8680000,308,,
8680396,308,,
8680796,307,,
8681200,308,,
8681596,309,,
8682000,309,,
8682396,309,,
8682796,309,,
8683200,309,,
8683600,308,,
8684000,309,,
8684396,308,,
8684796,308,,
8685200,308,,
8685592,309,,
8686000,308,,
8686396,308,,
8686796,308,,
8687200,308,,
8687596,309,,
8687996,308,,
8688396,308,,
8688796,308,,
8689200,307,,
8689596,308,,
8689996,308,,
8690400,308,,
8690796,308,,
8691200,307,,
8691596,308,,
8691996,308,,
8692400,307,,
8692804,308,,
8693200,308,,
8693596,307,,
8693996,307,,
8694400,307,,
8694796,307,,
8695196,307,,
8695600,308,,
8696000,309,,
8696396,308,,
8696800,308,,
8697200,308,,
8697600,307,,
8698000,307,,
8698396,307,,
8698800,306,,
8699200,307,,
8699600,307,,
8700000,308,,
8700396,307,,
8700800,307,,
8701200,306,,
8701600,308,,
8701992,307,,
8702400,307,,
8702796,307,,
8703196,306,,
8703600,307,,
8704004,307,,
8704400,308,,
8704796,308,,
8705196,308,,
8705600,307,,
8706000,309,,
8706400,309,,
8706796,308,,
8707196,309,,
8707600,308,,
8707996,309,,
8708396,308,,
8708796,308,,
8709196,309,,
8709600,309,,
8709996,307,,
8710396,308,,
8710800,308,,
8711196,308,,
8711596,308,,
8712000,308,,
8712400,308,,
8712796,308,,
8713196,308,,
8713596,307,,
8714000,308,,
8714400,307,,
8714796,308,,
8715200,308,,
8715596,308,,
8716000,307,,
8716400,308,,
8716796,308,,
8717200,307,,
8717600,308,,
8718000,307,,
8718404,306,,
8718796,307,,
8719200,307,,
8719600,307,,
8720000,308,,
8720392,307,,
8720800,308,,
8721196,309,,
8721596,308,,
8722000,308,,
8722400,308,,
8722800,307,,
8723196,307,,
8723596,307,,
8724000,308,,
8724400,308,,
8724800,308,,
8725196,308,,
8725596,308,,
8726000,308,,
8726400,308,,
8726800,308,,
8727196,308,,
8727596,308,,
8727996,307,,
8728400,307,,
8728800,307,,
8729200,306,,
8729596,307,,
8729996,306,,
8730400,307,,
8730800,306,,
8731200,307,,
8731596,307,,
8731996,307,,
8732400,308,,
8732800,308,,
8733200,307,,
8733596,308,,
8733996,306,,
8734400,307,,
8734800,307,,
8735196,307,,
8735596,308,,
8735996,308,,
8736400,307,,
8736792,307,,
8737196,308,,
8737600,307,,
8737996,307,,
8738400,307,,
8738796,307,,
8739196,307,,
8739600,307,,
8740000,307,,
8740400,307,,
8740796,307,,
8741196,306,,
8741600,306,,
8742000,306,,
8742400,305,,
8742796,305,,
8743196,306,,
8743600,305,,
8744004,306,,
8744396,305,,
8744796,305,,
8745196,306,,
8745600,306,,
8745992,305,,
8746400,306,,
8746800,307,,
8747200,306,,
8747596,305,,
8748000,306,,
8748400,305,,
8748796,307,,
8749200,306,,
8749596,306,,
8750000,306,,
8750400,307,,
8750796,306,,
8751196,306,,
8751600,307,,
8752000,307,,
8752400,306,,
8752796,306,,
8753196,307,,
8753596,305,,
8753996,305,,
8754396,305,,
8754800,306,,
8755196,305,,
8755596,306,,
8755996,306,,
8756396,306,,
8756800,306,,
8757196,306,,
8757596,305,,
8758000,305,,
8758400,306,,
8758800,305,,
8759196,305,,
8759596,306,,
8760000,306,,
8760400,306,,
8760800,307,,
8761196,306,,
8761596,306,,
8762000,306,,
8762392,306,,
8762796,307,,
8763196,306,,
8763596,307,,
8764000,306,,
8764396,305,,
8764796,306,,
8765196,306,,
8765596,305,,
8766000,306,,
8766396,305,,
8766796,305,,
8767200,304,,
8767600,305,,
8768000,304,,
8768396,304,,
8768796,305,,
8769200,305,,
8769604,305,,
8770000,304,,
8770396,306,,
8770796,305,,
8771200,305,,
8771592,306,,
8771996,306,,
8772400,305,,
8772800,306,,
8773196,305,,
8773600,305,,
8774000,306,,
8774400,306,,
8774800,306,,
8775196,305,,
8775600,307,,
8776000,305,,
8776400,306,,
8776800,306,,
8777196,306,,
8777600,307,,
8778000,305,,
8778396,306,,
8778796,306,,
8779200,305,,
8779596,306,,
8779996,305,,
8780400,305,,
8780804,305,,
8781200,305,,
8781596,307,,
8781996,306,,
8782400,309,,
8782800,308,,
8783200,308,,
8783596,308,,
8783996,307,,
8784400,306,,
8784796,306,,
8785196,306,,
8785596,307,,
8785996,307,,
8786400,308,,
8786796,308,,
8787196,308,,
8787596,307,,
8787996,307,,
8788396,307,,
8788800,306,,
8789200,306,,
8789600,307,,
8789996,307,,
8790396,306,,
8790800,306,,
8791200,306,,
8791596,306,,
8791996,306,,
8792396,307,,
8792800,307,,
8793200,307,,
8793596,308,,
8794000,307,,
8794400,307,,
8794800,307,,
8795204,307,,
8795596,307,,
8796000,307,,
8796400,307,,
8796800,307,,
8797192,306,,
8797600,307,,
8797996,307,,
8798396,307,,
8798800,307,,
8799200,307,,
8799600,307,,
8799996,307,,
8800396,307,,
8800800,307,,
8801200,309,,
8801600,308,,
8801996,309,,
8802396,308,,
8802800,308,,
8803196,309,,
8803600,309,,
8803996,308,,
8804396,308,,
8804796,308,,
8805200,308,,
8805600,308,,
8806000,309,,
8806396,308,,
8806796,307,,
8807200,309,,
8807600,307,,
8808000,308,,
8808396,308,,
8808796,308,,
8809200,309,,
8809600,308,,
8809996,310,,
8810396,309,,
8810796,309,,
8811200,308,,
8811600,308,,
8811996,308,,
8812396,309,,
8812796,309,,
8813200,309,,
8813592,309,,
8813996,308,,
8814400,309,,
8814800,309,,
8815200,308,,
8815596,309,,
8815996,309,,
8816400,308,,
8816800,309,,
8817200,308,,
8817596,308,,
8817996,309,,
8818400,309,,
8818800,309,,
8819196,310,,
8819596,309,,
8819996,309,,
8820400,310,,
8820804,309,,
8821196,308,,
8821596,309,,
8821996,308,,
8822400,308,,
8822792,308,,
8823200,309,,
8823600,309,,
8824000,309,,
8824396,309,,
8824800,309,,
8825200,309,,
8825596,309,,
8825996,309,,
8826396,309,,
8826800,309,,
8827200,309,,
8827596,309,,
8827996,310,,
8828396,309,,
8828800,309,,
8829200,310,,
8829596,309,,
8829996,310,,
8830400,310,,
8830796,309,,
8831196,309,,
8831600,310,,
8831996,310,,
8832396,310,,
8832796,309,,
8833196,309,,
8833600,309,,
8833996,309,,
8834396,310,,
8834800,309,,
8835200,310,,
8835600,310,,
8835996,309,,
8836396,310,,
8836800,309,,
8837200,310,,
8837600,310,,
8837996,310,,
8838396,309,,
8838800,308,,
8839192,310,,
8839596,309,,
8839996,308,,
8840396,309,,
8840800,310,,
8841196,309,,
8841596,309,,
8842000,309,,
8842396,309,,
8842800,309,,
8843196,309,,
8843596,309,,
8844000,309,,
8844400,309,,
8844800,309,,
8845196,309,,
8845596,309,,
8846000,309,,
8846408,308,,
8846800,308,,
8847196,308,,
8847596,307,,
8848000,308,,
8848392,307,,
8848800,307,,
8849200,307,,
8849600,307,,
8849996,308,,
8850400,307,,
8850800,308,,
8851200,308,,
8851600,308,,
8851996,308,,
8852400,308,,
8852800,308,,
8853200,308,,
8853600,308,,
8853996,308,,
8854400,307,,
8854800,308,,
8855196,307,,
8855596,308,,
8856000,308,,
8856396,308,,
8856796,308,,
8857200,307,,
8857604,308,,
8858000,307,,
8858396,306,,
8858796,307,,
8859200,307,,
8859596,306,,
8860000,306,,
8860396,306,,
8860796,307,,
8861200,306,,
8861596,307,,
8861996,307,,
8862396,307,,
8862796,307,,
8863200,306,,
8863596,307,,
8863996,305,,
8864400,306,,
8864796,305,,
8865196,306,,
8865600,306,,
8866000,306,,
8866396,308,,
8866796,306,,
8867196,306,,
8867600,307,,
8868000,307,,
8868396,306,,
8868796,308,,
8869196,306,,
8869600,307,,
8870000,306,,
8870396,307,,
8870800,307,,
8871200,307,,
8871600,307,,
8872004,306,,
8872396,306,,
8872800,306,,
8873200,306,,
8873600,305,,
8873992,306,,
8874400,305,,
8874796,304,,
8875196,306,,
8875596,305,,
8876000,305,,
8876400,306,,
8876796,306,,
8877196,306,,
8877600,307,,
8878000,307,,
8878400,306,,
8878796,307,,
8879196,307,,
8879600,307,,
8879996,306,,
8880396,308,,
8880796,306,,
8881196,307,,
8881596,307,,
8882000,307,,
8882400,307,,
8882800,306,,
8883196,306,,
8883596,306,,
8884000,306,,
8884400,306,,
8884800,307,,
8885196,307,,
8885596,307,,
8886000,307,,
8886400,306,,
8886796,306,,
8887196,307,,
8887596,306,,
8888000,306,,
8888400,305,,
8888796,306,,
8889200,306,,
8889596,307,,
8890000,306,,
8890392,307,,
8890796,306,,
8891200,307,,
8891600,306,,
8892000,306,,
8892396,306,,
8892796,306,,
8893200,307,,
8893600,307,,
8894000,306,,
8894396,306,,
8894796,305,,
8895200,307,,
8895600,306,,
8895996,305,,
8896396,304,,
8896796,304,,
8897200,304,,
8897604,305,,
8897996,305,,
8898400,305,,
8898796,305,,
8899200,306,,
8899592,305,,
8900000,305,,
8900396,306,,
8900800,305,,
8901196,306,,
8901600,307,,
8902000,306,,
8902396,306,,
8902796,305,,
8903196,305,,
8903600,305,,
8904000,306,,
8904396,306,,
8904796,306,,
8905200,306,,
8905600,305,,
8906000,306,,
8906396,305,,
8906796,306,,
8907196,307,,
8907596,305,,
8907996,305,,
8908400,306,,
8908796,305,,
8909196,306,,
8909596,307,,
8909996,305,,
8910400,305,,
8910796,305,,
8911196,304,,
8911600,306,,
8912000,306,,
8912400,306,,
8912796,306,,
8913196,305,,
8913600,306,,
8914000,305,,
8914400,305,,
8914796,306,,
8915196,306,,
8915600,306,,
8915992,307,,
8916400,307,,
8916796,305,,
8917196,305,,
8917600,304,,
8917996,304,,
8918396,304,,
8918796,304,,
8919196,305,,
8919600,305,,
8919996,305,,
8920396,306,,
8920800,305,,
8921200,305,,
8921600,306,,
8921996,305,,
8922396,305,,
8922800,305,,
8923204,305,,
8923600,306,,
8923996,306,,
8924396,305,,
8924800,306,,
8925192,307,,
8925600,306,,
8926000,306,,
8926400,306,,
8926796,307,,
8927200,306,,
8927600,307,,
8928000,307,,
8928400,305,,
8928796,307,,
8929200,306,,
8929600,306,,
8929996,307,,
8930400,307,,
8930796,306,,
8931200,307,,
8931600,306,,
8931996,306,,
8932396,307,,
8932800,306,,
8933196,306,,
8933596,307,,
8934000,307,,
8934408,307,,
8934800,307,,
8935196,307,,
8935596,307,,
8936000,308,,
8936396,307,,
8936796,308,,
8937196,307,,
8937596,308,,
8938000,307,,
8938396,307,,
8938796,306,,
8939196,307,,
8939596,306,,
8940000,306,,
8940396,307,,
8940796,306,,
8941200,306,,
8941596,306,,
8941996,306,,
8942400,305,,
8942800,305,,
8943196,307,,
8943596,306,,
8943996,306,,
8944400,306,,
8944800,306,,
8945196,307,,
8945600,307,,
8945996,307,,
8946400,307,,
8946800,307,,
8947196,308,,
8947600,307,,
8948000,307,,
8948400,308,,
8948804,308,,
8949196,308,,
8949600,307,,
8950000,308,,
8950400,308,,
8950792,307,,
8951200,310,,
8951596,309,,
8951996,309,,
8952400,309,,
8952800,308,,
8953200,309,,
8953596,309,,
8953996,309,,
8954400,310,,
8954800,310,,
8955200,309,,
8955596,310,,
8955996,308,,
8956400,308,,
8956796,308,,
8957200,308,,
8957596,307,,
8957996,308,,
8958396,308,,
8958800,308,,
8959200,308,,
8959600,308,,
8959996,309,,
8960396,309,,
8960800,310,,
8961200,309,,
8961600,310,,
8961996,309,,
8962396,308,,
8962800,309,,
8963200,310,,
8963596,309,,
8963996,309,,
8964396,310,,
8964800,310,,
8965200,309,,
8965596,310,,
8966000,310,,
8966400,309,,
8966800,310,,
8967192,310,,
8967596,310,,
8968000,311,,
8968400,310,,
8968800,311,,
8969196,310,,
8969596,310,,
8970000,310,,
8970400,310,,
8970796,308,,
8971196,309,,
8971596,310,,
8972000,309,,
8972400,309,,
8972796,309,,
8973196,309,,
8973596,309,,
8974000,309,,
8974404,308,,
8974796,310,,
8975200,308,,
8975600,310,,
8976000,310,,
8976392,310,,
8976800,310,,
8977196,310,,
8977596,310,,
8977996,309,,
8978400,309,,
8978800,309,,
8979196,309,,
8979596,310,,
8979996,309,,
8980400,309,,
8980800,310,,
8981196,310,,
8981596,310,,
8982000,311,,
8982400,311,,
8982800,311,,
8983196,310,,
8983596,311,,
8983996,310,,
8984396,309,,
8984796,309,,
8985200,308,,
8985596,309,,
8985996,309,,
8986400,309,,
8986796,310,,
8987200,310,,
8987596,309,,
8987996,309,,
8988400,309,,
8988800,308,,
8989200,308,,
8989596,307,,
8989996,308,,
8990400,309,,
8990800,309,,
8991200,309,,
8991596,309,,
8991996,309,,
8992400,308,,
8992792,309,,
8993196,309,,
8993596,309,,
8993996,308,,
8994400,308,,
8994796,309,,
8995196,308,,
8995596,308,,
8995996,309,,
8996400,309,,
8996796,309,,
8997196,308,,
8997600,308,,
8998000,307,,
8998400,307,,
8998796,308,,
8999196,308,,
8999600,308,,
9000004,308,,
9000400,307,,
9000796,307,,
9001196,307,,
9001600,307,,
9001992,309,,
9002396,308,,
9002800,307,,
9003200,307,,
9003596,307,,
9004000,307,,
9004400,307,,
9004800,308,,
9005200,308,,
9005596,307,,
9006000,308,,
9006400,308,,
9006796,307,,
9007196,308,,
9007596,308,,
9008000,308,,
9008400,306,,
9008796,308,,
9009196,307,,
9009600,307,,
9009996,306,,
9010396,307,,
9010800,307,,
9011196,307,,
9011600,306,,
9011996,307,,
9012396,306,,
9012800,306,,
9013196,308,,
9013596,306,,
9013996,307,,
9014396,306,,
9014800,307,,
9015196,307,,
9015596,306,,
9016000,307,,
9016396,306,,
9016800,306,,
9017196,306,,
9017596,306,,
9018000,306,,
9018396,307,,
9018796,307,,
9019200,307,,
9019600,307,,
9019996,307,,
9020396,308,,
9020796,308,,
9021200,308,,
9021600,307,,
9021996,306,,
9022400,306,,
9022800,307,,
9023200,307,,
9023600,307,,
9023996,307,,
9024400,308,,
9024800,307,,
9025200,307,,
9025604,306,,
9025996,307,,
9026400,306,,
9026800,306,,
9027196,307,,
9027596,306,,
9028000,308,,
9028396,306,,
9028796,306,,
9029200,307,,
9029600,307,,
9030000,307,,
9030396,307,,
9030796,308,,
9031200,308,,
9031600,307,,
9032000,307,,
9032396,307,,
9032796,307,,
9033200,308,,
9033596,306,,
9033996,308,,
9034396,307,,
9034796,307,,
9035196,308,,
9035600,308,,
9036000,307,,
9036400,307,,
9036796,307,,
9037196,307,,
9037600,307,,
9038000,307,,
9038400,307,,
9038796,306,,
9039196,306,,
9039600,307,,
9040000,308,,
9040396,308,,
9040796,307,,
9041196,307,,
9041600,306,,
9042000,306,,
9042396,307,,
9042800,307,,
9043196,307,,
9043600,307,,
9043992,308,,
9044396,308,,
9044800,307,,
9045200,308,,
9045600,308,,
9045996,307,,
9046396,307,,
9046800,307,,
9047200,307,,
9047600,307,,
9047996,308,,
9048396,307,,
9048800,307,,
9049200,308,,
9049596,307,,
9050000,307,,
9050396,307,,
9050800,308,,
9051204,307,,
9051596,307,,
9052000,307,,
9052400,308,,
9052800,307,,
9053192,307,,
9053600,306,,
9053996,307,,
9054396,306,,
9054796,307,,
9055200,307,,
9055600,307,,
9055996,307,,
9056396,306,,
9056800,308,,
9057200,307,,
9057600,307,,
9057996,306,,
9058396,307,,
9058800,307,,
9059200,307,,
9059600,308,,
9059996,307,,
9060396,307,,
9060796,306,,
9061196,307,,
9061596,306,,
9062000,306,,
9062396,306,,
9062796,306,,
9063200,305,,
9063600,305,,
9064000,305,,
9064396,305,,
9064796,306,,
9065200,306,,
9065600,306,,
9066000,305,,
9066396,307,,
9066796,307,,
9067200,307,,
9067600,307,,
9068000,308,,
9068396,307,,
9068796,306,,
9069200,307,,
9069592,308,,
9069996,307,,
9070396,307,,
9070796,308,,
9071200,307,,
9071596,309,,
9071996,307,,
9072400,308,,
9072796,308,,
9073200,308,,
9073596,309,,
9073996,309,,
9074400,308,,
9074800,307,,
9075200,308,,
9075596,308,,
9075996,307,,
9076400,308,,
9076804,308,,
9077200,307,,
9077596,306,,
9077996,306,,
9078400,306,,
9078792,306,,
9079200,305,,
9079600,302,,
9080000,298,,
9080396,295,,
9080800,315,,
9081200,241,,
9081600,250,,
9082000,314,,
9082396,318,,
9082800,307,,
9083200,322,,
9083596,315,,
9084000,326,,
9084396,266,,
9084800,241,,
9085200,252,,
9085596,293,,
9085996,394,,
9086400,298,,
9086796,255,,
9087196,268,,
9087600,311,,
9088004,301,,
9088400,310,,
9088796,352,,
9089196,298,,
9089600,307,,
9089996,289,,
9090396,307,,
9090796,317,,
9091196,307,,
9091600,303,,
9091996,302,,
9092396,311,,
9092800,311,,
9093200,318,,
9093600,308,,
9093996,306,,
9094396,305,,
9094800,310,,
9095196,308,,
9095596,317,,
9096000,302,,
9096400,302,,
9096796,305,,
9097200,309,,
9097596,309,,
9098000,311,,
9098400,308,,
9098796,306,,
9099200,300,,
9099600,304,,
9100000,314,,
9100400,323,,
9100796,305,,
9101200,307,,
9101600,312,,
9102000,314,,
9102404,318,,
9102796,303,,
9103200,309,,
9103600,293,,
9103996,307,,
9104396,305,,
9104800,303,,
9105196,306,,
9105596,311,,
9106000,309,,
9106400,314,,
9106800,309,,
9107196,303,,
9107596,290,,
9108000,283,,
9108396,311,,
9108800,324,,
9109196,317,,
9109596,297,,
9110000,302,,
9110396,295,,
9110796,314,,
9111196,307,,
9111596,309,,
9111996,312,,
9112400,307,,
9112800,306,,
9113200,316,,
9113596,313,,
9113996,311,,
9114400,309,,
9114800,301,,
9115196,305,,
9115596,300,,
9115996,308,,
9116400,312,,
9116800,311,,
9117196,303,,
9117596,304,,
9117996,308,,
9118400,303,,
9118800,309,,
9119196,301,,
9119600,307,,
9120000,307,,
9120400,304,,
9120792,311,,
9121196,304,,
9121600,309,,
9122000,301,,
9122400,307,,
9122796,307,,
9123196,313,,
9123600,303,,
9124000,301,,
9124400,302,,
9124796,302,,
9125196,310,,
9125600,310,,
9126000,313,,
9126396,306,,
9126796,311,,
9127196,306,,
9127600,316,,
9128004,306,,
9128396,307,,
9128800,305,,
9129196,308,,
9129600,307,,
9129992,302,,
9130400,303,,
9130796,305,,
9131200,307,,
9131596,305,,
9132000,309,,
9132400,308,,
9132796,309,,
9133196,309,,
9133596,305,,
9134000,302,,
9134400,310,,
9134796,312,,
9135196,309,,
9135600,308,,
9136000,308,,
9136400,306,,
9136796,305,,
9137196,306,,
9137596,305,,
9138000,310,,
9138396,311,,
9138800,311,,
9139196,306,,
9139596,307,,
9140000,302,,
9140400,307,,
9140800,312,,
9141196,310,,
9141596,305,,
9142000,303,,
9142400,305,,
9142800,308,,
9143196,311,,
9143596,311,,
9144000,310,,
9144400,310,,
9144796,305,,
9145196,308,,
9145596,313,,
9146000,313,,
9146392,315,,
9146796,311,,
9147196,306,,
9147596,308,,
9148000,307,,
9148396,310,,
9148796,309,,
9149200,309,,
9149600,306,,
9150000,307,,
9150396,309,,
9150796,310,,
9151200,307,,
9151600,308,,
9152000,311,,
9152396,309,,
9152796,307,,
9153200,307,,
9153604,301,,
9153996,305,,
9154396,308,,
9154796,311,,
9155200,308,,
9155592,306,,
9156000,305,,
9156400,308,,
9156800,308,,
9157196,307,,
9157600,306,,
9158000,306,,
9158400,302,,
9158800,306,,
9159196,308,,
9159600,310,,
9160000,305,,
9160396,304,,
9160796,304,,
9161196,306,,
9161600,310,,
9162000,312,,
9162396,307,,
9162796,307,,
9163200,306,,
9163596,308,,
9163996,309,,
9164400,310,,
9164796,311,,
9165200,308,,
9165596,303,,
9165996,305,,
9166400,307,,
9166796,308,,
9167196,307,,
9167596,307,,
9167996,307,,
9168400,307,,
9168796,308,,
9169196,306,,
9169600,306,,
9169996,309,,
9170400,307,,
9170796,307,,
9171196,308,,
9171600,308,,
9171996,308,,
9172396,306,,
9172800,305,,
9173200,307,,
9173596,306,,
9173996,307,,
9174396,306,,
9174800,306,,
9175200,308,,
9175596,305,,
9176000,307,,
9176400,308,,
9176800,306,,
9177200,305,,
9177596,307,,
9178000,307,,
9178400,307,,
9178796,307,,
9179204,307,,
9179596,308,,
9180000,306,,
9180400,305,,
9180796,306,,
9181196,306,,
9181600,307,,
9181996,306,,
9182396,307,,
9182800,306,,
9183200,307,,
9183600,307,,
9183996,306,,
9184396,306,,
9184800,306,,
9185196,307,,
9185596,307,,
9185996,306,,
9186396,308,,
9186800,306,,
9187196,306,,
9187596,305,,
9187996,307,,
9188396,307,,
9188796,306,,
9189200,307,,
9189600,309,,
9190000,308,,
9190396,307,,
9190796,307,,
9191200,308,,
9191600,305,,
9191996,306,,
9192396,307,,
9192796,307,,
9193200,307,,
9193600,305,,
9193996,307,,
9194400,305,,
9194796,308,,
9195200,306,,
9195600,306,,
9195996,306,,
9196400,306,,
9196800,306,,
9197200,306,,
9197592,306,,
9197996,306,,
9198400,308,,
9198800,308,,
9199200,307,,
9199596,305,,
9199996,306,,
9200400,307,,
9200800,306,,
9201196,307,,
9201596,305,,
9201996,305,,
9202400,305,,
9202800,305,,
9203196,305,,
9203596,305,,
9203996,306,,
9204400,307,,
9204804,306,,
9205196,305,,
9205600,305,,
9206000,306,,
9206400,306,,
9206792,307,,
9207200,307,,
9207596,306,,
9207996,307,,
9208396,305,,
9208800,307,,
9209200,307,,
9209596,306,,
9209996,306,,
9210396,305,,
9210800,306,,
9211200,305,,
9211596,307,,
9211996,308,,
9212400,308,,
9212800,306,,
9213200,306,,
9213596,306,,
9213996,306,,
9214396,307,,
9214796,306,,
9215196,307,,
9215600,308,,
9215996,309,,
9216396,309,,
9216800,309,,
9217196,308,,
9217600,307,,
9217996,307,,
9218396,307,,
9218800,307,,
9219200,308,,
9219600,307,,
9219996,306,,
9220396,307,,
9220800,308,,
9221200,307,,
9221596,307,,
9221996,307,,
9222396,306,,
9222800,307,,
9223192,307,,
9223596,307,,
9224000,306,,
9224396,306,,
9224800,308,,
9225196,308,,
9225596,308,,
9226000,309,,
9226400,307,,
9226800,306,,
9227196,307,,
9227596,306,,
9228000,307,,
9228400,307,,
9228800,307,,
9229196,306,,
9229596,305,,
9230000,306,,
9230404,306,,
9230796,306,,
9231196,307,,
9231596,306,,
9232000,305,,
9232392,306,,
9232800,307,,
9233200,306,,
9233600,306,,
9233996,306,,
9234400,306,,
9234800,306,,
9235196,306,,
9235600,306,,
9235996,305,,
9236400,308,,
9236800,307,,
9237196,306,,
9237596,306,,
9237996,306,,
9238400,306,,
9238800,306,,
9239196,305,,
9239596,306,,
9240000,306,,
9240396,306,,
9240796,307,,
9241200,308,,
9241596,308,,
9241996,308,,
9242396,308,,
9242796,307,,
9243200,308,,
9243596,308,,
9243996,307,,
9244396,307,,
9244796,308,,
9245200,308,,
9245596,308,,
9245996,308,,
9246400,307,,
9246800,307,,
9247200,306,,
9247596,307,,
9247996,307,,
9248400,308,,
9248796,307,,
9249196,307,,
9249600,306,,
9250000,307,,
9250396,307,,
9250800,308,,
9251196,308,,
9251600,307,,
9252000,308,,
9252396,308,,
9252800,308,,
9253200,307,,
9253600,307,,
9254000,307,,
9254396,307,,
9254800,308,,
9255200,307,,
9255600,307,,
9256004,306,,
9256396,307,,
9256800,307,,
9257200,307,,
9257596,306,,
9257996,307,,
9258400,308,,
9258796,307,,
9259196,307,,
9259600,308,,
9260000,308,,
9260400,308,,
9260796,307,,
9261196,307,,
9261600,308,,
9262000,308,,
9262396,307,,
9262796,307,,
9263196,307,,
9263600,308,,
9263996,307,,
9264396,307,,
9264800,308,,
9265196,308,,
9265596,307,,
9266000,309,,
9266400,308,,
9266796,309,,
9267196,309,,
9267596,310,,
9268000,309,,
9268400,307,,
9268796,308,,
9269196,309,,
9269596,308,,
9270000,307,,
9270400,309,,
9270796,308,,
9271200,308,,
9271600,308,,
9272000,308,,
9272400,308,,
9272796,309,,
9273200,308,,
9273600,307,,
9274000,308,,
9274392,307,,
9274796,307,,
9275200,309,,
9275600,309,,
9276000,309,,
9276396,309,,
9276796,308,,
9277200,309,,
9277600,308,,
9277996,309,,
9278396,309,,
9278796,307,,
9279200,308,,
9279600,309,,
9279996,308,,
9280400,308,,
9280796,308,,
9281200,308,,
9281604,308,,
9281996,308,,
9282400,308,,
9282800,308,,
9283200,308,,
9283592,307,,
9284000,309,,
9284396,308,,
9284796,309,,
9285196,309,,
9285600,308,,
9286000,308,,
9286396,309,,
9286796,309,,
9287200,309,,
9287600,309,,
9288000,308,,
9288396,309,,
9288796,309,,
9289200,309,,
9289600,310,,
9290000,308,,
9290396,309,,
9290796,308,,
9291196,309,,
9291596,309,,
9291996,309,,
9292400,309,,
9292796,309,,
9293196,309,,
9293600,309,,
9294000,307,,
9294400,307,,
9294796,307,,
9295196,307,,
9295600,308,,
9296000,307,,
9296400,307,,
9296796,307,,
9297196,306,,
9297600,307,,
9298000,307,,
9298396,307,,
9298796,307,,
9299196,307,,
9299600,306,,
9299992,307,,
9300396,307,,
9300796,308,,
9301196,307,,
9301600,307,,
9301996,306,,
9302396,307,,
9302800,308,,
9303200,307,,
9303600,308,,
9303996,308,,
9304396,307,,
9304800,307,,
9305200,307,,
9305596,307,,
9305996,308,,
9306396,307,,
9306800,307,,
9307204,307,,
9307596,307,,
9307996,308,,
9308396,307,,
9308800,308,,
9309192,307,,
9309600,307,,
9310000,307,,
9310400,307,,
9310796,308,,
9311200,308,,
9311600,308,,
9311996,308,,
9312396,308,,
9312796,308,,
9313200,307,,
9313600,308,,
9313996,308,,
9314396,307,,
9314796,308,,
9315200,308,,
9315600,307,,
9315996,307,,
9316396,307,,
9316800,308,,
9317196,307,,
9317596,308,,
9318000,307,,
9318396,308,,
9318796,308,,
9319196,308,,
9319596,308,,
9320000,308,,
9320396,308,,
9320796,308,,
9321200,308,,
9321596,307,,
9322000,308,,
9322396,308,,
9322796,309,,
9323200,309,,
9323600,308,,
9324000,308,,
9324396,307,,
9324796,308,,
9325200,308,,
9325596,308,,
9325996,308,,
9326400,307,,
9326800,307,,
9327196,307,,
9327600,307,,
9328000,308,,
9328400,307,,
9328800,307,,
9329196,307,,
9329600,308,,
9330000,308,,
9330400,308,,
9330800,307,,
9331196,308,,
9331600,308,,
9332000,307,,
9332400,307,,
9332804,307,,
9333196,309,,
9333600,308,,
9334000,308,,
9334396,309,,
9334796,308,,
9335200,307,,
9335596,308,,
9335996,308,,
9336400,307,,
9336800,308,,
9337200,308,,
9337596,308,,
9337996,307,,
9338400,307,,
9338796,307,,
9339200,308,,
9339596,307,,
9339996,307,,
9340400,308,,
9340796,307,,
9341196,306,,
9341596,308,,
9341996,309,,
9342396,308,,
9342800,308,,
9343200,309,,
9343600,308,,
9343996,308,,
9344396,309,,
9344800,308,,
9345200,308,,
9345596,309,,
9345996,308,,
9346396,307,,
9346800,309,,
9347200,308,,
9347596,308,,
9348000,307,,
9348400,308,,
9348800,307,,
9349200,307,,
9349596,308,,
9350000,306,,
9350400,307,,
9350800,309,,
9351192,309,,
9351596,308,,
9352000,308,,
9352400,307,,
9352796,306,,
9353196,307,,
9353596,308,,
9354000,307,,
9354400,306,,
9354796,306,,
9355196,307,,
9355596,306,,
9356000,308,,
9356400,307,,
9356796,308,,
9357200,308,,
9357600,307,,
9358000,307,,
9358404,307,,
9358796,307,,
9359200,307,,
9359600,307,,
9360000,308,,
9360392,307,,
9360800,307,,
9361196,308,,
9361596,309,,
9361996,307,,
9362400,306,,
9362800,307,,
9363196,308,,
9363596,307,,
9364000,309,,
9364400,308,,
9364800,307,,
9365196,306,,
9365596,307,,
9366000,307,,
9366400,307,,
9366800,307,,
9367196,308,,
9367596,307,,
9367996,307,,
9368400,307,,
9368796,306,,
9369200,307,,
9369596,308,,
9369996,308,,
9370400,308,,
9370800,308,,
9371200,307,,
9371596,308,,
9371996,307,,
9372400,307,,
9372800,308,,
9373200,307,,
9373596,308,,
9373996,307,,
9374400,307,,
9374800,306,,
9375196,306,,
9375596,306,,
9375996,307,,
9376400,307,,
9376792,306,,
9377196,306,,
9377600,307,,
9377996,307,,
9378400,307,,
9378796,307,,
9379196,307,,
9379600,306,,
9380000,306,,
9380400,307,,
9380796,306,,
9381196,308,,
9381600,308,,
9382000,308,,
9382400,309,,
9382796,308,,
9383196,309,,
9383600,308,,
9384004,308,,
9384396,308,,
9384796,308,,
9385196,308,,
9385600,308,,
9385992,307,,
9386400,308,,
9386800,307,,
9387200,308,,
9387596,307,,
9388000,307,,
9388400,306,,
9388800,307,,
9389200,307,,
9389596,306,,
9390000,307,,
9390400,307,,
9390796,306,,
9391196,306,,
9391600,308,,
9392000,307,,
9392400,308,,
9392796,307,,
9393196,307,,
9393596,308,,
9393996,308,,
9394396,308,,
9394800,309,,
9395196,308,,
9395596,308,,
9395996,308,,
9396396,308,,
9396800,307,,
9397196,308,,
9397596,307,,
9398000,307,,
9398400,307,,
9398800,307,,
9399196,306,,
9399596,306,,
9400000,306,,
9400400,306,,
9400800,307,,
9401196,308,,
9401596,307,,
9402000,307,,
9402392,307,,
9402800,307,,
9403196,307,,
9403596,308,,
9404000,309,,
9404396,307,,
9404796,307,,
9405196,308,,
9405596,308,,
9406000,309,,
9406396,308,,
9406796,308,,
9407200,308,,
9407596,307,,
9408000,307,,
9408396,307,,
9408796,306,,
9409200,306,,
9409604,306,,
9410000,307,,
9410396,307,,
9410796,307,,
9411200,307,,
9411592,307,,
9411996,307,,
9412400,307,,
9412800,306,,
9413196,307,,
9413600,306,,
9414000,307,,
9414400,307,,
9414800,307,,
9415196,306,,
9415600,306,,
9416000,305,,
9416400,307,,
9416800,306,,
9417196,306,,
9417600,306,,
9418000,306,,
9418396,307,,
9418796,306,,
9419200,307,,
9419596,308,,
9419996,307,,
9420400,308,,
9420804,307,,
9421200,306,,
9421596,307,,
9421996,306,,
9422400,307,,
9422800,306,,
9423200,307,,
9423596,305,,
9423996,306,,
9424400,306,,
9424796,306,,
9425196,306,,
9425596,305,,
9425996,305,,
9426400,305,,
9426796,306,,
9427196,306,,
9427596,307,,
9427996,306,,
9428396,307,,
9428800,306,,
9429200,308,,
9429600,307,,
9429996,307,,
9430396,308,,
9430800,308,,
9431200,308,,
9431596,307,,
9431996,307,,
9432396,307,,
9432800,307,,
9433200,308,,
9433596,309,,
9434000,308,,
9434400,308,,
9434800,308,,
9435204,309,,
9435596,308,,
9436000,309,,
9436400,309,,
9436800,308,,
9437192,308,,
9437600,308,,
9437996,308,,
9438396,308,,
9438800,308,,
9439200,309,,
9439600,308,,
9439996,308,,
9440396,308,,
9440800,307,,
9441200,308,,
9441600,308,,
9441996,308,,
9442396,308,,
9442800,308,,
9443196,309,,
9443600,308,,
9443996,309,,
9444396,310,,
9444796,310,,
9445200,309,,
9445600,310,,
9446000,309,,
9446396,310,,
9446796,309,,
9447200,309,,
9447600,308,,
9448000,308,,
9448396,308,,
9448796,309,,
9449200,308,,
9449600,309,,
9449996,309,,
9450396,308,,
9450796,308,,
9451200,308,,
9451600,309,,
9451996,309,,
9452396,309,,
9452796,308,,
9453200,309,,
9453592,309,,
9453996,308,,
9454400,309,,
9454800,309,,
9455200,310,,
9455596,310,,
9455996,311,,
9456400,310,,
9456800,310,,
9457200,310,,
9457596,310,,
9457996,309,,
9458400,310,,
9458800,310,,
9459200,309,,
9459596,309,,
9459996,309,,
9460400,309,,
9460804,309,,
9461196,310,,
9461596,309,,
9461996,309,,
9462400,308,,
9462792,308,,
9463200,308,,
9463600,309,,
9464000,309,,
9464396,309,,
9464800,309,,
9465200,309,,
9465596,309,,
9466000,308,,
9466396,308,,
9466800,309,,
9467200,309,,
9467596,309,,
9467996,309,,
9468396,308,,
9468800,309,,
9469200,309,,
9469596,309,,
9469996,309,,
9470400,309,,
9470796,308,,
9471196,308,,
9471600,308,,
9471996,308,,
9472396,309,,
9472796,308,,
9473196,307,,
9473600,308,,
9473996,308,,
9474396,308,,
9474796,308,,
9475200,307,,
9475600,308,,
9475996,308,,
9476396,308,,
9476800,308,,
9477200,308,,
9477600,307,,
9477996,307,,
9478396,308,,
9478800,308,,
9479192,308,,
9479596,308,,
9479996,308,,
9480396,308,,
9480800,308,,
9481196,308,,
9481596,308,,
9481996,308,,
9482396,306,,
9482800,307,,
9483196,307,,
9483596,308,,
9484000,307,,
9484400,306,,
9484800,307,,
9485196,306,,
9485596,306,,
9486000,307,,
9486404,308,,
9486800,307,,
9487196,308,,
9487596,307,,
9488000,307,,
9488392,307,,
9488796,306,,
9489200,306,,
9489600,307,,
9489996,307,,
9490400,307,,
9490800,306,,
9491200,307,,
9491600,307,,
9491996,307,,
9492400,307,,
9492800,308,,
9493200,308,,
9493600,307,,
9493996,307,,
9494400,307,,
9494800,307,,
9495196,307,,
9495596,308,,
9496000,307,,
9496396,307,,
9496796,308,,
9497200,308,,
9497604,307,,
9498000,308,,
9498396,308,,
9498796,307,,
9499200,307,,
9499596,308,,
9500000,308,,
9500396,309,,
9500796,309,,
9501200,308,,
9501596,307,,
9501996,307,,
9502396,308,,
9502796,308,,
9503200,307,,
9503596,307,,
9503996,307,,
9504400,307,,
9504796,307,,
9505196,307,,
9505600,308,,
9506000,308,,
9506396,308,,
9506796,307,,
9507196,307,,
9507600,307,,
9508000,307,,
9508396,306,,
9508796,307,,
9509196,307,,
9509600,308,,
9510000,306,,
9510396,308,,
9510800,308,,
9511200,308,,
9511600,308,,
9512004,307,,
9512396,306,,
9512800,307,,
9513200,307,,
9513600,306,,
9513992,307,,
9514400,307,,
9514796,307,,
9515196,308,,
9515596,307,,
9516000,307,,
9516400,307,,
9516796,307,,
9517196,307,,
9517600,308,,
9518000,307,,
9518400,307,,
9518796,307,,
9519196,307,,
9519600,307,,
9519996,308,,
9520396,308,,
9520796,307,,
9521196,306,,
9521596,307,,
9522000,307,,
9522400,307,,
9522800,307,,
9523196,307,,
9523596,307,,
9524000,306,,
9524400,307,,
9524800,306,,
9525196,306,,
9525596,307,,
9526000,306,,
9526400,306,,
9526796,307,,
9527196,306,,
9527596,308,,
9528000,307,,
9528400,306,,
9528796,308,,
9529200,307,,
9529596,306,,
9530000,307,,
9530392,307,,
9530796,307,,
9531200,306,,
9531600,306,,
9532000,306,,
9532396,307,,
9532796,307,,
9533200,307,,
9533600,307,,
9534000,307,,
9534396,307,,
9534796,307,,
9535200,306,,
9535600,307,,
9535996,306,,
9536396,306,,
9536796,306,,
9537200,306,,
9537604,306,,
9537996,306,,
9538396,306,,
9538796,307,,
9539200,306,,
9539592,306,,
9540000,307,,
9540400,306,,
9540800,305,,
9541196,306,,
9541600,306,,
9542000,306,,
9542396,307,,
9542796,306,,
9543196,307,,
9543600,306,,
9544000,306,,
9544396,307,,
9544796,306,,
9545196,306,,
9545600,306,,
9546000,307,,
9546396,307,,
9546796,305,,
9547200,307,,
9547596,305,,
9547996,307,,
9548400,306,,
9548796,306,,
9549196,307,,
9549596,306,,
9549996,307,,
9550400,307,,
9550796,306,,
9551196,307,,
9551600,307,,
9551996,306,,
9552400,306,,
9552796,307,,
9553196,306,,
9553600,306,,
9554000,306,,
9554400,307,,
9554796,307,,
9555196,307,,
9555600,306,,
9555992,307,,
9556400,307,,
9556796,306,,
9557196,307,,
9557600,307,,
9557996,307,,
9558396,306,,
9558796,307,,
9559196,306,,
9559600,306,,
9559996,307,,
9560396,307,,
9560800,307,,
9561200,307,,
9561600,307,,
9561996,307,,
9562396,307,,
9562800,307,,
9563204,307,,
9563600,306,,
9563996,307,,
9564396,308,,
9564800,307,,
9565192,307,,
9565600,307,,
9566000,307,,
9566400,307,,
9566796,307,,
9567200,308,,
9567600,307,,
9568000,306,,
9568400,307,,
9568796,306,,
9569200,308,,
9569600,308,,
9569996,308,,
9570400,309,,
9570796,307,,
9571200,308,,
9571600,308,,
9571996,307,,
9572396,308,,
9572800,306,,
9573196,308,,
9573596,308,,
9574000,307,,
9574404,307,,
9574800,307,,
9575196,308,,
9575596,308,,
9576000,307,,
9576396,307,,
9576796,307,,
9577196,307,,
9577596,307,,
9578000,307,,
9578396,307,,
9578796,306,,
9579196,307,,
9579596,306,,
9580000,306,,
9580396,307,,
9580796,307,,
9581200,306,,
9581596,307,,
9581996,307,,
9582400,307,,
9582800,307,,
9583196,307,,
9583596,307,,
9583996,307,,
9584400,307,,
9584800,307,,
9585196,307,,
9585600,308,,
9585996,308,,
9586400,307,,
9586800,308,,
9587196,308,,
9587600,307,,
9588000,307,,
9588400,305,,
9588804,307,,
9589196,307,,
9589600,306,,
9590000,307,,
9590400,307,,
9590792,305,,
9591200,306,,
9591596,308,,
9591996,306,,
9592400,307,,
9592800,306,,
9593200,307,,
9593596,307,,
9593996,307,,
9594400,308,,
9594800,306,,
9595200,307,,
9595596,307,,
9595996,308,,
9596400,307,,
9596800,308,,
9597200,308,,
9597596,308,,
9597996,308,,
9598396,307,,
9598800,307,,
9599200,307,,
9599600,308,,
9599996,308,,
9600396,308,,
9600800,308,,
9601200,308,,
9601600,308,,
9601996,307,,
9602396,306,,
9602800,306,,
9603200,306,,
9603596,307,,
9603996,307,,
9604396,306,,
9604800,307,,
9605200,306,,
9605596,306,,
9606000,306,,
9606400,307,,
9606800,306,,
9607192,307,,
9607596,306,,
9608000,308,,
9608400,307,,
9608800,307,,
9609196,308,,
9609596,308,,
9610000,308,,
9610400,307,,
9610800,307,,
9611196,306,,
9611596,306,,
9612000,307,,
9612400,306,,
9612796,306,,
9613196,305,,
9613596,306,,
9614000,306,,
9614404,306,,
9614796,306,,
9615200,306,,
9615596,306,,
9616000,307,,
9616392,306,,
9616800,307,,
9617196,308,,
9617600,308,,
9617996,308,,
9618400,307,,
9618800,307,,
9619196,306,,
9619596,307,,
9619996,307,,
9620400,307,,
9620800,307,,
9621196,307,,
9621596,308,,
9622000,308,,
9622400,308,,
9622800,307,,
9623196,307,,
9623596,308,,
9623996,308,,
9624396,308,,
9624796,308,,
9625200,307,,
9625596,308,,
9625996,307,,
9626396,308,,
9626796,307,,
9627200,307,,
9627596,308,,
9627996,308,,
9628400,308,,
9628800,308,,
9629200,308,,
9629596,306,,
9629996,307,,
9630400,308,,
9630800,307,,
9631200,307,,
9631596,306,,
9631996,308,,
9632400,307,,
9632792,306,,
9633196,307,,
9633596,307,,
9633996,307,,
9634400,307,,
9634796,306,,
9635196,307,,
9635596,307,,
9635996,307,,
9636400,307,,
9636796,307,,
9637196,307,,
9637600,306,,
9638000,306,,
9638400,306,,
9638796,307,,
9639196,306,,
9639600,307,,
9640004,307,,
9640400,306,,
9640796,305,,
9641196,306,,
9641600,307,,
9641992,307,,
9642396,307,,
9642800,307,,
9643200,308,,
9643596,307,,
9644000,308,,
9644400,307,,
9644800,308,,
9645200,307,,
9645596,307,,
9646000,307,,
9646400,307,,
9646796,307,,
9647196,306,,
9647596,307,,
9648000,307,,
9648400,307,,
9648796,307,,
9649196,307,,
9649600,306,,
9649996,306,,
9650396,307,,
9650800,306,,
9651196,307,,
9651600,307,,
9651996,307,,
9652396,307,,
9652800,307,,
9653196,307,,
9653596,306,,
9653996,307,,
9654396,307,,
9654800,307,,
9655196,307,,
9655596,308,,
9656000,307,,
9656396,306,,
9656800,307,,
9657196,307,,
9657596,308,,
9658000,307,,
9658396,308,,
9658796,308,,
9659200,307,,
9659600,308,,
9659996,309,,
9660396,308,,
9660796,308,,
9661200,308,,
9661600,308,,
9661996,307,,
9662400,308,,
9662800,308,,
9663200,307,,
9663600,307,,
9663996,307,,
9664400,308,,
9664800,308,,
9665200,307,,
9665604,307,,
9665996,308,,
9666400,308,,
9666800,308,,
9667200,309,,
9667592,309,,
9668000,309,,
9668396,307,,
9668796,308,,
9669200,308,,
9669600,307,,
9670000,308,,
9670396,307,,
9670796,309,,
9671200,308,,
9671600,309,,
9672000,308,,
9672396,307,,
9672796,307,,
9673200,308,,
9673596,307,,
9674000,307,,
9674396,308,,
9674796,307,,
9675196,308,,
9675600,308,,
9676000,308,,
9676400,308,,
9676796,308,,
9677196,308,,
9677600,308,,
9678000,308,,
9678400,309,,
9678796,308,,
9679196,308,,
9679600,308,,
9680000,307,,
9680396,308,,
9680796,309,,
9681196,308,,
9681600,308,,
9682000,307,,
9682396,308,,
9682796,308,,
9683196,307,,
9683600,308,,
9683992,308,,
9684396,308,,
9684800,308,,
9685200,308,,
9685600,308,,
9685996,309,,
9686396,308,,
9686800,308,,
9687200,309,,
9687600,309,,
9687996,308,,
9688396,308,,
9688800,308,,
9689200,309,,
9689596,308,,
9689996,307,,
9690396,308,,
9690800,309,,
9691204,309,,
9691596,309,,
9692000,309,,
9692400,309,,
9692800,309,,
9693192,308,,
9693600,309,,
9693996,309,,
9694396,309,,
9694796,308,,
9695200,308,,
9695600,308,,
9695996,308,,
9696396,308,,
9696796,308,,
9697200,308,,
9697600,307,,
9697996,308,,
9698396,307,,
9698800,307,,
9699200,307,,
9699600,307,,
9699996,307,,
9700396,308,,
9700796,309,,
9701196,309,,
9701596,309,,
9702000,309,,
9702396,309,,
9702796,308,,
9703200,308,,
9703596,308,,
9704000,308,,
9704396,308,,
9704796,308,,
9705200,308,,
9705600,309,,
9706000,308,,
9706396,307,,
9706796,308,,
9707200,307,,
9707600,308,,
9708000,306,,
9708396,307,,
9708796,307,,
9709200,307,,
9709592,307,,
9709996,308,,
9710396,307,,
9710796,307,,
9711200,307,,
9711596,307,,
9711996,306,,
9712400,307,,
9712796,307,,
9713200,307,,
9713596,306,,
9713996,307,,
9714400,307,,
9714800,308,,
9715200,307,,
9715596,307,,
9715996,308,,
9716400,307,,
9716808,308,,
9717200,307,,
9717596,307,,
9717996,308,,
9718400,307,,
9718792,307,,
9719200,307,,
9719600,307,,
9720000,307,,
9720396,307,,
9720800,307,,
9721200,308,,
9721600,307,,
9722000,307,,
9722396,306,,
9722800,306,,
9723200,307,,
9723600,307,,
9724000,307,,
9724396,306,,
9724800,307,,
9725200,307,,
9725596,306,,
9725996,306,,
9726400,306,,
9726796,306,,
9727196,307,,
9727600,307,,
9728004,306,,
9728400,307,,
9728796,306,,
9729196,305,,
9729600,305,,
9729996,306,,
9730400,305,,
9730796,307,,
9731196,307,,
9731600,306,,
9731996,306,,
9732396,305,,
9732800,305,,
9733200,305,,
9733600,305,,
9733996,305,,
9734396,306,,
9734800,307,,
9735196,306,,
9735596,306,,
9736000,306,,
9736400,307,,
9736796,307,,
9737200,306,,
9737596,306,,
9738000,305,,
9738400,305,,
9738796,305,,
9739200,305,,
9739600,306,,
9740000,306,,
9740400,306,,
9740796,305,,
9741200,306,,
9741600,306,,
9742000,306,,
9742404,307,,
9742796,306,,
9743200,305,,
9743600,305,,
9743996,306,,
9744396,305,,
9744800,307,,
9745196,307,,
9745596,306,,
9746000,306,,
9746400,307,,
9746800,307,,
9747196,306,,
9747596,307,,
9748000,308,,
9748400,307,,
9748800,306,,
9749196,306,,
9749596,308,,
9750000,307,,
9750396,307,,
9750796,307,,
9751196,307,,
9751596,305,,
9751996,305,,
9752400,303,,
9752800,300,,
9753200,306,,
9753596,279,,
9753996,311,,
9754400,352,,
9754800,296,,
9755200,317,,
9755596,302,,
9755996,308,,
9756400,315,,
9756800,325,,
9757196,337,,
9757596,274,,
9757996,350,,
9758400,336,,
9758800,355,,
9759196,212,,
9759600,323,,
9759996,312,,
9760400,327,,
9760792,322,,
9761196,309,,
9761600,318,,
9762000,296,,
9762400,312,,
9762796,302,,
9763196,321,,
9763600,315,,
9764000,308,,
9764400,315,,
9764796,308,,
9765196,312,,
9765600,305,,
9766000,304,,
9766396,293,,
9766796,302,,
9767196,303,,
9767600,316,,
9768004,302,,
9768396,304,,
9768800,312,,
9769196,310,,
9769600,301,,
9769992,301,,
9770400,301,,
9770796,300,,
9771200,309,,
9771596,307,,
9772000,304,,
9772400,307,,
9772796,313,,
9773196,315,,
9773596,308,,
9774000,306,,
9774400,310,,
9774796,304,,
9775196,301,,
9775600,313,,
9776000,305,,
9776400,305,,
9776796,307,,
9777196,313,,
9777596,310,,
9777996,306,,
9778396,314,,
9778800,307,,
9779196,306,,
9779596,303,,
9780000,302,,
9780400,303,,
9780800,302,,
9781196,313,,
9781596,313,,
9782000,304,,
9782400,303,,
9782800,299,,
9783196,315,,
9783596,314,,
9784000,311,,
9784400,306,,
9784796,305,,
9785196,306,,
9785596,310,,
9786000,312,,
9786392,300,,
9786796,304,,
9787196,303,,
9787596,304,,
9788000,306,,
9788396,305,,
9788796,303,,
9789200,307,,
9789600,312,,
9790000,304,,
9790396,302,,
9790796,299,,
9791200,306,,
9791600,307,,
9792000,308,,
9792396,303,,
9792796,306,,
9793200,306,,
9793604,305,,
9794000,308,,
9794396,301,,
9794796,310,,
9795200,308,,
9795592,310,,
9796000,308,,
9796400,307,,
9796800,302,,
9797196,302,,
9797600,309,,
9798000,311,,
9798400,309,,
9798800,303,,
9799196,304,,
9799600,304,,
9800000,308,,
9800396,310,,
9800800,305,,
9801196,302,,
9801600,307,,
9802000,304,,
9802396,304,,
9802796,304,,
9803200,310,,
9803596,310,,
9803996,308,,
9804400,308,,
9804808,309,,
9805200,306,,
9805596,311,,
9805996,303,,
9806400,304,,
9806796,309,,
9807196,307,,
9807596,310,,
9807996,306,,
9808400,306,,
9808796,309,,
9809196,309,,
9809596,304,,
9809996,308,,
9810400,307,,
9810796,309,,
9811196,308,,
9811600,305,,
9811996,306,,
9812396,307,,
9812800,307,,
9813200,305,,
9813596,308,,
9813996,306,,
9814396,308,,
9814800,305,,
9815200,308,,
9815596,309,,
9816000,308,,
9816396,309,,
9816800,306,,
9817200,308,,
9817596,306,,
9818000,307,,
9818400,310,,
9818800,307,,
9819204,305,,
9819596,305,,
9820000,307,,
9820400,308,,
9820796,310,,
9821196,309,,
9821600,308,,
9821996,307,,
9822396,306,,
9822800,307,,
9823200,307,,
9823600,307,,
9823996,306,,
9824396,304,,
9824800,308,,
9825196,307,,
9825600,307,,
9825996,307,,
9826396,307,,
9826800,309,,
9827196,308,,
9827596,309,,
9827996,307,,
9828396,306,,
9828796,309,,
9829200,307,,
9829600,308,,
9830000,309,,
9830396,309,,
9830796,307,,
9831200,310,,
9831600,309,,
9831996,310,,
9832396,307,,
9832796,305,,
9833200,308,,
9833600,308,,
9833996,310,,
9834396,308,,
9834796,308,,
9835200,308,,
9835600,308,,
9835996,310,,
9836400,309,,
9836800,309,,
9837200,308,,
9837592,309,,
9837996,306,,
9838400,307,,
9838800,308,,
9839200,307,,
9839596,308,,
9839996,307,,
9840400,309,,
9840800,308,,
9841196,308,,
9841596,307,,
9841996,309,,
9842400,308,,
9842800,308,,
9843196,310,,
9843596,308,,
9843996,309,,
9844400,308,,
9844804,309,,
9845196,308,,
9845600,307,,
9846000,308,,
9846400,310,,
9846792,308,,
9847200,309,,
9847596,311,,
9847996,309,,
9848396,308,,
9848800,306,,
9849200,310,,
9849596,309,,
9849996,307,,
9850396,307,,
9850800,309,,
9851200,309,,
9851596,309,,
9851996,308,,
9852400,308,,
9852800,310,,
9853200,308,,
9853596,309,,
9853996,311,,
9854396,309,,
9854796,308,,
9855196,310,,
9855600,309,,
9855996,309,,
9856396,308,,
9856800,308,,
9857196,309,,
9857600,310,,
9857996,307,,
9858396,309,,
9858800,308,,
9859200,308,,
9859600,307,,
9859996,307,,
9860396,307,,
9860800,308,,
9861200,308,,
9861596,308,,
9861996,307,,
9862396,308,,
9862800,308,,
9863192,307,,
9863596,308,,
9864000,309,,
9864396,308,,
9864800,308,,
9865196,309,,
9865596,309,,
9866000,309,,
9866400,307,,
9866800,307,,
9867196,309,,
9867596,308,,
9868000,308,,
9868400,308,,
9868800,307,,
9869196,308,,
9869596,308,,
9870000,308,,
9870404,308,,
9870796,307,,
9871196,307,,
9871596,308,,
9872000,306,,
9872392,308,,
9872800,308,,
9873200,307,,
9873600,308,,
9873996,307,,
9874400,306,,
9874800,307,,
9875200,307,,
9875600,306,,
9875996,307,,
9876400,306,,
9876800,307,,
9877196,307,,
9877596,307,,
9877996,308,,
9878400,308,,
9878800,307,,
9879196,308,,
9879596,307,,
9880000,307,,
9880396,307,,
9880796,307,,
9881200,309,,
9881596,308,,
9882000,307,,
9882396,307,,
9882796,307,,
9883200,307,,
9883596,308,,
9883996,307,,
9884396,306,,
9884796,308,,
9885200,306,,
9885596,305,,
9885996,307,,
9886400,307,,
9886796,307,,
9887200,307,,
9887596,306,,
9887996,308,,
9888400,308,,
9888796,307,,
9889196,307,,
9889600,307,,
9890000,308,,
9890396,306,,
9890796,307,,
9891196,308,,
9891600,307,,
9892000,308,,
9892396,308,,
9892800,307,,
9893200,306,,
9893600,308,,
9894000,308,,
9894396,306,,
9894800,307,,
9895200,307,,
9895600,307,,
9896004,306,,
9896396,306,,
9896800,305,,
9897200,307,,
9897596,306,,
9897996,307,,
9898400,308,,
9898796,307,,
9899196,307,,
9899600,306,,
9900000,307,,
9900400,307,,
9900796,306,,
9901196,306,,
9901600,307,,
9902000,306,,
9902396,307,,
9902796,308,,
9903196,309,,
9903600,307,,
9903996,307,,
9904396,307,,
9904796,308,,
9905196,309,,
9905596,309,,
9906000,309,,
9906400,310,,
9906800,309,,
9907196,309,,
9907596,309,,
9908000,309,,
9908400,308,,
9908796,308,,
9909196,307,,
9909596,307,,
9910000,307,,
9910400,307,,
9910796,308,,
9911200,307,,
9911596,307,,
9912000,308,,
9912400,308,,
9912796,309,,
9913200,308,,
9913600,309,,
9914000,310,,
9914392,310,,
9914796,309,,
9915200,308,,
9915600,308,,
9916000,308,,
9916396,307,,
9916796,308,,
9917200,307,,
9917600,307,,
9917996,308,,
9918396,308,,
9918796,307,,
9919200,307,,
9919600,308,,
9919996,307,,
9920400,308,,
9920796,307,,
9921200,307,,
9921604,307,,
9921996,308,,
9922400,307,,
9922800,307,,
9923200,306,,
9923592,307,,
9924000,307,,
9924396,308,,
9924796,308,,
9925196,307,,
9925600,307,,
9926000,307,,
9926396,307,,
9926796,308,,
9927200,307,,
9927600,308,,
9928000,307,,
9928396,308,,
9928796,308,,
9929200,308,,
9929600,308,,
9930000,309,,
9930396,308,,
9930796,307,,
9931196,308,,
9931596,308,,
9931996,308,,
9932400,308,,
9932796,309,,
9933196,309,,
9933600,308,,
9934000,308,,
9934400,307,,
9934796,307,,
9935196,306,,
9935600,307,,
9936000,306,,
9936400,307,,
9936796,307,,
9937196,306,,
9937600,306,,
9938000,306,,
9938400,306,,
9938796,305,,
9939196,306,,
9939600,306,,
9939992,307,,
9940396,307,,
9940796,308,,
9941196,306,,
9941600,307,,
9941996,307,,
9942396,306,,
9942800,306,,
9943196,306,,
9943600,307,,
9943996,307,,
9944396,308,,
9944800,308,,
9945200,307,,
9945600,308,,
9945996,307,,
9946396,307,,
9946800,307,,
9947204,307,,
9947596,306,,
9947996,306,,
9948396,307,,
9948800,307,,
9949192,306,,
9949600,307,,
9950000,307,,
9950400,306,,
9950796,307,,
9951200,306,,
9951600,307,,
9951996,307,,
9952400,307,,
9952796,308,,
9953200,306,,
9953600,307,,
9953996,306,,
9954396,306,,
9954796,307,,
9955200,307,,
9955600,307,,
9955996,305,,
9956396,307,,
9956800,307,,
9957196,307,,
9957596,306,,
9958000,307,,
9958396,307,,
9958796,307,,
9959196,307,,
9959596,307,,
9960000,307,,
9960396,308,,
9960796,307,,
9961196,308,,
9961596,308,,
9962000,307,,
9962396,308,,
9962796,306,,
9963200,307,,
9963600,308,,
9964000,306,,
9964396,307,,
9964796,308,,
9965200,307,,
9965596,307,,
9965996,307,,
9966400,308,,
9966800,309,,
9967196,306,,
9967600,307,,
9967996,307,,
9968400,307,,
9968800,308,,
9969196,307,,
9969600,307,,
9970000,306,,
9970400,307,,
9970800,308,,
9971196,308,,
9971600,307,,
9972000,307,,
9972400,308,,
9972804,307,,
9973196,307,,
9973600,307,,
9974000,305,,
9974396,309,,
9974796,309,,
9975200,306,,
9975596,307,,
9975996,307,,
9976400,307,,
9976800,307,,
9977200,309,,
9977596,308,,
9977996,307,,
9978400,309,,
9978796,306,,
9979200,309,,
9979596,309,,
9979996,308,,
9980400,308,,
9980796,305,,
9981196,306,,
9981596,307,,
9981996,305,,
9982396,307,,
9982800,308,,
9983200,309,,
9983600,306,,
9983996,307,,
9984396,308,,
9984800,308,,
9985200,309,,
9985596,309,,
9985996,307,,
9986396,307,,
9986800,307,,
9987200,307,,
9987596,309,,
9988000,307,,
9988400,307,,
9988800,308,,
9989200,306,,
9989596,307,,
9990000,307,,
9990400,307,,
9990800,308,,
9991192,307,,
9991596,309,,
9992000,307,,
9992400,307,,
9992796,309,,
9993196,308,,
9993596,307,,
9994000,307,,
9994400,307,,
9994796,307,,
9995196,307,,
9995596,307,,
9996000,307,,
9996400,309,,
9996796,309,,
9997200,307,,
9997600,307,,
9998000,308,,
9998404,306,,
9998796,305,,
9999200,308,,
9999600,306,,
10000000,308,,
10000392,307,,
10000800,308,,
10001196,308,,
10001596,309,,
10001996,308,,
10002400,308,,
10002800,307,,
10003196,307,,
10003596,307,,
10004000,307,,
10004400,308,,
10004800,307,,
10005196,307,,
10005596,308,,
10006000,307,,
10006400,307,,
10006800,307,,
10007196,307,,
10007596,306,,
10007996,305,,
10008400,305,,
10008796,306,,
10009200,305,,
10009596,305,,
10009996,306,,
10010400,306,,
10010800,307,,
10011200,307,,
10011596,307,,
10011996,306,,
10012400,307,,
10012800,307,,
10013200,307,,
10013596,307,,
10013996,307,,
10014400,307,,
10014800,308,,
10015196,308,,
10015596,309,,
10015996,307,,
10016400,308,,
10016792,308,,
10017196,307,,
10017596,307,,
10017996,307,,
10018400,307,,
10018796,307,,
10019196,307,,
10019600,307,,
10020000,307,,
10020400,307,,
10020796,307,,
10021196,308,,
10021600,307,,
10022000,307,,
10022400,306,,
10022796,307,,
10023196,307,,
10023600,307,,
10024004,307,,
10024396,306,,
10024796,307,,
10025196,306,,
10025600,307,,
10025992,307,,
10026400,307,,
10026800,308,,
10027200,306,,
10027596,307,,
10028000,307,,
10028400,308,,
10028800,307,,
10029200,307,,
10029596,307,,
10030000,306,,
10030400,307,,
10030796,307,,
10031196,306,,
10031596,308,,
10032000,308,,
10032400,308,,
10032796,308,,
10033196,307,,
10033600,307,,
10033996,306,,
10034396,306,,
10034800,307,,
10035196,306,,
10035596,307,,
10035996,307,,
10036396,307,,
10036800,309,,
10037196,308,,
10037596,307,,
10038000,308,,
10038396,307,,
10038800,308,,
10039196,307,,
10039596,307,,
10040000,308,,
10040400,308,,
10040800,308,,
10041196,307,,
10041596,308,,
10042000,307,,
10042392,309,,
10042800,308,,
10043196,307,,
10043596,309,,
10044000,307,,
10044396,307,,
10044796,308,,
10045196,306,,
10045596,307,,
10046000,307,,
10046396,306,,
10046796,307,,
10047200,306,,
10047596,307,,
10048000,306,,
10048396,307,,
10048796,307,,
10049200,307,,
10049604,307,,
10050000,307,,
10050396,307,,
10050796,308,,
10051200,308,,
10051596,308,,
10051996,307,,
10052400,308,,
10052800,307,,
10053196,308,,
10053600,307,,
10054000,307,,
10054400,307,,
10054800,307,,
10055196,306,,
10055600,305,,
10056000,306,,
10056400,306,,
10056800,307,,
10057196,307,,
10057600,306,,
10058000,308,,
10058400,306,,
10058792,306,,
10059200,307,,
10059596,307,,
10059996,307,,
10060400,307,,
10060804,307,,
10061200,307,,
10061596,308,,
10061996,308,,
10062400,308,,
10062800,308,,
10063200,308,,
10063596,307,,
10063996,307,,
10064400,307,,
10064796,307,,
10065200,307,,
10065596,307,,
10065996,306,,
10066400,307,,
10066796,307,,
10067196,306,,
10067596,306,,
10067996,307,,
10068396,305,,
10068800,306,,
10069200,306,,
10069600,306,,
10069996,305,,
10070396,307,,
10070800,306,,
10071200,306,,
10071596,306,,
10071996,306,,
10072396,306,,
10072800,306,,
10073200,306,,
10073596,306,,
10074000,306,,
10074400,305,,
10074800,307,,
10075204,306,,
10075596,307,,
10076000,306,,
10076400,306,,
10076800,307,,
10077192,306,,
10077600,305,,
10077996,306,,
10078396,305,,
10078800,306,,
10079200,306,,
10079600,305,,
10079996,306,,
10080396,305,,
10080800,305,,
10081200,306,,
10081600,306,,
10081996,305,,
10082396,304,,
10082800,306,,
10083200,306,,
10083600,305,,
10083996,306,,
10084396,307,,
10084796,306,,
10085200,307,,
10085600,307,,
10086000,306,,
10086396,307,,
10086796,307,,
10087200,307,,
10087600,307,,
10088000,307,,
10088396,306,,
10088796,306,,
10089200,306,,
10089600,306,,
10090000,307,,
10090396,307,,
10090796,307,,
10091200,307,,
10091600,305,,
10091996,306,,
10092396,306,,
10092796,307,,
10093200,307,,
10093592,307,,
10093996,308,,
10094400,307,,
10094796,307,,
10095200,308,,
10095596,308,,
10095996,308,,
10096400,307,,
10096800,308,,
10097200,308,,
10097596,307,,
10097996,307,,
10098400,308,,
10098800,307,,
10099200,307,,
10099596,307,,
10099996,307,,
10100400,308,,
10100804,308,,
10101196,307,,
10101596,308,,
10101996,307,,
10102400,307,,
10102792,308,,
10103200,307,,
10103600,307,,
10104000,307,,
10104396,308,,
10104800,308,,
10105200,308,,
10105596,307,,
10106000,308,,
10106396,307,,
10106800,308,,
10107200,307,,
10107596,307,,
10107996,307,,
10108396,307,,
10108800,307,,
10109200,307,,
10109596,308,,
10109996,309,,
10110400,309,,
10110796,308,,
10111196,308,,
10111600,308,,
10111996,308,,
10112396,307,,
10112796,307,,
10113196,308,,
10113600,308,,
10113996,308,,
10114396,307,,
10114796,307,,
10115200,307,,
10115600,307,,
10115996,307,,
10116396,306,,
10116800,306,,
10117200,306,,
10117600,307,,
10117996,307,,
10118396,308,,
10118800,308,,
10119192,308,,
10119596,308,,
10119996,307,,
10120396,307,,
10120800,307,,
10121196,307,,
10121596,307,,
10121996,306,,
10122396,307,,
10122800,307,,
10123196,307,,
10123596,307,,
10124000,307,,
10124400,307,,
10124800,307,,
10125196,308,,
10125596,308,,
10126000,308,,
10126404,308,,
10126800,308,,
10127196,308,,
10127596,308,,
10128000,307,,
10128392,307,,
10128796,309,,
10129200,308,,
10129600,306,,
10129996,307,,
10130400,306,,
10130800,307,,
10131200,306,,
10131600,307,,
10131996,307,,
10132400,305,,
10132800,307,,
10133200,306,,
10133600,307,,
10133996,306,,
10134400,307,,
10134800,308,,
10135196,308,,
10135596,309,,
10136000,308,,
10136396,307,,
10136796,308,,
10137200,309,,
10137604,308,,
10138000,307,,
10138396,309,,
10138796,309,,
10139200,309,,
10139600,309,,
10140000,309,,
10140396,309,,
10140796,309,,
10141200,308,,
10141596,308,,
10141996,309,,
10142396,308,,
10142796,308,,
10143200,308,,
10143596,307,,
10143996,308,,
10144396,307,,
10144796,307,,
10145196,307,,
10145600,308,,
10146000,309,,
10146400,308,,
10146796,307,,
10147196,308,,
10147600,308,,
10148000,307,,
10148396,308,,
10148796,308,,
10149196,307,,
10149600,307,,
10150000,307,,
10150396,308,,
10150800,307,,
10151196,307,,
10151600,309,,
10152004,308,,
10152396,307,,
10152800,308,,
10153200,307,,
10153600,307,,
10153992,308,,
10154400,307,,
10154796,308,,
10155196,308,,
10155596,308,,
10156000,308,,
10156400,308,,
10156796,308,,
10157196,307,,
10157600,307,,
10158000,307,,
10158400,307,,
10158796,307,,
10159196,308,,
10159600,308,,
10159996,308,,
10160400,309,,
10160796,309,,
10161196,309,,
10161596,308,,
10162000,309,,
10162400,308,,
10162800,309,,
10163196,309,,
10163596,308,,
10164000,308,,
10164400,307,,
10164800,309,,
10165196,308,,
10165596,308,,
10166000,308,,
10166400,308,,
10166796,308,,
10167196,309,,
10167596,308,,
10168000,309,,
10168400,308,,
10168796,307,,
10169196,309,,
10169596,307,,
10170000,308,,
10170392,308,,
10170796,309,,
10171200,308,,
10171600,309,,
10172000,307,,
10172396,308,,
10172796,309,,
10173200,308,,
10173600,310,,
10174000,308,,
10174396,308,,
10174796,308,,
10175200,308,,
10175600,309,,
10175996,309,,
10176396,308,,
10176796,309,,
10177200,309,,
10177604,308,,
10177996,309,,
10178396,308,,
10178796,308,,
10179200,307,,
10179592,307,,
10180000,308,,
10180400,307,,
10180800,307,,
10181196,308,,
10181600,308,,
10182000,308,,
10182396,309,,
10182796,308,,
10183196,308,,
10183600,309,,
10184000,308,,
10184396,307,,
10184796,309,,
10185196,309,,
10185600,307,,
10186000,308,,
10186396,309,,
10186796,309,,
10187200,309,,
10187596,308,,
10187996,309,,
10188400,309,,
10188796,308,,
10189196,309,,
10189596,309,,
10189996,309,,
10190400,308,,
10190796,308,,
10191196,308,,
10191600,308,,
10191996,308,,
10192400,308,,
10192796,307,,
10193196,309,,
10193600,308,,
10194000,307,,
10194400,307,,
10194796,307,,
10195196,307,,
10195600,308,,
10195996,307,,
10196396,307,,
10196800,307,,
10197200,306,,
10197596,307,,
10198000,306,,
10198400,307,,
10198800,307,,
10199200,308,,
10199596,307,,
10200000,307,,
10200400,308,,
10200800,308,,
10201200,307,,
10201596,308,,
10202000,307,,
10202400,308,,
10202796,308,,
10203204,308,,
10203596,308,,
10204000,308,,
10204400,308,,
10204796,308,,
10205196,308,,
10205600,308,,
10205996,307,,
10206396,308,,
10206800,308,,
10207196,307,,
10207596,308,,
10207996,307,,
10208396,307,,
10208800,307,,
10209196,308,,
10209596,307,,
10209996,308,,
10210396,308,,
10210800,308,,
10211196,306,,
10211596,308,,
10212000,308,,
10212396,308,,
10212800,307,,
10213196,307,,
10213596,308,,
10214000,306,,
10214404,306,,
10214800,307,,
10215196,307,,
10215596,307,,
10216000,307,,
10216396,309,,
10216800,308,,
10217196,308,,
10217596,309,,
10218000,308,,
10218396,307,,
10218796,307,,
10219196,306,,
10219596,306,,
10220000,306,,
10220396,307,,
10220796,306,,
10221200,307,,
10221596,306,,
10221996,306,,
10222400,306,,
10222800,306,,
10223196,307,,
10223596,305,,
10223996,305,,
10224400,305,,
10224800,306,,
10225196,306,,
10225596,305,,
10225996,306,,
10226400,306,,
10226800,306,,
10227196,306,,
10227600,306,,
10228000,306,,
10228400,306,,
10228804,306,,
10229196,305,,
10229600,306,,
10230000,306,,
10230400,305,,
10230792,305,,
10231200,305,,
10231596,306,,
10231996,307,,
10232396,306,,
10232800,307,,
10233200,306,,
10233596,307,,
10233996,306,,
10234400,306,,
10234800,306,,
10235200,306,,
10235596,305,,
10235996,305,,
10236400,307,,
10236800,307,,
10237200,306,,
10237596,305,,
10237996,306,,
10238396,305,,
10238800,306,,
10239196,306,,
10239600,308,,
10239996,308,,
10240396,306,,
10240800,306,,
10241200,306,,
10241600,306,,
10241996,306,,
10242396,308,,
10242800,308,,
10243200,307,,
10243596,307,,
10243996,307,,
10244396,305,,
10244800,306,,
10245200,307,,
10245596,307,,
10246000,307,,
10246396,307,,
10246800,307,,
10247192,306,,
10247596,306,,
10248000,306,,
10248400,306,,
10248800,305,,
10249196,305,,
10249596,305,,
10250000,306,,
10250400,307,,
10250800,307,,
10251196,306,,
10251596,306,,
10252000,306,,
10252400,307,,
10252796,306,,
10253196,307,,
10253596,308,,
10254000,307,,
10254404,308,,
10254796,307,,
10255200,306,,
10255596,307,,
10256000,307,,
10256392,307,,
10256800,307,,
10257196,307,,
10257600,308,,
10257996,307,,
10258400,307,,
10258800,306,,
10259196,308,,
10259596,308,,
10259996,307,,
10260400,306,,
10260800,307,,
10261196,306,,
10261596,307,,
10262000,306,,
10262400,307,,
10262800,307,,
10263196,306,,
10263596,307,,
10263996,307,,
10264396,307,,
10264796,308,,
10265200,307,,
10265596,309,,
10265996,307,,
10266396,307,,
10266796,308,,
10267200,309,,
10267596,308,,
10267996,309,,
10268400,308,,
10268800,308,,
10269200,308,,
10269596,309,,
10269996,308,,
10270400,308,,
10270800,308,,
10271200,309,,
10271596,308,,
10271996,308,,
10272400,308,,
10272792,309,,
10273200,307,,
10273596,307,,
10273996,308,,
10274400,308,,
10274796,309,,
10275196,308,,
10275596,308,,
10275996,308,,
10276400,308,,
10276796,309,,
10277196,308,,
10277600,309,,
10277996,308,,
10278400,308,,
10278796,309,,
10279196,308,,
10279600,307,,
10280004,308,,
10280400,308,,
10280796,307,,
10281196,307,,
10281600,309,,
10281992,307,,
10282396,307,,
10282800,307,,
10283200,307,,
10283596,306,,
10284000,307,,
10284400,306,,
10284800,307,,
10285200,306,,
10285596,307,,
10286000,306,,
10286400,307,,
10286796,306,,
10287200,306,,
10287596,305,,
10288000,302,,
10288400,306,,
10288796,288,,
10289196,287,,
10289600,264,,
10289996,300,,
10290396,312,,
10290800,315,,
10291208,311,,
10291600,313,,
10291996,312,,
10292396,301,,
10292800,186,,
10293200,323,,10292832
10293600,191,,
10293996,361,,
10294396,425,,
10294800,304,,
10295200,284,,
10295596,255,,
10296000,328,,
10296400,289,,
10296796,306,,
10297200,324,,
10297600,292,,
10298000,299,,
10298392,305,,
10298800,323,,
10299200,317,,
10299596,304,,
10300000,298,,
10300400,305,,
10300800,308,,
10301196,297,,
10301600,322,,
10302000,316,,
10302396,305,,
10302800,306,,
10303200,305,,
10303600,306,,
10303996,317,,
10304400,314,,
10304800,319,,
10305196,310,,
10305608,313,,
10306000,308,,
10306396,298,,
10306796,297,,
10307200,314,,
10307596,304,,
10308000,303,,
10308396,301,,
10308800,310,,
10309200,315,,
10309596,314,,
10310000,313,,
10310400,317,,
10310800,308,,
10311196,319,,
10311600,318,,
10312000,302,,
10312396,304,,
10312800,300,,
10313200,296,,
10313596,297,,
10313996,312,,
10314400,312,,
10314796,316,,
10315200,309,,
10315596,307,,
10316000,307,,
10316400,294,,
10316796,290,,
10317200,306,,
10317600,318,,
10318000,313,,
10318396,299,,
10318800,290,,
10319200,309,,
10319596,309,,
10320000,306,,
10320400,304,,
10320796,302,,
10321196,305,,
10321600,321,,
10322000,321,,
10322396,320,,
10322800,321,,
10323200,306,,
10323596,311,,
10323996,297,,
10324400,300,,
10324800,303,,
10325200,310,,
10325596,314,,
10326000,308,,
10326400,308,,
10326800,302,,
10327196,308,,
10327600,303,,
10328000,312,,
10328400,312,,
10328796,310,,
10329200,314,,
10329600,310,,
10329996,307,,
10330400,304,,
10330800,301,,
10331204,300,,
10331596,311,,
10332000,312,,
10332400,315,,
10332796,308,,
10333196,294,,
10333600,304,,
10334000,305,,
10334396,312,,
10334800,309,,
10335200,308,,
10335600,301,,
10335996,312,,
10336400,309,,
10336800,310,,
10337196,312,,
10337600,307,,
10338000,309,,
10338400,304,,
10338796,305,,
10339200,307,,
10339600,307,,
10339996,303,,
10340396,308,,
10340800,305,,
10341196,310,,
10341596,313,,
10342000,307,,
10342400,309,,
10342796,307,,
10343200,310,,
10343600,312,,
10344000,312,,
10344396,312,,
10344800,318,,
10345200,306,,
10345596,309,,
10346000,307,,
10346400,311,,
10346800,313,,
10347196,314,,
10347600,306,,
10348000,309,,
10348396,309,,
10348800,310,,
10349200,311,,
10349592,309,,
10349996,306,,
10350400,306,,
10350800,305,,
10351196,306,,
10351600,312,,
10352000,317,,
10352400,314,,
10352796,311,,
10353200,303,,
10353600,302,,
10354000,310,,
10354396,312,,
10354800,314,,
10355200,312,,
10355596,310,,
10356000,311,,
10356400,304,,
10356804,306,,
10357196,307,,
10357600,312,,
10358000,308,,
10358396,309,,
10358796,310,,
10359200,311,,
10359600,310,,
10359996,307,,
10360400,310,,
10360800,312,,
10361200,310,,
10361596,313,,
10362000,306,,
10362400,307,,
10362796,306,,
10363200,309,,
10363600,308,,
10364000,309,,
10364396,309,,
10364800,311,,
10365200,309,,
10365596,306,,
10365996,309,,
10366400,308,,
10366796,305,,
10367196,306,,
10367600,305,,
10368000,314,,
10368396,309,,
10368800,305,,
10369200,307,,
10369596,305,,
10370000,309,,
10370400,309,,
10370800,311,,
10371196,308,,
10371600,309,,
10372000,312,,
10372400,310,,
10372796,309,,
10373200,311,,
10373600,311,,
10373996,304,,
10374400,307,,
10374800,307,,
10375196,308,,
10375596,307,,
10376000,307,,
10376400,309,,
10376796,308,,
10377200,307,,
10377600,306,,
10378000,305,,
10378396,308,,
10378800,309,,
10379200,308,,
10379600,307,,
10379996,308,,
10380400,308,,
10380800,308,,
10381196,309,,
10381600,309,,
10382000,309,,
10382404,309,,
10382796,306,,
10383200,307,,
10383600,309,,
10383996,306,,
10384396,307,,
10384800,307,,
10385200,308,,
10385596,307,,
10386000,310,,
10386400,307,,
10386800,308,,
10387196,307,,
10387600,306,,
10388000,308,,
10388396,306,,
10388800,306,,
10389200,306,,
10389600,308,,
10389996,308,,
10390400,305,,
10390800,308,,
10391196,307,,
10391596,308,,
10392000,310,,
10392396,308,,
10392796,306,,
10393200,307,,
10393600,305,,
10393996,306,,
10394400,307,,
10394800,309,,
10395200,308,,
10395596,306,,
10396000,307,,
10396400,305,,
10396796,307,,
10397200,307,,
10397600,306,,
10398000,309,,
10398396,307,,
10398800,307,,
10399200,306,,
10399596,306,,
10400000,305,,
10400400,304,,
10400792,306,,
10401200,308,,
10401600,307,,
10402000,308,,
10402396,307,,
10402800,307,,
10403200,307,,
10403600,307,,
10403996,307,,
10404400,305,,
10404800,306,,
10405200,306,,
10405596,307,,
10406000,307,,
10406400,306,,
10406796,308,,
10407200,307,,
10407600,307,,
10408004,307,,
10408396,308,,
10408800,308,,
10409200,307,,
10409596,308,,
10409996,307,,
10410400,307,,
10410800,307,,
10411196,307,,
10411600,307,,
10412000,308,,
10412400,307,,
10412796,307,,
10413200,307,,
10413600,307,,
10413996,306,,
10414400,306,,
10414800,308,,
10415200,308,,
10415596,307,,
10416000,306,,
10416400,306,,
10416796,307,,
10417196,307,,
10417600,309,,
10417996,308,,
10418396,308,,
10418800,308,,
10419200,308,,
10419596,309,,
10420000,310,,
10420400,309,,
10420800,309,,
10421196,308,,
10421600,307,,
10422000,307,,
10422396,309,,
10422800,309,,
10423200,309,,
10423600,310,,
10423996,309,,
10424400,309,,
10424800,310,,
10425196,309,,
10425600,309,,
10426000,308,,
10426392,308,,
10426796,309,,
10427200,310,,
10427600,309,,
10427996,309,,
10428400,309,,
10428800,308,,
10429200,308,,
10429596,308,,
10430000,308,,
10430400,308,,
10430800,307,,
10431196,307,,
10431600,307,,
10432000,309,,
10432396,309,,
10432800,307,,
10433200,308,,
10433604,307,,
10433996,307,,
10434400,308,,
10434800,308,,
10435196,308,,
10435596,307,,
10436000,307,,
10436400,307,,
10436796,307,,
10437200,307,,
10437600,309,,
10438000,308,,
10438396,307,,
10438800,308,,
10439200,307,,
10439596,309,,
10440000,308,,
10440400,307,,
10440800,307,,
10441196,307,,
10441600,307,,
10442000,308,,
10442396,308,,
10442796,308,,
10443200,307,,
10443596,307,,
10443996,306,,
10444400,307,,
10444800,307,,
10445196,306,,
10445600,306,,
10446000,306,,
10446400,306,,
10446796,305,,
10447200,306,,
10447600,305,,
10447996,307,,
10448400,306,,
10448800,306,,
10449196,307,,
10449600,307,,
10450000,309,,
10450400,307,,
10450796,308,,
10451200,307,,
10451600,308,,
10451992,308,,
10452400,307,,
10452800,308,,
10453200,308,,
10453596,307,,
10454000,308,,
10454400,307,,
10454800,307,,
10455196,307,,
10455600,307,,
10456000,306,,
10456400,307,,
10456796,307,,
10457200,307,,
10457600,307,,
10457996,308,,
10458400,308,,
10458800,307,,
10459204,307,,
10459596,307,,
10460000,307,,
10460400,309,,
10460796,308,,
10461196,308,,
10461600,308,,
10462000,307,,
10462396,307,,
10462800,307,,
10463200,307,,
10463600,307,,
10463996,307,,
10464400,307,,
10464800,308,,
10465196,307,,
10465600,308,,
10466000,310,,
10466400,308,,
10466796,308,,
10467200,309,,
10467600,307,,
10467996,308,,
10468396,307,,
10468800,307,,
10469196,308,,
10469596,307,,
10470000,308,,
10470400,307,,
10470796,307,,
10471200,308,,
10471600,308,,
10472000,308,,
10472396,308,,
10472800,307,,
10473200,307,,
10473596,308,,
10474000,307,,
10474400,308,,
10474800,307,,
10475196,309,,
10475600,309,,
10476000,308,,
10476396,309,,
10476800,310,,
10477200,309,,
10477592,309,,
10477996,309,,
10478400,309,,
10478800,308,,
10479196,309,,
10479600,309,,
10480000,308,,
10480400,308,,
10480796,309,,
10481200,308,,
10481600,309,,
10482000,308,,
10482396,309,,
10482800,309,,
10483200,308,,
10483596,310,,
10484000,308,,
10484400,308,,
10484804,309,,
10485196,309,,
10485600,309,,
10486000,309,,
10486396,310,,
10486796,310,,
10487200,310,,
10487600,309,,
10487996,310,,
10488400,309,,
10488800,309,,
10489200,310,,
10489596,308,,
10490000,310,,
10490400,309,,
10490796,311,,
10491200,311,,
10491600,309,,
10492000,312,,
10492396,310,,
10492800,310,,
10493200,311,,
10493600,309,,
10493992,310,,
10494400,309,,
10494796,309,,
10495196,309,,
10495596,309,,
10496004,310,,
10496400,309,,
10496796,309,,
10497196,308,,
10497600,310,,
10498000,307,,
10498400,308,,
10498796,309,,
10499196,308,,
10499600,309,,
10499996,308,,
10500400,309,,
10500796,309,,
10501196,307,,
10501600,311,,
10501996,309,,
10502396,309,,
10502796,310,,
10503196,308,,
10503596,310,,
10504000,308,,
10504400,309,,
10504800,309,,
10505196,309,,
10505596,309,,
10506000,309,,
10506400,307,,
10506796,309,,
10507196,307,,
10507596,309,,
10508000,308,,
10508400,309,,
10508796,308,,
10509196,307,,
10509596,308,,
10510000,308,,
10510404,308,,
10510796,308,,
10511200,308,,
10511600,307,,
10512000,307,,
10512392,307,,
10512800,307,,
10513196,307,,
10513596,306,,
10513996,305,,
10514400,307,,
10514800,305,,
10515196,307,,
10515596,306,,
10515996,306,,
10516400,306,,
10516800,306,,
10517196,307,,
10517596,306,,
10518000,306,,
10518400,307,,
10518800,308,,
10519196,308,,
10519596,309,,
10519996,307,,
10520396,307,,
10520796,307,,
10521200,307,,
10521596,308,,
10521996,307,,
10522400,307,,
10522796,307,,
10523200,307,,
10523596,307,,
10523996,307,,
10524400,306,,
10524800,306,,
10525200,306,,
10525596,305,,
10525996,305,,
10526400,309,,
10526800,308,,
10527200,306,,
10527596,307,,
10527996,307,,
10528400,305,,
10528792,306,,
10529196,306,,
10529596,307,,
10529996,309,,
10530400,307,,
10530796,307,,
10531196,306,,
10531600,309,,
10531996,308,,
10532400,305,,
10532796,305,,
10533196,307,,
10533600,307,,
10534000,307,,
10534400,307,,
10534796,306,,
10535196,308,,
10535600,308,,
10536008,305,,
10536400,306,,
10536796,306,,
10537196,309,,
10537600,309,,
10537992,306,,
10538400,307,,
10538800,306,,
10539200,307,,
10539596,307,,
10540000,305,,
10540400,307,,
10540800,306,,
10541200,305,,
10541596,307,,
10542000,306,,
10542400,307,,
10542796,308,,
10543196,306,,
10543596,308,,
10544000,307,,
10544400,307,,
10544796,306,,
10545196,306,,
10545600,308,,
10545996,308,,
10546396,307,,
10546800,308,,
10547196,307,,
10547596,308,,
10547996,306,,
10548396,307,,
10548800,307,,
10549196,308,,
10549596,307,,
10549996,308,,
10550396,307,,
10550800,307,,
10551196,306,,
10551596,306,,
10552000,307,,
10552400,308,,
10552800,307,,
10553196,307,,
10553596,307,,
10554000,307,,
10554396,308,,
10554796,307,,
10555200,307,,
10555600,306,,
10555996,307,,
10556400,306,,
10556796,306,,
10557200,307,,
10557600,307,,
10557996,307,,
10558400,306,,
10558800,306,,
10559200,306,,
10559600,306,,
10559996,307,,
10560400,306,,
10560800,306,,
10561200,306,,
10561604,306,,
10561996,306,,
10562400,306,,
10562800,306,,
10563196,307,,
10563596,306,,
10564000,306,,
10564396,305,,
10564796,306,,
10565200,305,,
10565600,306,,
10566000,305,,
10566396,304,,
10566796,306,,
10567200,305,,
10567600,305,,
10568000,305,,
10568396,305,,
10568796,306,,
10569200,305,,
10569596,306,,
10569996,306,,
10570396,305,,
10570796,307,,
10571196,306,,
10571600,306,,
10572000,305,,
10572400,305,,
10572796,305,,
10573196,304,,
10573600,305,,
10574000,305,,
10574400,305,,
10574796,304,,
10575196,304,,
10575600,304,,
10576000,304,,
10576396,305,,
10576796,305,,
10577196,304,,
10577600,305,,
10578000,304,,
10578396,304,,
10578800,305,,
10579196,304,,
10579600,306,,
10579992,305,,
10580396,306,,
10580800,305,,
10581200,305,,
10581600,305,,
10581996,305,,
10582396,306,,
10582800,305,,
10583200,306,,
10583600,306,,
10583996,306,,
10584396,305,,
10584800,305,,
10585200,307,,
10585596,306,,
10586000,305,,
10586396,306,,
10586800,306,,
10587204,307,,
10587596,306,,
10588000,306,,
10588400,307,,
10588800,305,,
10589192,306,,
10589600,307,,
10589996,306,,
10590396,307,,
10590796,306,,
10591200,307,,
10591600,307,,
10591996,307,,
10592396,307,,
10592800,307,,
10593200,307,,
10593600,307,,
10593996,307,,
10594396,307,,
10594800,307,,
10595200,308,,
10595600,308,,
10595996,308,,
10596396,308,,
10596796,309,,
10597196,309,,
10597596,308,,
10598000,309,,
10598396,308,,
10598796,309,,
10599200,309,,
10599600,309,,
10600000,309,,
10600396,309,,
10600796,310,,
10601200,309,,
10601600,309,,
10602000,309,,
10602396,310,,
10602796,308,,
10603200,310,,
10603600,309,,
10603996,310,,
10604396,310,,
10604796,309,,
10605200,310,,
10605592,309,,
10605996,310,,
10606396,310,,
10606796,311,,
10607200,310,,
10607596,310,,
10607996,310,,
10608400,309,,
10608800,310,,
10609200,310,,
10609596,310,,
10609996,309,,
10610400,311,,
10610800,308,,
10611200,310,,
10611596,309,,
10611996,310,,
10612400,309,,
10612804,310,,
10613200,310,,
10613596,310,,
10613996,309,,
10614400,309,,
10614792,309,,
10615200,309,,
10615600,310,,
10616000,308,,
10616396,310,,
10616800,309,,
10617200,309,,
10617600,309,,
10618000,309,,
10618396,309,,
10618800,310,,
10619200,310,,
10619596,309,,
10620000,309,,
10620396,309,,
10620800,310,,
10621200,309,,
10621596,309,,
10621996,309,,
10622400,309,,
10622796,310,,
10623196,310,,
10623600,309,,
10624008,309,,
10624400,309,,
10624796,309,,
10625196,309,,
10625600,308,,
10625996,310,,
10626396,309,,
10626796,309,,
10627196,309,,
10627600,310,,
10627996,309,,
10628396,310,,
10628800,310,,
10629200,311,,
10629600,310,,
10629996,309,,
10630396,308,,
10630800,309,,
10631196,309,,
10631596,309,,
10632000,310,,
10632400,309,,
10632796,309,,
10633200,310,,
10633600,309,,
10634000,309,,
10634400,310,,
10634796,310,,
10635200,308,,
10635600,308,,
10636000,308,,
10636400,308,,
10636796,307,,
10637200,307,,
10637600,308,,
10638000,308,,
10638404,307,,
10638796,307,,
10639200,307,,
10639600,307,,
10639996,308,,
10640396,308,,
10640800,308,,
10641196,308,,
10641596,307,,
10642000,307,,
10642400,308,,
10642800,308,,
10643196,308,,
10643596,308,,
10644000,308,,
10644396,308,,
10644800,307,,
10645196,307,,
10645596,308,,
10646000,308,,
10646396,307,,
10646796,307,,
10647196,307,,
10647596,307,,
10647996,307,,
10648400,308,,
10648800,308,,
10649200,307,,
10649596,307,,
10649996,307,,
10650400,307,,
10650800,307,,
10651196,309,,
10651596,308,,
10651996,308,,
10652400,308,,
10652800,307,,
10653196,307,,
10653596,307,,
10653996,307,,
10654400,308,,
10654800,308,,
10655196,307,,
10655600,307,,
10656000,307,,
10656400,307,,
10656792,307,,
10657196,307,,
10657600,307,,
10658000,307,,
10658400,306,,
10658796,305,,
10659196,307,,
10659600,306,,
10660000,306,,
10660396,307,,
10660796,306,,
10661196,306,,
10661600,306,,
10662000,306,,
10662396,308,,
10662796,306,,
10663196,307,,
10663600,307,,
10664004,306,,
10664396,307,,
10664800,307,,
10665200,308,,
10665600,307,,
10665992,308,,
10666400,309,,
10666796,307,,
10667196,308,,
10667596,308,,
10668000,308,,
10668400,308,,
10668796,307,,
10669196,308,,
10669596,307,,
10670000,307,,
10670400,308,,
10670796,307,,
10671196,308,,
10671600,308,,
10672000,306,,
10672400,307,,
10672796,305,,
10673196,307,,
10673596,306,,
10674000,307,,
10674396,306,,
10674800,307,,
10675196,307,,
10675596,307,,
10676000,308,,
10676400,307,,
10676800,307,,
10677196,307,,
10677596,306,,
10678000,308,,
10678400,307,,
10678800,307,,
10679196,308,,
10679596,307,,
10680000,308,,
10680400,307,,
10680796,308,,
10681196,307,,
10681596,307,,
10682000,308,,
10682392,307,,
10682796,308,,
10683200,307,,
10683596,307,,
10684000,307,,
10684396,308,,
10684796,307,,
10685200,307,,
10685600,307,,
10686000,307,,
10686396,308,,
10686796,306,,
10687200,308,,
10687600,307,,
10688000,308,,
10688396,307,,
10688796,307,,
10689200,307,,
10689604,307,,
10689996,307,,
10690396,307,,
10690796,308,,
10691200,307,,
10691592,308,,
10692000,308,,
10692400,308,,
10692800,307,,
10693196,308,,
10693600,308,,
10694000,308,,
10694400,308,,
10694800,308,,
10695196,308,,
10695600,308,,
10696000,309,,
10696396,308,,
10696796,308,,
10697196,307,,
10697600,309,,
10698000,307,,
10698396,308,,
10698796,307,,
10699200,307,,
10699596,308,,
10699996,307,,
10700400,308,,
10700796,307,,
10701200,307,,
10701596,307,,
10701996,307,,
10702400,306,,
10702796,308,,
10703196,307,,
10703596,307,,
10703996,307,,
10704400,307,,
10704796,307,,
10705196,306,,
10705600,307,,
10705996,306,,
10706400,307,,
10706796,306,,
10707196,307,,
10707600,307,,
10707996,306,,
10708396,307,,
10708800,306,,
10709200,307,,
10709596,306,,
10709996,307,,
10710396,306,,
10710800,307,,
10711200,306,,
10711596,307,,
10712000,306,,
10712400,307,,
10712800,307,,
10713200,306,,
10713596,307,,
10714000,306,,
10714400,306,,
10714796,307,,
10715204,307,,
10715596,307,,
10716000,307,,
10716400,307,,
10716796,307,,
10717196,307,,
10717600,306,,
10717996,306,,
10718396,306,,
10718800,306,,
10719200,306,,
10719600,306,,
10719996,306,,
10720396,306,,
10720800,307,,
10721196,306,,
10721596,304,,
10721996,305,,
10722396,305,,
10722800,304,,
10723196,306,,
10723596,306,,
10723996,305,,
10724396,306,,
10724796,305,,
10725200,306,,
10725600,306,,
10726000,305,,
10726396,305,,
10726796,306,,
10727200,306,,
10727600,306,,
10727996,305,,
10728396,306,,
10728796,306,,
10729200,305,,
10729600,305,,
10729996,306,,
10730400,306,,
10730796,306,,
10731200,306,,
10731600,306,,
10731996,306,,
10732400,306,,
10732800,306,,
10733200,306,,
10733592,306,,
10733996,306,,
10734400,306,,
10734800,306,,
10735200,305,,
10735596,306,,
10735996,306,,
10736400,307,,
10736800,307,,
10737196,307,,
10737596,306,,
10737996,306,,
10738400,306,,
10738800,305,,
10739196,306,,
10739600,306,,
10739996,307,,
10740400,306,,
10740804,307,,
10741196,306,,
10741600,307,,
10742000,308,,
10742400,307,,
10742792,307,,
10743200,308,,
10743596,307,,
10743996,307,,
10744396,307,,
10744800,307,,
10745200,306,,
10745596,306,,
10745996,306,,
10746400,306,,
10746800,305,,
10747200,306,,
10747596,306,,
10747996,306,,
10748400,305,,
10748800,305,,
10749200,305,,
10749596,306,,
10749996,306,,
10750396,305,,
10750796,306,,
10751196,306,,
10751600,306,,
10751996,306,,
10752396,306,,
10752800,307,,
10753200,307,,
10753600,306,,
10753996,306,,
10754396,307,,
10754800,307,,
10755200,305,,
10755596,306,,
10755996,306,,
10756396,307,,
10756800,307,,
10757200,307,,
10757596,306,,
10757996,307,,
10758396,306,,
10758800,305,,
10759192,306,,
10759596,307,,
10760000,306,,
10760400,306,,
10760800,306,,
10761196,306,,
10761596,305,,
10762000,306,,
10762400,307,,
10762800,306,,
10763196,306,,
10763596,306,,
10764000,306,,
10764400,307,,
10764800,306,,
10765196,306,,
10765596,306,,
10766000,307,,
10766404,306,,
10766796,306,,
10767196,307,,
10767596,308,,
10768000,308,,
10768392,308,,
10768800,307,,
10769200,308,,
10769600,307,,
10769996,306,,
10770400,306,,
10770800,307,,
10771196,307,,
10771600,307,,
10771996,306,,
10772400,307,,
10772800,307,,
10773196,307,,
10773596,305,,
10773996,306,,
10774400,306,,
10774800,305,,
10775196,307,,
10775596,306,,
10776000,307,,
10776396,306,,
10776796,306,,
10777200,306,,
10777596,305,,
10777996,306,,
10778396,306,,
10778796,306,,
10779200,306,,
10779596,305,,
10779996,306,,
10780396,307,,
10780796,306,,
10781200,306,,
10781596,307,,
10781996,307,,
10782400,306,,
10782800,306,,
10783200,307,,
10783596,308,,
10783996,307,,
10784400,308,,
10784796,309,,
10785196,309,,
10785600,308,,
10786000,308,,
10786396,308,,
10786800,309,,
10787196,308,,
10787600,310,,
10788000,309,,
10788396,309,,
10788800,309,,
10789200,308,,
10789600,310,,
10790000,309,,
10790396,308,,
10790800,308,,
10791200,308,,
10791600,307,,
10792004,308,,
10792396,309,,
10792800,309,,
10793200,309,,
10793596,309,,
10793996,309,,
10794400,309,,
10794796,308,,
10795196,308,,
10795600,308,,
10796000,308,,
10796400,308,,
10796796,307,,
10797196,308,,
10797600,306,,
10797996,307,,
10798396,308,,
10798796,306,,
10799196,307,,
10799600,307,,
10799996,306,,
10800396,307,,
10800800,307,,
10801196,307,,
10801600,307,,
10801996,307,,
10802396,307,,
10802800,306,,
10803204,307,,
10803600,307,,
10803996,306,,
10804396,307,,
10804800,308,,
10805196,307,,
10805600,306,,
10805996,307,,
10806396,308,,
10806800,307,,
10807196,308,,
10807596,307,,
10807996,307,,
10808396,308,,
10808800,307,,
10809196,308,,
10809596,307,,
10810000,308,,
10810396,308,,
10810796,308,,
10811200,307,,
10811600,308,,
10811996,309,,
10812396,307,,
10812796,307,,
10813200,308,,
10813600,307,,
10813996,308,,
10814396,308,,
10814796,307,,
10815200,308,,
10815600,307,,
10815996,307,,
10816400,308,,
10816800,307,,
10817200,308,,
10817604,307,,
10817996,307,,
10818400,307,,
10818800,307,,
10819200,307,,
10819592,307,,
10820000,307,,
10820396,307,,
10820796,307,,
10821196,307,,
10821600,307,,
10822000,307,,
10822396,306,,
10822796,307,,
10823200,307,,
10823600,306,,
10824000,305,,
10824396,307,,
10824796,306,,
10825200,307,,
10825600,307,,
10826000,307,,
10826396,307,,
10826796,306,,
10827196,306,,
10827600,306,,
10827996,306,,
10828400,307,,
10828796,306,,
10829196,306,,
10829600,306,,
10830000,306,,
10830400,305,,
10830796,306,,
10831196,306,,
10831600,307,,
10832000,307,,
10832400,306,,
10832796,307,,
10833196,306,,
10833600,305,,
10834000,306,,
10834396,306,,
10834796,306,,
10835196,306,,
10835600,306,,
10835992,306,,
10836396,307,,
10836796,307,,
10837196,306,,
10837600,307,,
10837996,306,,
10838396,306,,
10838800,306,,
10839200,307,,
10839600,307,,
10839996,307,,
10840396,306,,
10840800,306,,
10841200,307,,
10841596,306,,
10841996,306,,
10842396,307,,
10842800,307,,
10843204,307,,
10843596,307,,
10843996,307,,
10844396,306,,
10844800,307,,
10845192,307,,
10845600,307,,
10846000,307,,
10846400,308,,
10846796,307,,
10847200,306,,
10847600,307,,
10847996,307,,
10848396,307,,
10848796,306,,
10849200,306,,
10849600,307,,
10849996,306,,
10850396,307,,
10850796,307,,
10851200,307,,
10851600,307,,
10851996,308,,
10852396,308,,
10852800,308,,
10853196,308,,
10853596,308,,
10854000,308,,
10854396,308,,
10854796,308,,
10855196,308,,
10855596,308,,
10856000,308,,
10856396,309,,
10856796,308,,
10857200,308,,
10857596,308,,
10858000,308,,
10858396,308,,
10858796,307,,
10859200,307,,
10859600,308,,
10860000,308,,
10860396,308,,
10860796,308,,
10861200,309,,
10861592,308,,
10862000,309,,
10862396,308,,
10862796,308,,
10863200,308,,
10863596,308,,
10863996,308,,
10864396,309,,
10864796,309,,
10865200,309,,
10865596,309,,
10865996,309,,
10866400,309,,
10866796,309,,
10867200,310,,
10867596,309,,
10867996,308,,
10868400,309,,
10868804,309,,
10869200,308,,
10869596,309,,
10869996,309,,
10870400,308,,
10870796,308,,
10871196,310,,
10871600,308,,
10872000,308,,
10872396,309,,
10872800,309,,
10873200,309,,
10873600,308,,
10874000,309,,
10874396,307,,
10874800,308,,
10875200,308,,
10875600,308,,
10876000,308,,
10876396,310,,
10876800,307,,
10877200,308,,
10877600,308,,
10877992,308,,
10878400,309,,
10878796,309,,
10879196,309,,
10879600,309,,
10880004,308,,
10880400,309,,
10880796,310,,
10881196,309,,
10881600,309,,
10882000,309,,
10882400,310,,
10882796,309,,
10883196,309,,
10883600,309,,
10883996,309,,
10884396,309,,
10884796,309,,
10885196,309,,
10885600,310,,
10885996,309,,
10886396,309,,
10886800,310,,
10887196,308,,
10887596,308,,
10888000,308,,
10888400,309,,
10888796,307,,
10889196,309,,
10889596,308,,
10890000,307,,
10890400,309,,
10890796,308,,
10891200,308,,
10891596,308,,
10892000,308,,
10892400,308,,
10892796,308,,
10893200,308,,
10893600,308,,
10894000,306,,
10894404,308,,
10894796,308,,
10895200,308,,
10895600,307,,
10896000,308,,
10896392,308,,
10896800,308,,
10897196,308,,
10897596,308,,
10898000,308,,
10898400,308,,
10898800,308,,
10899196,308,,
10899596,308,,
10900000,308,,
10900400,310,,
10900800,308,,
10901196,308,,
10901596,309,,
10902000,308,,
10902400,308,,
10902800,308,,
10903196,308,,
10903596,308,,
10903996,307,,
10904400,308,,
10904800,307,,
10905200,308,,
10905596,308,,
10905996,308,,
10906400,309,,
10906800,308,,
10907200,308,,
10907596,308,,
10907996,308,,
10908400,308,,
10908800,308,,
10909200,308,,
10909596,307,,
10909996,308,,
10910400,307,,
10910800,309,,
10911196,308,,
10911596,307,,
10911996,307,,
10912400,308,,
10912792,307,,
10913196,308,,
10913600,307,,
10913996,308,,
10914400,308,,
10914796,308,,
10915196,308,,
10915600,307,,
10916000,308,,
10916400,308,,
10916796,308,,
10917196,309,,
10917600,308,,
10918000,310,,
10918400,309,,
10918796,307,,
10919196,308,,
10919600,308,,
10920004,308,,
10920396,308,,
10920796,307,,
10921196,308,,
10921600,307,,
10921992,308,,
10922400,308,,
10922800,309,,
10923200,308,,
10923596,308,,
10924000,308,,
10924400,307,,
10924796,308,,
10925200,307,,
10925596,307,,
10926000,307,,
10926400,307,,
10926796,307,,
10927196,307,,
10927600,308,,
10928000,307,,
10928400,307,,
10928796,308,,
10929196,308,,
10929596,307,,
10929996,307,,
10930396,307,,
10930800,308,,
10931196,308,,
10931596,308,,
10931996,308,,
10932396,307,,
10932800,307,,
10933196,306,,
10933596,307,,
10934000,307,,
10934400,308,,
10934800,307,,
10935196,307,,
10935596,307,,
10936000,307,,
10936400,309,,
10936800,307,,
10937196,306,,
10937596,308,,
10938000,307,,
10938392,308,,
10938796,307,,
10939196,308,,
10939596,307,,
10940000,308,,
10940396,307,,
10940796,308,,
10941196,308,,
10941596,308,,
10942000,308,,
10942396,308,,
10942796,308,,
10943200,307,,
10943600,306,,
10944000,307,,
10944396,306,,
10944796,306,,
10945200,307,,
10945604,307,,
10946000,307,,
10946396,307,,
10946796,306,,
10947200,306,,
10947592,306,,
10947996,307,,
10948400,306,,
10948800,306,,
10949196,306,,
10949600,307,,
10950000,308,,
10950400,308,,
10950800,307,,
10951196,309,,
10951600,307,,
10952000,309,,
10952400,308,,
10952800,307,,
10953196,308,,
10953600,307,,
10954000,308,,
10954396,308,,
10954796,306,,
10955200,307,,
10955596,307,,
10955996,308,,
10956400,307,,
10956804,307,,
10957200,308,,
10957596,307,,
10957996,307,,
10958400,309,,
10958800,307,,
10959200,307,,
10959596,307,,
10959996,307,,
10960400,308,,
10960796,308,,
10961196,309,,
10961596,308,,
10961996,308,,
10962400,308,,
10962796,307,,
10963196,307,,
10963596,307,,
10963996,307,,
10964396,307,,
10964800,307,,
10965200,308,,
10965600,307,,
10965996,307,,
10966396,307,,
10966800,307,,
10967200,307,,
10967596,307,,
10967996,307,,
10968396,307,,
10968800,307,,
10969200,307,,
10969596,307,,
10970000,307,,
10970400,308,,
10970800,307,,
10971204,307,,
10971596,307,,
10972000,308,,
10972400,307,,
10972800,308,,
10973192,307,,
10973600,307,,
10973996,307,,
10974396,306,,
10974800,307,,
10975200,307,,
10975600,307,,
10975996,307,,
10976396,306,,
10976800,305,,
10977200,307,,
10977600,306,,
10977996,307,,
10978396,307,,
10978800,307,,
10979196,307,,
10979600,307,,
10979996,306,,
10980396,307,,
10980796,307,,
10981200,307,,
10981600,307,,
10982000,307,,
10982396,307,,
10982796,307,,
10983200,308,,
10983600,306,,
10984000,307,,
10984396,307,,
10984796,307,,
10985200,308,,
10985600,307,,
10985996,307,,
10986396,307,,
10986796,306,,
10987200,307,,
10987600,307,,
10987996,306,,
10988396,307,,
10988796,306,,
10989200,307,,
10989592,307,,
10989996,306,,
10990400,307,,
10990800,306,,
10991200,306,,
10991596,307,,
10991996,307,,
10992400,307,,
10992800,307,,
10993200,307,,
10993596,308,,
10993996,307,,
10994400,307,,
10994800,308,,
10995196,307,,
10995596,307,,
10995996,308,,
10996400,306,,
10996804,308,,
10997196,306,,
10997596,306,,
10997996,306,,
10998400,306,,
10998792,306,,
10999200,307,,
10999600,305,,
11000000,307,,
11000396,306,,
11000800,306,,
11001200,306,,
11001596,306,,
11001996,305,,
11002396,306,,
11002800,306,,
11003200,306,,
11003596,307,,
11003996,306,,
11004396,307,,
11004800,305,,
11005200,307,,
11005596,307,,
11005996,306,,
11006400,307,,
11006796,306,,
11007196,307,,
11007600,306,,
11007996,307,,
11008396,308,,
11008796,307,,
11009196,308,,
11009600,306,,
11009996,307,,
11010396,307,,
11010800,307,,
11011200,307,,
11011600,307,,
11011996,307,,
11012396,307,,
11012800,306,,
11013200,308,,
11013600,307,,
11013996,307,,
11014396,308,,
11014800,306,,
11015192,308,,
11015596,307,,
11015996,307,,
11016396,309,,
11016800,308,,
11017196,309,,
11017596,308,,
11018000,309,,
11018396,309,,
11018800,309,,
11019196,309,,
11019596,309,,
11020000,310,,
11020400,308,,
11020800,308,,
11021196,309,,
11021596,308,,
11022000,310,,
11022408,309,,
11022800,309,,
11023196,308,,
11023596,307,,
11024000,307,,
11024392,307,,
11024800,307,,
11025200,307,,
11025600,307,,
11025996,308,,
11026400,307,,
11026800,307,,
11027200,308,,
11027600,307,,
11027996,309,,
11028400,307,,
11028800,308,,
11029200,309,,
11029600,308,,
11029996,307,,
11030400,310,,
11030800,309,,
11031196,310,,
11031596,308,,
11032000,310,,
11032396,309,,
11032796,310,,
11033200,311,,
11033604,310,,
11034000,310,,
11034396,310,,
11034796,310,,
11035200,310,,
11035596,309,,
11036000,309,,
11036396,309,,
11036796,309,,
11037200,308,,
11037596,309,,
11037996,309,,
11038396,310,,
11038796,309,,
11039200,309,,
11039596,309,,
11039996,309,,
11040400,308,,
11040796,309,,
11041196,309,,
11041600,309,,
11042000,309,,
11042396,310,,
11042796,309,,
11043196,309,,
11043600,308,,
11044000,309,,
11044396,309,,
11044796,309,,
11045196,310,,
11045600,310,,
11046000,310,,
11046396,310,,
11046800,311,,
11047200,310,,
11047600,310,,
11048004,311,,
11048396,310,,
11048800,310,,
11049200,309,,
11049600,309,,
11049992,310,,
11050400,310,,
11050796,310,,
11051196,309,,
11051596,310,,
11052000,310,,
11052400,310,,
11052796,310,,
11053196,309,,
11053600,309,,
11054000,309,,
11054400,309,,
11054796,309,,
11055196,310,,
11055600,308,,
11055996,309,,
11056396,309,,
11056796,309,,
11057196,309,,
11057596,309,,
11058000,309,,
11058400,310,,
11058800,309,,
11059196,309,,
11059596,309,,
11060000,308,,
11060400,309,,
11060800,309,,
11061196,309,,
11061596,310,,
11062000,309,,
11062400,309,,
11062796,308,,
11063196,308,,
11063596,308,,
11064000,307,,
11064400,307,,
11064796,308,,
11065200,308,,
11065596,309,,
11066000,309,,
11066392,308,,
11066796,309,,
11067200,308,,
11067600,308,,
11068000,307,,
11068396,307,,
11068796,309,,
11069200,308,,
11069600,308,,
11070000,308,,
11070396,309,,
11070796,308,,
11071200,308,,
11071600,308,,
11071996,307,,
11072396,307,,
11072796,307,,
11073200,307,,
11073604,307,,
11073996,307,,
11074400,307,,
11074796,307,,
11075200,307,,
11075592,307,,
11076000,307,,
11076396,306,,
11076800,306,,
11077196,307,,
11077600,306,,
11078000,307,,
11078396,306,,
11078796,306,,
11079196,307,,
11079600,307,,
11080000,308,,
11080396,307,,
11080796,307,,
11081200,307,,
11081600,308,,
11082000,307,,
11082396,307,,
11082796,308,,
11083196,308,,
11083596,308,,
11083996,307,,
11084400,308,,
11084796,309,,
11085196,308,,
11085596,308,,
11085996,307,,
11086400,308,,
11086796,307,,
11087196,307,,
11087600,306,,
11088000,307,,
11088400,306,,
11088796,306,,
11089196,307,,
11089600,306,,
11090000,306,,
11090400,306,,
11090796,307,,
11091196,306,,
11091600,305,,
11091992,306,,
11092400,306,,
11092796,305,,
11093196,305,,
11093600,306,,
11093996,305,,
11094396,305,,
11094796,306,,
11095196,306,,
11095600,305,,
11095996,305,,
11096396,305,,
11096800,304,,
11097200,304,,
11097600,303,,
11097996,304,,
11098396,303,,
11098800,303,,
11099204,304,,
11099600,304,,
11099996,304,,
11100396,303,,
11100800,304,,
11101192,303,,
11101600,303,,
11102000,304,,
11102400,304,,
11102796,303,,
11103200,304,,
11103600,304,,
11104000,305,,
11104400,304,,
11104796,305,,
11105200,305,,
11105600,305,,
11105996,307,,
11106400,306,,
11106796,305,,
11107200,307,,
11107600,305,,
11107996,307,,
11108396,306,,
11108800,306,,
11109196,306,,
11109596,306,,
11110000,306,,
11110408,307,,
11110800,307,,
11111196,307,,
11111596,307,,
11112000,307,,
11112396,306,,
11112796,306,,
11113196,306,,
11113596,305,,
11114000,306,,
11114396,306,,
11114796,305,,
11115196,306,,
11115596,306,,
11116000,307,,
11116396,306,,
11116796,306,,
11117200,307,,
11117596,307,,
11117996,306,,
11118400,307,,
11118800,307,,
11119196,307,,
11119596,307,,
11119996,306,,
11120400,307,,
11120800,307,,
11121196,307,,
11121600,307,,
11121996,307,,
11122400,307,,
11122800,308,,
11123196,307,,
11123600,306,,
11124000,307,,
11124400,306,,
11124804,306,,
11125196,307,,
11125600,306,,
11126000,308,,
11126400,307,,
11126792,308,,
11127200,308,,
11127596,307,,
11127996,308,,
11128400,307,,
11128800,307,,
11129200,307,,
11129596,307,,
11129996,308,,
11130400,309,,
11130800,308,,
11131200,308,,
11131596,309,,
11131996,309,,
11132400,308,,
11132796,309,,
11133200,308,,
11133596,309,,
11133996,307,,
11134396,307,,
11134800,308,,
11135200,308,,
11135600,308,,
11135996,307,,
11136396,307,,
11136800,309,,
11137200,308,,
11137600,308,,
11137996,307,,
11138396,308,,
11138800,309,,
11139200,307,,
11139596,307,,
11139996,308,,
11140396,309,,
11140800,308,,
11141200,308,,
11141596,308,,
11142000,309,,
11142400,309,,
11142800,309,,
11143192,309,,
11143596,308,,
11144000,308,,
11144400,308,,
11144800,308,,
11145196,308,,
11145596,308,,
11146000,307,,
11146400,307,,
11146796,308,,
11147196,308,,
11147596,307,,
11148000,308,,
11148400,307,,
11148796,308,,
11149196,309,,
11149596,308,,
11150000,307,,
11150404,306,,
11150796,306,,
11151200,307,,
11151600,307,,
11152000,307,,
11152392,308,,
11152800,308,,
11153196,308,,
11153596,308,,
11153996,308,,
11154400,308,,
11154800,308,,
11155196,308,,
11155596,308,,
11155996,308,,
11156400,307,,
11156800,308,,
11157196,308,,
11157596,309,,
11158000,308,,
11158400,308,,
11158800,307,,
11159196,307,,
11159596,308,,
11159996,308,,
11160396,308,,
11160796,308,,
11161200,308,,
11161596,308,,
11161996,309,,
11162400,308,,
11162796,309,,
11163200,308,,
11163596,308,,
11163996,308,,
11164400,307,,
11164800,307,,
11165200,306,,
11165596,307,,
11165996,307,,
11166400,307,,
11166800,307,,
11167200,307,,
11167596,307,,
11167996,307,,
11168400,307,,
11168792,307,,
11169196,308,,
11169596,307,,
11169996,307,,
11170400,308,,
11170796,307,,
11171196,307,,
11171596,307,,
11171996,306,,
11172400,307,,
11172796,306,,
11173196,307,,
11173600,307,,
11174000,307,,
11174400,306,,
11174796,306,,
11175196,306,,
11175600,307,,
11176004,307,,
11176400,308,,
11176796,307,,
11177196,308,,
11177600,308,,
11177992,307,,
11178396,307,,
11178800,307,,
11179200,307,,
11179596,307,,
11180000,307,,
11180400,307,,
11180800,307,,
11181200,307,,
11181596,307,,
11182000,307,,
11182400,308,,
11182796,307,,
11183196,307,,
11183596,308,,
11184000,308,,
11184400,307,,
11184796,308,,
11185196,307,,
11185600,308,,
11185996,307,,
11186396,308,,
11186800,307,,
11187196,306,,
11187600,307,,
11187996,306,,
11188396,308,,
11188800,307,,
11189196,307,,
11189596,307,,
11189996,307,,
11190396,308,,
11190800,306,,
11191196,307,,
11191596,307,,
11192000,307,,
11192396,307,,
11192800,307,,
11193196,308,,
11193596,308,,
11194000,307,,
11194396,308,,
11194796,307,,
11195200,308,,
11195600,307,,
11195996,307,,
11196396,308,,
11196796,307,,
11197200,308,,
11197600,307,,
11197996,307,,
11198400,307,,
11198800,308,,
11199200,309,,
11199600,308,,
11199996,308,,
11200400,309,,
11200800,308,,
11201200,307,,
11201604,307,,
11201996,308,,
11202400,308,,
11202800,308,,
11203196,309,,
11203596,308,,
11204000,308,,
11204396,308,,
11204796,308,,
11205200,309,,
11205600,307,,
11206000,308,,
11206396,307,,
11206796,308,,
11207200,307,,
11207600,308,,
11208000,308,,
11208396,307,,
11208796,308,,
11209200,307,,
11209596,308,,
11209996,309,,
11210396,308,,
11210796,307,,
11211196,308,,
11211600,307,,
11212000,307,,
11212400,308,,
11212796,308,,
11213196,308,,
11213600,308,,
11214000,308,,
11214400,308,,
11214796,308,,
11215196,309,,
11215600,308,,
11216000,309,,
11216396,309,,
11216796,309,,
11217196,310,,
11217600,309,,
11218000,309,,
11218396,309,,
11218800,309,,
11219196,309,,
11219600,308,,
11219992,309,,
11220396,310,,
11220800,309,,
11221200,309,,
11221600,309,,
11221996,309,,
11222396,309,,
11222800,308,,
11223200,309,,
11223600,308,,
11223996,308,,
11224396,308,,
11224800,309,,
11225200,308,,
11225596,308,,
11226000,309,,
11226396,309,,
11226800,309,,
11227204,309,,
11227596,309,,
11228000,309,,
11228400,309,,
11228800,311,,
11229192,309,,
11229600,310,,
11229996,309,,
11230396,310,,
11230796,309,,
11231200,309,,
11231600,309,,
11231996,310,,
11232396,310,,
11232800,310,,
11233200,308,,
11233600,309,,
11233996,309,,
11234396,309,,
11234800,308,,
11235200,309,,
11235600,308,,
11235996,309,,
11236396,309,,
11236796,308,,
11237196,308,,
11237596,308,,
11238000,307,,
11238396,308,,
11238796,308,,
11239200,307,,
11239600,307,,
11240000,307,,
11240396,308,,
11240796,308,,
11241200,308,,
11241600,307,,
11242000,308,,
11242396,307,,
11242796,307,,
11243200,307,,
11243600,309,,
11244000,308,,
11244396,307,,
11244796,307,,
11245200,309,,
11245592,308,,
11245996,308,,
11246396,308,,
11246796,308,,
11247200,308,,
11247596,307,,
11247996,307,,
11248400,308,,
11248796,307,,
11249200,308,,
11249596,309,,
11249996,307,,
11250400,308,,
11250800,308,,
11251200,308,,
11251596,307,,
11251996,309,,
11252400,307,,
11252804,308,,
11253200,307,,
11253596,306,,
11253996,307,,
11254400,306,,
11254792,308,,
11255200,306,,
11255600,306,,
11256000,307,,
11256396,307,,
11256800,307,,
11257200,307,,
11257600,307,,
11258000,307,,
11258396,306,,
11258800,306,,
11259200,306,,
11259596,306,,
11260000,305,,
11260396,306,,
11260800,307,,
11261200,307,,
11261596,308,,
11261996,308,,
11262400,308,,
11262796,307,,
11263196,307,,
11263600,307,,
11264004,306,,
11264400,307,,
11264796,306,,
11265196,307,,
11265600,308,,
11265996,307,,
11266396,307,,
11266796,307,,
11267196,307,,
11267600,306,,
11267996,307,,
11268396,306,,
11268800,306,,
11269200,306,,
11269600,306,,
11269996,307,,
11270396,308,,
11270800,308,,
11271196,308,,
11271596,308,,
11272000,307,,
11272400,307,,
11272796,307,,
11273200,307,,
11273596,307,,
11274000,307,,
11274400,308,,
11274796,308,,
11275200,307,,
11275600,307,,
11276000,306,,
11276400,306,,
11276796,307,,
11277200,307,,
11277600,307,,
11278000,308,,
11278404,306,,
11278796,307,,
11279200,307,,
11279600,306,,
11279996,306,,
11280396,306,,
11280800,306,,
11281196,306,,
11281596,306,,
11282000,305,,
11282400,306,,
11282800,306,,
11283196,305,,
11283596,306,,
11284000,307,,
11284396,306,,
11284800,306,,
11285196,307,,
11285596,306,,
11286000,306,,
11286396,306,,
11286796,306,,
11287196,307,,
11287596,306,,
11287996,308,,
11288400,306,,
11288800,305,,
11289200,307,,
11289596,306,,
11289996,307,,
11290400,307,,
11290800,307,,
11291196,308,,
11291596,307,,
11291996,307,,
11292400,307,,
11292800,308,,
11293196,307,,
11293596,307,,
11293996,308,,
11294400,307,,
11294800,306,,
11295196,307,,
11295600,307,,
11296000,306,,
11296400,307,,
11296792,306,,
11297196,307,,
11297600,307,,
11298000,308,,
11298400,308,,
11298796,307,,
11299196,308,,
11299600,308,,
11300000,308,,
11300400,308,,
11300796,308,,
11301196,308,,
11301600,307,,
11302000,308,,
11302396,308,,
11302796,307,,
11303196,307,,
11303600,308,,
11304004,307,,
11304396,306,,
11304800,307,,
11305196,307,,
11305600,306,,
11305992,306,,
11306400,307,,
11306796,306,,
11307200,306,,
11307596,306,,
11308000,305,,
11308400,306,,
11308796,305,,
11309196,306,,
11309596,306,,
11310000,305,,
11310400,305,,
11310796,306,,
11311196,305,,
11311600,304,,
11312000,305,,
11312400,306,,
11312796,305,,
11313196,306,,
11313596,306,,
11314000,306,,
11314396,306,,
11314800,306,,
11315196,306,,
11315596,306,,
11316000,305,,
11316400,306,,
11316800,305,,
11317196,306,,
11317596,305,,
11318000,305,,
11318400,306,,
11318800,305,,
11319196,306,,
11319596,305,,
11320000,306,,
11320400,306,,
11320796,307,,
11321196,305,,
11321596,307,,
11322000,306,,
11322392,306,,
11322796,306,,
11323196,307,,
11323596,306,,
11324000,307,,
11324396,307,,
11324796,307,,
11325200,307,,
11325600,307,,
11326000,306,,
11326396,307,,
11326796,306,,
11327200,307,,
11327600,305,,
11328000,306,,
11328396,305,,
11328796,305,,
11329200,306,,
11329604,305,,
11329996,306,,
11330396,306,,
11330796,306,,
11331200,306,,
11331592,305,,
11332000,306,,
11332400,305,,
11332800,305,,
11333196,305,,
11333600,305,,
11334000,305,,
11334400,305,,
11334800,306,,
11335196,305,,
11335600,305,,
11336000,306,,
11336396,305,,
11336796,305,,
11337196,305,,
11337600,305,,
11338000,305,,
11338396,305,,
11338796,304,,
11339200,305,,
11339596,305,,
11339996,305,,
11340400,306,,
11340796,306,,
11341200,306,,
11341596,306,,
11341996,305,,
11342400,305,,
11342796,305,,
11343196,306,,
11343596,305,,
11343996,306,,
11344400,307,,
11344796,307,,
11345196,308,,
11345600,307,,
11345996,307,,
11346400,308,,
11346796,307,,
11347196,307,,
11347600,307,,
11347996,307,,
11348396,306,,
11348800,307,,
11349200,307,,
11349596,308,,
11349996,307,,
11350396,306,,
11350800,307,,
11351200,307,,
11351596,307,,
11352000,307,,
11352400,307,,
11352800,307,,
11353200,308,,
11353596,308,,
11354000,307,,
11354400,307,,
11354796,307,,
11355204,306,,
11355596,307,,
11356000,306,,
11356400,306,,
11356796,307,,
11357196,306,,
11357600,306,,
11357996,307,,
11358396,306,,
11358800,307,,
11359200,305,,
11359600,306,,
11359996,307,,
11360396,307,,
11360800,306,,
11361196,306,,
11361596,306,,
11361996,307,,
11362396,306,,
11362800,306,,
11363196,306,,
11363596,307,,
11363996,306,,
11364396,306,,
11364796,306,,
11365200,305,,
11365600,307,,
11366000,306,,
11366396,306,,
11366796,307,,
11367200,308,,
11367600,308,,
11367996,308,,
11368396,308,,
11368796,307,,
11369200,307,,
11369600,308,,
11369996,308,,
11370400,308,,
11370796,308,,
11371200,308,,
11371600,308,,
11371996,308,,
11372400,307,,
11372800,307,,
11373200,307,,
11373592,308,,
11373996,308,,
11374400,308,,
11374800,308,,
11375200,307,,
11375596,307,,
11375996,308,,
11376400,308,,
11376800,309,,
11377196,310,,
11377596,309,,
11377996,308,,
11378400,308,,
11378800,307,,
11379196,308,,
11379596,307,,
11379996,307,,
11380400,307,,
11380804,307,,
11381196,308,,
11381600,308,,
11382000,307,,
11382400,307,,
11382792,308,,
11383200,307,,
11383596,307,,
11383996,307,,
11384396,308,,
11384800,308,,
11385200,308,,
11385596,307,,
11385996,308,,
11386396,307,,
11386800,307,,
11387200,308,,
11387596,308,,
11387996,309,,
11388400,308,,
11388800,309,,
11389200,308,,
11389596,308,,
11389996,309,,
11390396,310,,
11390796,310,,
11391196,309,,
11391600,310,,
11391996,309,,
11392396,309,,
11392800,309,,
11393196,310,,
11393600,310,,
11393996,309,,
11394396,310,,
11394800,310,,
11395200,310,,
11395600,309,,
11395996,311,,
11396396,310,,
11396800,310,,
11397200,311,,
11397596,310,,
11397996,309,,
11398396,309,,
11398800,309,,
11399192,310,,
11399596,309,,
11400000,310,,
11400396,310,,
11400800,309,,
11401196,310,,
11401596,310,,
11402000,309,,
11402400,308,,
11402800,310,,
11403196,309,,
11403596,309,,
11404000,310,,
11404400,310,,
11404800,309,,
11405196,310,,
11405596,310,,
11406000,309,,
11406404,311,,
11406796,309,,
11407196,310,,
11407596,310,,
11408000,308,,
11408392,309,,
11408800,309,,
11409200,309,,
11409600,309,,
11409996,309,,
11410400,309,,
11410800,308,,
11411196,309,,
11411600,308,,
11411996,308,,
11412400,308,,
11412800,308,,
11413196,309,,
11413596,307,,
11413996,308,,
11414400,307,,
11414800,307,,
11415196,307,,
11415596,308,,
11416000,308,,
11416396,307,,
11416796,308,,
11417200,307,,
11417596,308,,
11417996,308,,
11418396,307,,
11418796,308,,
11419200,307,,
11419596,307,,
11419996,307,,
11420396,308,,
11420796,307,,
11421200,306,,
11421596,307,,
11421996,307,,
11422400,307,,
11422800,307,,
11423200,307,,
11423596,307,,
11423996,307,,
11424400,307,,
11424796,306,,
11425196,307,,
11425600,307,,
11426000,307,,
11426396,307,,
11426800,307,,
11427196,308,,
11427600,307,,
11428000,306,,
11428396,306,,
11428800,307,,
11429200,308,,
11429600,307,,
11430000,306,,
11430396,306,,
11430800,308,,
11431200,306,,
11431600,307,,
11432004,307,,
11432396,305,,
11432800,306,,
11433200,306,,
11433596,306,,
11433996,304,,
11434400,306,,
11434796,306,,
11435196,306,,
11435600,306,,
11436000,306,,
11436400,307,,
11436796,306,,
11437196,306,,
11437600,307,,
11438000,306,,
11438396,305,,
11438796,306,,
11439196,306,,
11439600,306,,
11439996,306,,
11440396,306,,
11440800,307,,
11441196,305,,
11441596,307,,
11442000,306,,
11442400,307,,
11442796,307,,
11443196,307,,
11443596,306,,
11444000,305,,
11444400,305,,
11444796,306,,
11445196,307,,
11445596,306,,
11446000,307,,
11446400,305,,
11446796,306,,
11447200,306,,
11447600,306,,
11448000,305,,
11448400,306,,
11448796,305,,
11449200,305,,
11449600,306,,
11450000,307,,
11450392,307,,
11450796,307,,
11451200,306,,
11451600,305,,
11452000,305,,
11452396,304,,
11452796,305,,
11453200,305,,
11453600,306,,
11453996,307,,
11454396,307,,
11454796,306,,
11455200,306,,
11455600,305,,
11455996,305,,
11456400,305,,
11456796,306,,
11457200,306,,
11457604,306,,
11457996,306,,
11458400,306,,
11458800,306,,
11459200,306,,
11459592,306,,
11460000,306,,
11460396,307,,
11460796,306,,
11461196,306,,
11461600,306,,
11462000,307,,
11462396,307,,
11462796,307,,
11463200,307,,
11463600,308,,
11464000,308,,
11464396,307,,
11464796,308,,
11465200,307,,
11465600,307,,
11466000,307,,
11466396,306,,
11466796,307,,
11467196,307,,
11467596,306,,
11467996,307,,
11468400,307,,
11468796,306,,
11469196,307,,
11469600,307,,
11470000,308,,
11470400,307,,
11470796,307,,
11471196,307,,
11471600,306,,
11472000,307,,
11472400,307,,
11472796,308,,
11473196,308,,
11473600,309,,
11474000,308,,
11474396,309,,
11474796,308,,
11475196,308,,
11475600,307,,
11475992,307,,
11476396,308,,
11476796,307,,
11477196,308,,
11477600,308,,
11477996,308,,
11478396,308,,
11478800,308,,
11479200,308,,
11479600,308,,
11479996,308,,
11480396,309,,
11480800,308,,
11481200,308,,
11481596,307,,
11481996,307,,
11482396,307,,
11482800,306,,
11483204,307,,
11483596,307,,
11483996,307,,
11484396,307,,
11484800,307,,
11485192,307,,
11485600,307,,
11486000,306,,
11486400,307,,
11486796,306,,
11487200,308,,
11487600,307,,
11487996,308,,
11488396,307,,
11488796,307,,
11489200,308,,
11489600,308,,
11489996,308,,
11490396,307,,
11490796,309,,
11491200,308,,
11491600,307,,
11491996,307,,
11492396,307,,
11492800,308,,
11493196,307,,
11493596,308,,
11494000,307,,
11494396,307,,
11494796,307,,
11495196,307,,
11495596,307,,
11496000,307,,
11496396,307,,
11496796,307,,
11497200,306,,
11497596,307,,
11498000,307,,
11498396,307,,
11498796,307,,
11499200,306,,
11499600,307,,
11500000,307,,
11500396,306,,
11500796,307,,
11501200,307,,
11501596,307,,
11501996,306,,
11502400,306,,
11502800,307,,
11503196,306,,
11503600,307,,
11504000,308,,
11504400,307,,
11504800,308,,
11505196,307,,
11505600,308,,
11506000,308,,
11506400,307,,
11506800,308,,
11507196,307,,
11507600,307,,
11508000,307,,
11508400,308,,
11508804,307,,
11509196,308,,
11509600,309,,
11510000,308,,
11510396,308,,
11510796,308,,
11511200,308,,
11511596,309,,
11511996,308,,
11512400,308,,
11512800,309,,
11513200,308,,
11513596,309,,
11513996,308,,
11514400,308,,
11514796,309,,
11515200,309,,
11515596,309,,
11515996,309,,
11516400,309,,
11516796,308,,
11517196,308,,
11517596,309,,
11517996,308,,
11518396,307,,
11518800,308,,
11519200,307,,
11519600,307,,
11519996,307,,
11520396,308,,
11520800,308,,
11521200,307,,
11521596,309,,
11521996,308,,
11522396,308,,
11522800,307,,
11523200,309,,
11523596,307,,
11524000,308,,
11524400,308,,
11524800,307,,
11525200,307,,
11525596,307,,
11526000,308,,
11526400,307,,
11526800,307,,
11527192,307,,
11527596,306,,
11528000,308,,
11528400,308,,
11528796,308,,
11529196,308,,
11529596,307,,
11530000,308,,
11530400,308,,
11530796,307,,
11531196,308,,
11531596,308,,
11532000,308,,
11532400,307,,
11532796,307,,
11533200,307,,
11533600,308,,
11534000,307,,
11534404,307,,
11534796,308,,
11535200,308,,
11535600,308,,
11536000,307,,
11536392,308,,
11536800,307,,
11537196,308,,
11537596,308,,
11537996,307,,
11538400,308,,
11538800,307,,
11539196,307,,
11539596,308,,
11540000,308,,
11540400,306,,
11540800,308,,
11541196,307,,
11541596,307,,
11542000,307,,
11542400,308,,
11542800,307,,
11543196,307,,
11543596,308,,
11543996,307,,
11544400,307,,
11544796,307,,
11545200,308,,
11545596,306,,
11545996,307,,
11546400,307,,
11546800,306,,
11547200,308,,
11547596,306,,
11547996,308,,
11548400,307,,
11548800,307,,
11549200,307,,
11549596,306,,
11549996,308,,
11550400,307,,
11550800,308,,
11551196,308,,
11551596,307,,
11551996,307,,
11552400,307,,
11552792,309,,
11553196,308,,
11553600,307,,
11553996,309,,
11554400,309,,
11554796,308,,
11555196,310,,
11555600,308,,
11556000,309,,
11556400,308,,
11556796,308,,
11557196,309,,
11557600,309,,
11558000,308,,
11558400,307,,
11558796,307,,
11559196,307,,
11559600,307,,
11560004,307,,
11560396,308,,
11560796,308,,
11561196,307,,
11561600,308,,
11561992,307,,
11562400,306,,
11562800,306,,
11563200,306,,
11563596,305,,
11564000,306,,
11564400,306,,
11564800,307,,
11565200,307,,
11565596,308,,
11566000,307,,
11566400,307,,
11566796,308,,
11567196,307,,
11567600,308,,
11568000,308,,
11568400,308,,
11568796,308,,
11569196,308,,
11569596,308,,
11569996,309,,
11570396,309,,
11570800,309,,
11571196,309,,
11571596,308,,
11571996,309,,
11572396,309,,
11572800,309,,
11573196,308,,
11573596,308,,
11574000,308,,
11574400,308,,
11574800,308,,
11575196,308,,
11575596,308,,
11576000,309,,
11576400,308,,
11576800,309,,
11577196,309,,
11577596,309,,
11578000,309,,
11578392,309,,
11578800,309,,
11579196,308,,
11579596,308,,
11580000,307,,
11580396,307,,
11580796,308,,
11581196,308,,
11581596,307,,
11582000,308,,
11582396,308,,
11582796,309,,
11583200,309,,
11583596,309,,
11584000,309,,
11584396,308,,
11584796,308,,
11585200,308,,
11585604,308,,
11586000,308,,
11586396,308,,
11586796,308,,
11587200,308,,
11587592,310,,
11587996,308,,
11588400,309,,
11588800,309,,
11589196,309,,
11589600,309,,
11590000,309,,
11590400,308,,
11590800,309,,
11591196,308,,
11591600,309,,
11592000,309,,
11592400,310,,
11592800,310,,
11593196,309,,
11593600,309,,
11594000,308,,
11594396,309,,
11594796,308,,
11595200,307,,
11595596,308,,
11595996,308,,
11596400,308,,
11596804,309,,
11597200,307,,
11597596,307,,
11597996,308,,
11598400,308,,
11598800,308,,
11599200,307,,
11599596,308,,
11599996,308,,
11600400,308,,
11600796,308,,
11601196,309,,
11601596,308,,
11601996,307,,
11602400,308,,
11602796,308,,
11603196,308,,
11603596,308,,
11603996,308,,
11604396,307,,
11604800,308,,
11605200,307,,
11605600,306,,
11605996,306,,
11606396,306,,
11606800,305,,
11607200,306,,
11607596,306,,
11607996,305,,
11608396,306,,
11608800,305,,
11609200,306,,
11609596,307,,
11610000,306,,
11610400,306,,
11610800,306,,
11611204,307,,
11611596,306,,
11612000,307,,
11612400,306,,
11612800,305,,
11613192,306,,
11613600,307,,
11613996,306,,
11614396,306,,
11614800,307,,
11615200,306,,
11615600,306,,
11615996,305,,
11616396,305,,
11616800,307,,
11617200,306,,
11617600,306,,
11617996,307,,
11618396,306,,
11618800,306,,
11619196,306,,
11619600,306,,
11619996,307,,
11620396,306,,
11620796,307,,
11621200,307,,
11621600,307,,
11622000,307,,
11622396,306,,
11622796,307,,
11623200,307,,
11623600,306,,
11624000,307,,
11624396,306,,
11624796,306,,
11625200,307,,
11625600,306,,
11625996,307,,
11626396,306,,
11626796,306,,
11627200,307,,
11627600,305,,
11627996,306,,
11628396,307,,
11628796,306,,
11629200,307,,
11629592,305,,
11629996,306,,
11630400,306,,
11630800,307,,
11631200,306,,
11631596,306,,
11631996,307,,
11632400,305,,
11632800,306,,
11633200,306,,
11633596,306,,
11633996,306,,
11634400,307,,
11634800,306,,
11635200,306,,
11635596,307,,
11635996,306,,
11636400,307,,
11636804,306,,
11637196,306,,
11637596,306,,
11637996,306,,
11638400,305,,
11638792,306,,
11639200,306,,
11639600,307,,
11640000,307,,
11640396,306,,
11640800,306,,
11641200,307,,
11641596,306,,
11642000,307,,
11642396,306,,
11642800,307,,
11643200,307,,
11643596,307,,
11643996,307,,
11644396,308,,
11644800,308,,
11645200,308,,
11645596,308,,
11645996,309,,
11646400,308,,
11646796,307,,
11647196,309,,
11647600,308,,
11647996,308,,
11648396,307,,
11648796,308,,
11649196,307,,
11649600,307,,
11649996,308,,
11650396,308,,
11650796,307,,
11651200,308,,
11651600,308,,
11651996,308,,
11652396,307,,
11652800,307,,
11653200,307,,
11653600,307,,
11653996,308,,
11654396,308,,
11654800,308,,
11655192,307,,
11655596,308,,
11655996,307,,
11656396,308,,
11656800,307,,
11657196,308,,
11657596,307,,
11657996,308,,
11658396,309,,
11658800,308,,
11659196,309,,
11659596,309,,
11660000,308,,
11660400,308,,
11660800,309,,
11661196,309,,
11661596,309,,
11662000,309,,
11662404,309,,
11662800,309,,
11663196,309,,
11663596,308,,
11664000,308,,
11664392,309,,
11664796,309,,
11665200,308,,
11665600,308,,
11665996,308,,
11666400,309,,
11666800,308,,
11667200,309,,
11667600,308,,
11667996,309,,
11668400,307,,
11668800,309,,
11669200,309,,
11669600,309,,
11669996,308,,
11670400,308,,
11670800,309,,
11671196,308,,
11671596,308,,
11672000,308,,
11672396,310,,
11672796,309,,
11673200,309,,
11673604,308,,
11674000,307,,
11674396,307,,
11674796,307,,
11675200,308,,
11675596,308,,
11676000,308,,
11676396,307,,
11676796,308,,
11677200,308,,
11677596,309,,
11677996,308,,
11678396,309,,
11678796,308,,
11679200,308,,
11679596,309,,
11679996,308,,
11680400,309,,
11680796,308,,
11681196,309,,
11681600,308,,
11682000,309,,
11682396,309,,
11682796,309,,
11683196,310,,
11683600,308,,
11684000,308,,
11684396,308,,
11684796,308,,
11685196,308,,
11685600,307,,
11686000,307,,
11686396,308,,
11686800,307,,
11687200,308,,
11687600,307,,
11688004,307,,
11688396,308,,
11688800,307,,
11689200,308,,
11689600,307,,
11689992,307,,
11690400,307,,
11690796,307,,
11691196,307,,
11691596,307,,
11692000,308,,
11692400,308,,
11692796,306,,
11693196,308,,
11693600,308,,
11694000,308,,
11694400,308,,
11694796,308,,
11695196,308,,
11695600,307,,
11695996,307,,
11696396,307,,
11696796,308,,
11697196,307,,
11697596,307,,
11698000,307,,
11698400,307,,
11698800,307,,
11699196,307,,
11699596,309,,
11700000,307,,
11700400,308,,
11700800,307,,
11701196,307,,
11701596,306,,
11702000,307,,
11702400,309,,
11702796,307,,
11703196,308,,
11703596,308,,
11704000,308,,
11704400,307,,
11704796,308,,
11705200,308,,
11705596,307,,
11706000,308,,
11706392,308,,
11706796,307,,
11707200,308,,
11707600,308,,
11708000,308,,
11708396,309,,
11708796,308,,
11709200,308,,
11709600,307,,
11710000,307,,
11710396,307,,
11710796,307,,
11711200,308,,
11711600,307,,
11711996,308,,
11712396,308,,
11712796,307,,
11713200,308,,
11713604,309,,
11713996,308,,
11714396,309,,
11714796,308,,
11715200,308,,
11715592,309,,
11716000,309,,
11716400,309,,
11716800,309,,
11717196,308,,
11717600,309,,
11718000,308,,
11718396,309,,
11718796,309,,
11719196,308,,
11719600,308,,
11720000,310,,
11720396,308,,
11720796,308,,
11721196,307,,
11721600,308,,
11722000,308,,
11722396,307,,
11722796,308,,
11723200,307,,
11723596,308,,
11723996,307,,
11724400,307,,
11724796,308,,
11725196,307,,
11725596,307,,
11725996,308,,
11726400,308,,
11726796,307,,
11727196,307,,
11727600,307,,
11727996,308,,
11728400,307,,
11728796,308,,
11729196,307,,
11729600,308,,
11730000,308,,
11730400,308,,
11730796,309,,
11731196,308,,
11731600,308,,
11731992,308,,
11732400,308,,
11732796,307,,
11733196,308,,
11733600,307,,
11733996,308,,
11734396,308,,
11734796,307,,
11735196,308,,
11735600,306,,
11735996,309,,
11736396,307,,
11736800,308,,
11737200,307,,
11737600,306,,
11737996,306,,
11738396,306,,
11738800,306,,
11739204,307,,
11739600,307,,
11739996,306,,
11740396,306,,
11740800,306,,
11741192,306,,
11741600,306,,
11742000,306,,
11742400,306,,
11742796,306,,
11743200,306,,
11743600,306,,
11744000,306,,
11744400,307,,
11744796,307,,
11745200,306,,
11745600,307,,
11745996,305,,
11746400,307,,
11746796,305,,
11747200,306,,
11747600,307,,
11747996,306,,
11748396,306,,
11748800,307,,
11749196,305,,
11749596,307,,
11750000,306,,
11750404,306,,
11750800,306,,
11751196,307,,
11751596,307,,
11752000,307,,
11752396,307,,
11752796,307,,
11753196,307,,
11753596,307,,
11754000,306,,
11754396,306,,
11754796,306,,
11755196,306,,
11755596,305,,
11756000,307,,
11756396,307,,
11756796,306,,
11757200,305,,
11757596,305,,
11757996,306,,
11758400,305,,
11758800,305,,
11759196,306,,
11759596,305,,
11759996,306,,
11760400,307,,
11760800,307,,
11761196,307,,
11761600,307,,
11761996,307,,
11762400,307,,
11762800,307,,
11763196,308,,
11763600,307,,
11764000,308,,
11764400,307,,
11764804,307,,
11765196,307,,
11765600,307,,
11766000,307,,
11766400,307,,
11766792,308,,
11767200,307,,
11767596,306,,
11767996,307,,
11768400,306,,
11768800,306,,
11769200,308,,
11769596,308,,
11769996,307,,
11770400,306,,
11770800,307,,
11771200,306,,
11771596,307,,
11771996,307,,
11772400,307,,
11772800,307,,
11773200,307,,
11773596,306,,
11773996,306,,
11774396,305,,
11774800,307,,
11775200,307,,
11775600,307,,
11775996,307,,
11776396,307,,
11776800,307,,
11777200,306,,
11777600,307,,
11777996,306,,
11778396,306,,
11778800,306,,
11779200,306,,
11779596,306,,
11779996,307,,
11780396,306,,
11780800,307,,
11781200,307,,
11781596,307,,
11782000,307,,
11782400,306,,
11782800,308,,
11783192,308,,
11783596,307,,
11784000,308,,
11784400,309,,
11784800,308,,
11785196,308,,
11785596,308,,
11786000,308,,
11786400,307,,
11786800,307,,
11787196,307,,
11787596,306,,
11788000,307,,
11788400,307,,
11788796,307,,
11789196,307,,
11789596,308,,
11790000,307,,
11790404,307,,
11790796,306,,
11791200,307,,
11791596,307,,
11792000,307,,
11792392,307,,
11792800,307,,
11793196,308,,
11793600,307,,
11793996,306,,
11794400,307,,
11794800,307,,
11795196,307,,
11795596,306,,
11795996,306,,
11796400,307,,
11796800,307,,
11797196,307,,
11797596,307,,
11798000,307,,
11798400,306,,
11798800,306,,
11799196,306,,
11799596,308,,
11799996,307,,
11800396,307,,
11800796,307,,
11801200,306,,
11801596,306,,
11801996,306,,
11802396,306,,
11802796,306,,
11803200,307,,
11803596,306,,
11803996,306,,
11804400,308,,
11804800,307,,
11805200,306,,
11805596,307,,
11805996,307,,
11806400,307,,
11806800,307,,
11807200,307,,
11807596,306,,
11807996,307,,
11808400,307,,
11808792,307,,
11809196,307,,
11809596,307,,
11809996,307,,
11810400,306,,
11810796,306,,
11811196,308,,
11811596,307,,
11811996,306,,
11812400,307,,
11812796,307,,
11813196,306,,
11813600,306,,
11814000,307,,
11814400,307,,
11814796,306,,
11815196,307,,
11815600,308,,
11816004,307,,
11816400,308,,
11816796,307,,
11817196,308,,
11817600,308,,
11817992,308,,
11818396,308,,
11818800,308,,
11819200,308,,
11819596,307,,
11820000,307,,
11820400,308,,
11820800,306,,
11821200,307,,
11821596,308,,
11822000,308,,
11822400,308,,
11822796,307,,
11823196,308,,
11823596,307,,
11824000,307,,
11824400,307,,
11824796,308,,
11825196,307,,
11825600,308,,
11825996,307,,
11826396,307,,
11826800,308,,
11827196,307,,
11827600,308,,
11827996,309,,
11828396,307,,
11828800,308,,
11829196,309,,
11829596,308,,
11829996,308,,
11830396,308,,
11830800,309,,
11831196,309,,
11831596,308,,
11832000,309,,
11832396,310,,
11832800,309,,
11833196,309,,
11833596,309,,
11834000,307,,
11834396,308,,
11834796,307,,
11835200,308,,
11835600,309,,
11835996,308,,
11836396,309,,
11836796,308,,
11837200,309,,
11837600,308,,
11837996,309,,
11838400,308,,
11838800,309,,
11839200,308,,
11839600,307,,
11839996,308,,
11840400,308,,
11840800,308,,
11841200,309,,
11841604,309,,
11841996,308,,
11842400,310,,
11842800,309,,
11843200,310,,
11843592,309,,
11844000,310,,
11844396,309,,
11844796,309,,
11845200,309,,
11845600,308,,
11846000,307,,
11846396,309,,
11846796,308,,
11847200,308,,
11847600,308,,
11848000,308,,
11848396,307,,
11848796,309,,
11849200,308,,
11849596,310,,
11850000,309,,
11850396,309,,
11850796,309,,
11851196,309,,
11851600,309,,
11852000,308,,
11852400,309,,
11852796,309,,
11853196,308,,
11853600,309,,
11854000,309,,
11854400,309,,
11854796,310,,
11855196,309,,
11855600,308,,
11856000,309,,
11856396,308,,
11856796,308,,
11857196,308,,
11857600,308,,
11858000,309,,
11858396,310,,
11858796,309,,
11859196,308,,
11859600,309,,
11859992,308,,
11860396,308,,
11860800,308,,
11861200,307,,
11861600,308,,
11861996,308,,
11862396,307,,
11862800,308,,
11863200,308,,
11863600,309,,
11863996,308,,
11864396,310,,
11864800,309,,
11865200,308,,
11865596,308,,
11865996,308,,
11866396,310,,
11866800,309,,
11867204,307,,
11867596,308,,
11868000,308,,
11868400,309,,
11868800,309,,
11869192,310,,
11869600,310,,
11869996,309,,
11870396,309,,
11870796,309,,
11871200,308,,
11871600,308,,
11871996,308,,
11872396,309,,
11872796,308,,
11873200,308,,
11873600,309,,
11873996,309,,
11874396,308,,
11874800,309,,
11875200,309,,
11875600,308,,
11875996,308,,
11876396,307,,
11876796,306,,
11877196,307,,
11877596,307,,
11878000,307,,
11878396,308,,
11878796,308,,
11879200,309,,
11879596,309,,
11880000,309,,
11880396,309,,
11880796,308,,
11881200,307,,
11881600,307,,
11882000,307,,
11882396,306,,
11882796,307,,
11883200,307,,
11883600,308,,
11884000,307,,
11884396,307,,
11884796,307,,
11885200,307,,
11885592,307,,
11885996,307,,
11886396,306,,
11886796,307,,
11887200,307,,
11887596,307,,
11887996,307,,
11888400,307,,
11888796,307,,
11889200,307,,
11889596,306,,
11889996,307,,
11890400,307,,
11890800,307,,
11891200,307,,
11891596,307,,
11891996,307,,
11892400,308,,
11892808,308,,
11893200,307,,
11893596,307,,
11893996,307,,
11894400,307,,
11894792,307,,
11895200,307,,
11895600,307,,
11896000,308,,
11896396,307,,
11896800,307,,
11897200,307,,
11897600,307,,
11898000,307,,
11898396,307,,
11898800,306,,
11899200,306,,
11899600,307,,
11900000,306,,
11900396,305,,
11900800,305,,
11901200,306,,
11901596,306,,
11901996,305,,
11902400,305,,
11902796,306,,
11903196,305,,
11903600,305,,
11904004,304,,
11904400,305,,
11904796,306,,
11905196,305,,
11905600,305,,
11905996,306,,
11906400,305,,
11906796,305,,
11907196,305,,
11907600,305,,
11907996,306,,
11908396,306,,
11908800,305,,
11909200,304,,
11909600,305,,
11909996,305,,
11910396,305,,
11910800,306,,
11911196,305,,
11911596,306,,
11912000,306,,
11912400,305,,
11912796,306,,
11913200,307,,
11913596,306,,
11914000,306,,
11914400,306,,
11914796,306,,
11915200,306,,
11915600,306,,
11916000,306,,
11916400,307,,
11916796,305,,
11917200,306,,
11917600,306,,
11918000,306,,
11918404,307,,
11918796,306,,
11919200,307,,
11919600,307,,
11919996,306,,
11920396,307,,
11920800,307,,
11921196,307,,
11921596,307,,
11922000,307,,
11922400,307,,
11922800,307,,
11923196,306,,
11923596,307,,
11924000,307,,
11924400,307,,
11924800,306,,
11925196,306,,
11925596,306,,
11926000,305,,
11926396,304,,
11926796,306,,
11927196,304,,
11927596,304,,
11927996,304,,
11928400,299,,
11928800,300,,
11929200,298,,
11929596,304,,
11929996,278,,
11930400,288,,
11930800,303,,
11931200,305,,
11931596,306,,
11931996,312,,
11932400,314,,
11932800,307,,
11933196,88,,
11933600,265,,11933228
11933996,197,,
11934400,366,,
11934800,343,,
11935196,298,,
11935600,316,,
11936000,270,,
11936400,313,,
11936792,298,,
11937200,353,,
11937600,355,,
11937996,293,,
11938400,284,,
11938800,289,,
11939200,304,,
11939596,316,,
11940000,322,,
11940400,305,,
11940796,311,,
11941200,303,,
11941600,304,,
11942000,320,,
11942396,323,,
11942800,311,,
11943200,309,,
11943596,304,,
11944008,306,,
11944400,282,,
11944796,305,,
11945196,310,,
11945600,317,,
11945996,312,,
11946400,313,,
11946796,304,,
11947200,294,,
11947600,316,,
11947996,302,,
11948400,304,,
11948800,300,,
11949200,317,,
11949596,308,,
11950000,312,,
11950400,305,,
11950796,311,,
11951196,303,,
11951600,319,,
11952000,322,,
11952396,315,,
11952800,315,,
11953196,302,,
11953600,300,,
11953996,289,,
11954400,302,,
11954800,308,,
11955196,313,,
11955596,314,,
11956000,303,,
11956400,314,,
11956796,313,,
11957200,300,,
11957600,295,,
11957996,301,,
11958396,315,,
11958800,307,,
11959200,309,,
11959596,308,,
11960000,303,,
11960400,299,,
11960796,300,,
11961200,298,,
11961600,299,,
11962000,319,,
11962392,326,,
11962800,329,,
11963200,323,,
11963596,310,,
11964000,308,,
11964400,299,,
11964800,298,,
11965196,297,,
11965600,307,,
11966000,315,,
11966396,309,,
11966800,313,,
11967200,305,,
11967600,304,,
11967996,299,,
11968400,310,,
11968800,303,,
11969196,311,,
11969608,315,,
11970000,319,,
11970396,316,,
11970796,311,,
11971200,304,,
11971596,295,,
11972000,304,,
11972396,310,,
11972800,323,,
11973200,319,,
11973596,298,,
11974000,301,,
11974400,302,,
11974800,307,,
11975196,317,,
11975600,317,,
11976000,310,,
11976396,306,,
11976800,306,,
11977200,304,,
11977596,313,,
11977996,307,,
11978400,308,,
11978796,304,,
11979200,303,,
11979596,307,,
11980000,304,,
11980400,302,,
11980796,307,,
11981200,301,,
11981600,304,,
11982000,310,,
11982396,306,,
11982800,309,,
11983200,306,,
11983596,309,,
11984000,310,,
11984400,310,,
11984796,309,,
11985196,316,,
11985600,306,,
11986000,306,,
11986396,310,,
11986800,307,,
11987200,312,,
11987596,311,,
11987996,305,,
11988400,309,,
11988800,312,,
11989200,311,,
11989596,311,,
11990000,308,,
11990400,307,,
11990800,305,,
11991196,302,,
11991600,304,,
11992000,306,,
11992400,316,,
11992796,314,,
11993200,315,,
11993600,304,,
11993996,298,,
11994400,305,,
11994800,308,,
11995204,313,,
11995596,310,,
11996000,312,,
11996400,311,,
11996796,307,,
11997196,307,,
11997600,310,,
11998000,311,,
11998396,307,,
11998800,307,,
11999200,309,,
11999600,309,,
11999996,310,,
12000400,308,,
12000800,306,,
12001196,310,,
12001600,307,,
12002000,312,,
12002400,307,,
12002796,307,,
12003200,310,,
12003600,308,,
12003996,306,,
12004396,306,,
12004800,307,,
12005196,308,,
12005596,310,,
12006000,308,,
12006400,310,,
12006796,306,,
12007200,303,,
12007600,304,,
12008000,302,,
12008396,310,,
12008800,309,,
12009200,310,,
12009596,310,,
12010000,307,,
12010400,308,,
12010800,308,,
12011196,311,,
12011600,309,,
12012000,306,,
12012396,310,,
12012800,310,,
12013200,307,,
12013592,309,,
12014000,313,,
12014400,307,,
12014800,306,,
12015196,308,,
12015600,309,,
12016000,308,,
12016400,306,,
12016796,309,,
12017200,310,,
12017600,308,,
12018000,307,,
12018396,307,,
12018800,308,,
12019200,312,,
12019596,309,,
12020000,309,,
12020400,310,,
12020804,308,,
12021196,309,,
12021600,311,,
12022000,310,,
12022396,310,,
12022796,308,,
12023200,307,,
12023600,308,,
12023996,309,,
12024400,309,,
12024800,305,,
12025200,304,,
12025596,307,,
12026000,306,,
12026400,309,,
12026796,308,,
12027200,308,,
12027600,307,,
12028000,306,,
12028396,308,,
12028800,306,,
12029200,308,,
12029596,306,,
12029996,307,,
12030400,307,,
12030796,307,,
12031196,307,,
12031600,307,,
12032000,308,,
12032396,309,,
12032800,309,,
12033200,308,,
12033596,307,,
12034000,309,,
12034400,307,,
12034800,307,,
12035196,308,,
12035600,309,,
12036000,310,,
12036400,309,,
12036796,308,,
12037200,309,,
12037600,308,,
12037996,307,,
12038400,309,,
12038800,307,,
12039192,308,,
12039596,305,,
12040000,307,,
12040400,306,,
12040796,304,,
12041200,307,,
12041600,307,,
12042000,308,,
12042396,308,,
12042800,307,,
12043200,308,,
12043600,306,,
12043996,307,,
12044400,306,,
12044800,306,,
12045196,306,,
12045600,306,,
12046000,307,,
12046404,308,,
12046796,307,,
12047200,306,,
12047600,306,,
12047996,306,,
12048396,306,,
12048800,306,,
12049200,308,,
12049596,307,,
12050000,307,,
12050400,308,,
12050800,305,,
12051196,306,,
12051600,308,,
12052000,306,,
12052396,308,,
12052800,306,,
12053200,306,,
12053600,307,,
12053996,307,,
12054400,307,,
12054800,306,,
12055196,306,,
12055596,307,,
12056000,307,,
12056396,305,,
12056796,307,,
12057200,306,,
12057600,306,,
12057996,307,,
12058400,306,,
12058800,308,,
12059200,309,,
12059596,308,,
12060000,309,,
12060400,307,,
12060796,307,,
12061200,307,,
12061600,308,,
12061996,307,,
12062400,307,,
12062800,308,,
12063200,309,,
12063596,310,,
12064000,310,,
12064400,309,,
12064792,308,,
12065200,308,,
12065600,308,,
12066000,307,,
12066396,307,,
12066800,308,,
12067200,308,,
12067600,308,,
12067996,308,,
12068400,307,,
12068800,309,,
12069200,308,,
12069596,306,,
12070000,307,,
12070400,306,,
12070796,306,,
12071200,306,,
12071600,306,,
12072004,305,,
12072396,307,,
12072800,308,,
12073200,307,,
12073596,306,,
12073996,308,,
12074400,306,,
12074800,305,,
12075196,307,,
12075600,306,,
12076000,306,,
12076400,306,,
12076796,307,,
12077200,308,,
12077600,306,,
12077996,308,,
12078400,307,,
12078800,308,,
12079200,307,,
12079596,305,,
12080000,306,,
12080400,306,,
12080796,307,,
12081196,307,,
12081600,308,,
12081996,307,,
12082396,308,,
12082800,309,,
12083200,308,,
12083596,308,,
12084000,307,,
12084400,306,,
12084800,307,,
12085196,307,,
12085600,307,,
12086000,308,,
12086396,308,,
12086800,309,,
12087200,307,,
12087600,308,,
12087996,307,,
12088400,308,,
12088800,308,,
12089196,307,,
12089600,306,,
12090000,307,,
12090392,307,,
12090796,308,,
12091200,307,,
12091600,307,,
12091996,306,,
12092400,307,,
12092800,307,,
12093200,306,,
12093596,305,,
12094000,306,,
12094400,307,,
12094800,306,,
12095196,307,,
12095600,307,,
12096000,307,,
12096396,306,,
12096800,306,,
12097200,307,,
12097604,305,,
12097996,305,,
12098400,306,,
12098800,307,,
12099196,307,,
12099596,306,,
12100000,307,,
12100400,307,,
12100796,307,,
12101200,308,,
12101600,308,,
12102000,308,,
12102396,308,,
12102800,308,,
12103200,309,,
12103596,308,,
12104000,309,,
12104400,308,,
12104800,308,,
12105196,308,,
12105600,308,,
12106000,308,,
12106396,309,,
12106796,308,,
12107200,309,,
12107596,309,,
12107996,308,,
12108400,310,,
12108800,307,,
12109196,308,,
12109600,308,,
12110000,309,,
12110396,309,,
12110800,308,,
12111200,308,,
12111600,307,,
12111996,308,,
12112400,308,,
12112800,309,,
12113196,307,,
12113600,308,,
12114000,308,,
12114400,307,,
12114796,308,,
12115200,309,,
12115600,308,,
12115992,309,,
12116400,309,,
12116800,308,,
12117200,309,,
12117596,309,,
12118000,307,,
12118400,308,,
12118800,308,,
12119196,308,,
12119600,308,,
12120000,308,,
12120400,307,,
12120796,308,,
12121200,307,,
12121600,307,,
12121996,307,,
12122400,307,,
12122800,308,,
12123204,308,,
12123596,308,,
12124000,308,,
12124400,308,,
12124796,308,,
12125196,308,,
12125600,309,,
12126000,309,,
12126396,309,,
12126800,309,,
12127200,307,,
12127600,307,,
12127996,308,,
12128400,308,,
12128800,308,,
12129196,308,,
12129600,307,,
12130000,307,,
12130400,307,,
12130796,307,,
12131200,308,,
12131600,307,,
12131996,308,,
12132396,309,,
12132796,307,,
12133200,308,,
12133600,307,,
12133996,307,,
12134400,307,,
12134800,307,,
12135200,307,,
12135600,307,,
12135996,307,,
12136400,308,,
12136800,307,,
12137196,308,,
12137596,307,,
12137996,307,,
12138400,308,,
12138800,307,,
12139196,308,,
12139600,306,,
12139996,308,,
12140400,308,,
12140800,307,,
12141196,308,,
12141596,308,,
12142000,308,,
12142400,308,,
12142800,308,,
12143196,308,,
12143600,308,,
12144000,309,,
12144400,307,,
12144800,309,,
12145196,308,,
12145600,308,,
12146000,308,,
12146396,307,,
12146796,308,,
12147196,307,,
12147600,307,,
12148000,308,,
12148396,308,,
12148804,308,,
12149196,307,,
12149600,308,,
12150000,308,,
12150396,308,,
12150796,308,,
12151200,309,,
12151596,308,,
12151996,309,,
12152400,309,,
12152796,308,,
12153196,308,,
12153596,307,,
12153996,307,,
12154400,308,,
12154796,308,,
12155196,308,,
12155600,307,,
12155996,309,,
12156400,309,,
12156796,309,,
12157196,309,,
12157600,310,,
12157996,310,,
12158400,309,,
12158796,309,,
12159196,308,,
12159600,309,,
12160008,307,,
12160400,308,,
12160796,307,,
12161196,307,,
12161600,308,,
12161996,308,,
12162396,308,,
12162796,308,,
12163196,307,,
12163600,308,,
12163996,306,,
12164396,307,,
12164800,307,,
12165200,306,,
12165600,307,,
12165996,306,,
12166396,307,,
12166800,307,,
12167196,308,,
12167596,308,,
12168000,309,,
12168400,309,,
12168796,309,,
12169200,309,,
12169600,310,,
12170000,310,,
12170400,310,,
12170796,311,,
12171200,310,,
12171600,310,,
12172000,309,,
12172400,310,,
12172796,309,,
12173200,309,,
12173600,309,,
12174000,309,,
12174404,309,,
12174796,308,,
12175200,309,,
12175600,309,,
12175996,308,,
12176396,307,,
12176800,307,,
12177196,306,,
12177596,306,,
12178000,308,,
12178400,308,,
12178800,307,,
12179196,308,,
12179596,308,,
12180000,308,,
12180396,307,,
12180800,308,,
12181196,307,,
12181596,308,,
12182000,307,,
12182396,309,,
12182796,309,,
12183196,308,,
12183596,309,,
12183996,308,,
12184400,309,,
12184800,308,,
12185200,307,,
12185596,308,,
12185996,307,,
12186400,307,,
12186800,307,,
12187196,307,,
12187596,307,,
12187996,307,,
12188400,307,,
12188800,307,,
12189196,306,,
12189596,307,,
12189996,306,,
12190400,307,,
12190800,307,,
12191196,306,,
12191600,306,,
12192000,306,,
12192400,307,,
12192792,307,,
12193196,307,,
12193600,308,,
12194000,307,,
12194400,307,,
12194796,309,,
12195196,309,,
12195600,309,,
12196000,308,,
12196396,308,,
12196796,308,,
12197196,308,,
12197600,307,,
12198000,309,,
12198396,308,,
12198796,308,,
12199196,308,,
12199600,307,,
12200004,308,,
12200396,307,,
12200800,307,,
12201200,307,,
12201600,306,,
12201992,306,,
12202400,307,,
12202796,306,,
12203196,306,,
12203596,305,,
12204000,306,,
12204400,306,,
12204796,305,,
12205196,306,,
12205596,306,,
12206000,307,,
12206400,307,,
12206796,307,,
12207196,306,,
12207600,307,,
12208000,305,,
12208400,305,,
12208796,306,,
12209196,307,,
12209596,307,,
12210000,307,,
12210396,308,,
12210800,308,,
12211196,307,,
12211596,307,,
12212000,307,,
12212400,308,,
12212800,307,,
12213196,306,,
12213596,307,,
12214000,307,,
12214400,307,,
12214800,306,,
12215196,306,,
12215596,306,,
12216000,306,,
12216400,306,,
12216796,306,,
12217196,305,,
12217596,306,,
12218000,305,,
12218392,306,,
12218796,306,,
12219200,307,,
12219596,307,,
12220000,307,,
12220396,307,,
12220796,307,,
12221200,307,,
12221600,307,,
12222000,308,,
12222396,308,,
12222796,308,,
12223200,308,,
12223600,307,,
12224000,307,,
12224396,306,,
12224796,306,,
12225200,306,,
12225604,307,,
12225996,307,,
12226396,307,,
12226796,307,,
12227200,306,,
12227592,306,,
12228000,305,,
12228400,305,,
12228800,305,,
12229196,304,,
12229600,305,,
12230000,304,,
12230400,304,,
12230800,304,,
12231196,304,,
12231600,304,,
12232000,305,,
12232396,305,,
12232796,305,,
12233196,306,,
12233600,305,,
12234000,305,,
12234396,305,,
12234796,306,,
12235200,305,,
12235596,305,,
12235996,306,,
12236400,307,,
12236796,307,,
12237200,305,,
12237596,307,,
12237996,306,,
12238400,305,,
12238796,306,,
12239196,305,,
12239596,306,,
12239996,306,,
12240400,306,,
12240796,304,,
12241196,305,,
12241600,306,,
12241996,305,,
12242400,306,,
12242796,306,,
12243196,305,,
12243600,305,,
12243996,305,,
12244396,306,,
12244800,306,,
12245200,306,,
12245596,306,,
12245996,306,,
12246396,305,,
12246800,306,,
12247200,306,,
12247596,306,,
12248000,308,,
12248400,305,,
12248800,306,,
12249200,307,,
12249596,306,,
12250000,306,,
12250400,306,,
12250796,307,,
12251204,307,,
12251596,305,,
12252000,305,,
12252400,306,,
12252796,307,,
12253196,305,,
12253600,305,,
12253996,306,,
12254396,306,,
12254800,305,,
12255200,306,,
12255600,305,,
12255996,306,,
12256396,306,,
12256800,305,,
12257196,306,,
12257596,307,,
12257996,307,,
12258396,307,,
12258800,308,,
12259196,308,,
12259596,307,,
12259996,309,,
12260396,308,,
12260796,308,,
12261200,306,,
12261600,307,,
12262000,307,,
12262396,307,,
12262796,307,,
12263200,308,,
12263600,309,,
12263996,309,,
12264396,308,,
12264796,308,,
12265200,307,,
12265600,307,,
12265996,307,,
12266400,308,,
12266796,309,,
12267200,309,,
12267600,309,,
12267996,309,,
12268400,309,,
12268800,309,,
12269200,309,,
12269592,309,,
12269996,308,,
12270400,309,,
12270800,308,,
12271200,309,,
12271596,309,,
12271996,308,,
12272400,310,,
12272800,310,,
12273196,310,,
12273596,310,,
12273996,309,,
12274400,309,,
12274800,309,,
12275196,309,,
12275600,308,,
12275996,308,,
12276400,307,,
12276804,306,,
12277196,307,,
12277600,308,,
12278000,308,,
12278400,308,,
12278792,308,,
12279200,307,,
12279596,307,,
12279996,307,,
12280396,308,,
12280800,307,,
12281200,307,,
12281596,308,,
12281996,307,,
12282400,307,,
12282800,307,,
12283200,306,,
12283596,308,,
12283996,308,,
12284400,308,,
12284800,307,,
12285200,308,,
12285596,306,,
12285996,307,,
12286396,309,,
12286796,308,,
12287196,307,,
12287600,308,,
12287996,307,,
12288396,308,,
12288800,307,,
12289200,307,,
12289600,307,,
12289996,307,,
12290396,308,,
12290800,308,,
12291200,307,,
12291596,308,,
12291996,306,,
12292396,307,,
12292800,308,,
12293200,307,,
12293596,308,,
12293996,308,,
12294396,308,,
12294800,308,,
12295192,307,,
12295596,307,,
12296000,307,,
12296400,306,,
12296800,306,,
12297196,307,,
12297596,307,,
12298000,307,,
12298400,306,,
12298800,307,,
12299196,307,,
12299596,307,,
12300000,308,,
12300400,307,,
12300800,307,,
12301196,307,,
12301596,307,,
12302000,307,,
12302404,307,,
12302796,307,,
12303196,307,,
12303596,307,,
12304000,307,,
12304392,307,,
12304800,308,,
12305200,308,,
12305600,308,,
12305996,307,,
12306400,307,,
12306800,307,,
12307196,307,,
12307600,306,,
12307996,307,,
12308400,307,,
12308800,307,,
12309196,307,,
12309596,307,,
12309996,308,,
12310400,307,,
12310800,307,,
12311196,307,,
12311596,308,,
12312000,308,,
12312396,307,,
12312796,307,,
12313200,306,,
12313596,306,,
12313996,307,,
12314396,307,,
12314796,306,,
12315200,306,,
12315596,307,,
12315996,306,,
12316396,308,,
12316796,307,,
12317200,306,,
12317596,307,,
12317996,306,,
12318400,306,,
12318800,307,,
12319200,307,,
12319596,307,,
12319996,307,,
12320400,308,,
12320796,307,,
12321196,307,,
12321600,308,,
12322000,307,,
12322396,307,,
12322800,307,,
12323196,307,,
12323600,306,,
12324000,307,,
12324396,306,,
12324800,306,,
12325200,307,,
12325600,306,,
12326000,307,,
12326396,307,,
12326800,306,,
12327200,308,,
12327600,307,,
12328004,307,,
12328396,307,,
12328800,307,,
12329200,307,,
12329596,308,,
12329996,308,,
12330400,309,,
12330796,308,,
12331196,309,,
12331600,308,,
12332000,308,,
12332400,308,,
12332796,308,,
12333196,308,,
12333600,309,,
12333996,309,,
12334396,308,,
12334796,307,,
12335196,308,,
12335600,308,,
12335996,308,,
12336396,308,,
12336800,307,,
12337196,307,,
12337600,306,,
12337996,305,,
12338396,307,,
12338800,305,,
12339204,307,,
12339600,306,,
12339996,307,,
12340396,307,,
12340800,306,,
12341196,308,,
12341600,307,,
12341996,307,,
12342396,308,,
12342800,308,,
12343196,308,,
12343596,308,,
12343996,309,,
12344396,308,,
12344800,308,,
12345196,307,,
12345596,307,,
12346000,307,,
12346396,307,,
12346796,307,,
12347200,307,,
12347600,309,,
12347996,307,,
12348396,307,,
12348796,308,,
12349200,307,,
12349600,307,,
12349996,307,,
12350396,308,,
12350796,309,,
12351200,308,,
12351600,308,,
12351996,308,,
12352400,309,,
12352800,309,,
12353200,309,,
12353604,307,,
12353996,309,,
12354400,308,,
12354800,308,,
12355200,308,,
12355592,309,,
12356000,309,,
12356396,308,,
12356796,308,,
12357196,308,,
12357600,308,,
12358000,308,,
12358396,308,,
12358796,308,,
12359200,307,,
12359600,306,,
12360000,306,,
12360396,306,,
12360796,305,,
12361200,306,,
12361600,306,,
12362000,307,,
12362396,307,,
12362796,307,,
12363196,308,,
12363600,309,,
12363996,307,,
12364400,307,,
12364796,306,,
12365196,308,,
12365600,308,,
12366000,308,,
12366400,308,,
12366796,309,,
12367196,308,,
12367600,308,,
12368000,308,,
12368400,309,,
12368796,308,,
12369196,309,,
12369600,309,,
12370000,309,,
12370396,310,,
12370796,309,,
12371196,309,,
12371600,308,,
12371992,308,,
12372396,307,,
12372796,307,,
12373196,306,,
12373600,307,,
12373996,306,,
12374396,307,,
12374800,307,,
12375200,307,,
12375600,307,,
12375996,307,,
12376396,308,,
12376800,309,,
12377200,308,,
12377596,309,,
12377996,308,,
12378396,308,,
12378800,306,,
12379204,307,,
12379596,308,,
12379996,307,,
12380396,308,,
12380800,308,,
12381192,307,,
12381600,306,,
12382000,307,,
12382400,307,,
12382796,307,,
12383200,308,,
12383600,307,,
12383996,307,,
12384396,307,,
12384796,307,,
12385200,306,,
12385600,306,,
12385996,307,,
12386396,307,,
12386796,306,,
12387200,307,,
12387600,308,,
12387996,307,,
12388396,307,,
12388800,307,,
12389196,306,,
12389596,307,,
12390000,306,,
12390396,306,,
12390796,306,,
12391196,306,,
12391596,307,,
12392000,307,,
12392396,307,,
12392796,307,,
12393200,307,,
12393596,306,,
12394000,307,,
12394396,307,,
12394796,307,,
12395200,307,,
12395600,306,,
12396000,307,,
12396396,307,,
12396796,307,,
12397200,307,,
12397592,308,,
12398000,308,,
12398396,308,,
12398796,307,,
12399200,309,,
12399596,309,,
12399996,308,,
12400396,308,,
12400796,309,,
12401200,309,,
12401596,308,,
12401996,308,,
12402400,309,,
12402796,308,,
12403200,308,,
12403596,308,,
12403996,309,,
12404400,308,,
12404804,308,,
12405200,307,,
12405596,309,,
12405996,307,,
12406400,308,,
12406796,308,,
12407196,307,,
12407600,307,,
12408000,307,,
12408396,307,,
12408800,307,,
12409200,308,,
12409600,306,,
12410000,307,,
12410396,307,,
12410800,308,,
12411200,307,,
12411600,307,,
12412000,307,,
12412396,306,,
12412800,307,,
12413200,307,,
12413600,308,,
12413992,308,,
12414400,307,,
12414796,308,,
12415196,307,,
12415600,307,,
12416004,308,,
12416400,308,,
12416796,307,,
12417196,307,,
12417600,307,,
12418000,307,,
12418400,307,,
12418796,308,,
12419196,308,,
12419600,307,,
12419996,308,,
12420396,309,,
12420796,309,,
12421196,308,,
12421600,308,,
12421996,309,,
12422396,308,,
12422800,308,,
12423196,308,,
12423596,308,,
12424000,309,,
12424400,308,,
12424796,310,,
12425196,309,,
12425596,308,,
12426000,309,,
12426400,309,,
12426796,308,,
12427200,309,,
12427596,310,,
12428000,309,,
12428400,307,,
12428796,309,,
12429200,308,,
12429600,308,,
12430000,307,,
12430404,309,,
12430796,309,,
12431200,308,,
12431600,307,,
12432000,308,,
12432392,307,,
12432800,308,,
12433196,309,,
12433596,309,,
12434000,309,,
12434400,308,,
12434800,309,,
12435196,309,,
12435596,308,,
12436000,307,,
12436400,307,,
12436800,307,,
12437196,308,,
12437596,307,,
12438000,306,,
12438400,307,,
12438800,307,,
12439196,308,,
12439596,307,,
12439996,309,,
12440400,309,,
12440800,308,,
12441200,309,,
12441596,308,,
12441996,307,,
12442400,308,,
12442800,307,,
12443200,308,,
12443596,308,,
12443996,307,,
12444400,309,,
12444800,308,,
12445200,308,,
12445596,308,,
12445996,308,,
12446400,309,,
12446800,309,,
12447196,309,,
12447596,309,,
12447996,309,,
12448400,309,,
12448792,310,,
12449196,310,,
12449600,310,,
12449996,310,,
12450400,310,,
12450796,310,,
12451196,309,,
12451600,310,,
12452000,310,,
12452400,309,,
12452796,309,,
12453196,308,,
12453600,308,,
12454000,308,,
12454400,308,,
12454796,309,,
12455196,309,,
12455600,308,,
12456004,308,,
12456396,309,,
12456796,307,,
12457196,308,,
12457600,307,,
12457992,308,,
12458400,308,,
12458800,307,,
12459200,308,,
12459596,307,,
12460000,308,,
12460400,307,,
12460796,308,,
12461200,308,,
12461596,307,,
12462000,307,,
12462400,308,,
12462796,308,,
12463196,308,,
12463600,307,,
12464000,306,,
12464400,307,,
12464796,307,,
12465196,308,,
12465596,308,,
12465996,307,,
12466396,307,,
12466800,307,,
12467196,306,,
12467596,306,,
12467996,307,,
12468396,307,,
12468800,308,,
12469196,309,,
12469596,309,,
12470000,309,,
12470400,309,,
12470800,308,,
12471196,308,,
12471596,308,,
12472000,308,,
12472400,309,,
12472800,309,,
12473196,309,,
12473596,309,,
12474000,308,,
12474392,308,,
12474796,308,,
12475196,308,,
12475596,308,,
12476000,308,,
12476396,309,,
12476796,308,,
12477196,308,,
12477596,308,,
12478000,308,,
12478396,308,,
12478796,308,,
12479200,307,,
12479600,308,,
12480000,307,,
12480396,306,,
12480796,306,,
12481200,305,,
12481604,306,,
12482000,306,,
12482396,306,,
12482796,307,,
12483200,307,,
12483592,307,,
12483996,305,,
12484400,306,,
12484800,306,,
12485196,306,,
12485600,307,,
12486000,306,,
12486400,307,,
12486800,306,,
12487196,307,,
12487600,307,,
12488000,307,,
12488400,306,,
12488800,306,,
12489196,307,,
12489600,306,,
12490000,307,,
12490396,308,,
12490796,307,,
12491200,307,,
12491596,308,,
12491996,308,,
12492400,307,,
12492804,308,,
12493200,308,,
12493596,308,,
12493996,307,,
12494400,308,,
12494800,308,,
12495200,308,,
12495596,308,,
12495996,307,,
12496400,306,,
12496796,307,,
12497196,308,,
12497596,307,,
12497996,307,,
12498400,308,,
12498796,307,,
12499196,306,,
12499596,307,,
12499996,307,,
12500396,307,,
12500800,307,,
12501200,306,,
12501600,307,,
12501996,307,,
12502396,307,,
12502800,306,,
12503200,307,,
12503596,307,,
12503996,307,,
12504396,306,,
12504800,306,,
12505200,306,,
12505596,306,,
12506000,306,,
12506400,307,,
12506800,306,,
12507204,306,,
12507596,306,,
12508000,306,,
12508400,306,,
12508800,307,,
12509192,307,,
12509600,306,,
12509996,308,,
12510396,307,,
12510800,308,,
12511200,307,,
12511600,307,,
12511996,308,,
12512396,306,,
12512800,307,,
12513200,307,,
12513600,306,,
12513996,307,,
12514396,306,,
12514800,306,,
12515196,307,,
12515600,307,,
12515996,306,,
12516396,307,,
12516796,307,,
12517200,308,,
12517600,307,,
12518000,307,,
12518396,308,,
12518796,306,,
12519200,307,,
12519600,306,,
12520000,308,,
12520396,307,,
12520796,307,,
12521200,307,,
12521600,307,,
12521996,307,,
12522396,308,,
12522796,308,,
12523200,307,,
12523600,308,,
12523996,308,,
12524396,307,,
12524796,308,,
12525200,309,,
12525592,308,,
12525996,308,,
12526400,308,,
12526800,308,,
12527200,307,,
12527596,308,,
12527996,308,,
12528400,308,,
12528800,309,,
12529200,308,,
12529596,308,,
12529996,308,,
12530400,308,,
12530800,308,,
12531196,309,,
12531596,309,,
12531996,309,,
12532400,310,,
12532804,309,,
12533196,309,,
12533596,309,,
12533996,310,,
12534400,309,,
12534792,310,,
12535200,310,,
12535600,309,,
12536000,309,,
12536396,309,,
12536800,310,,
12537200,308,,
12537596,308,,
12537996,309,,
12538396,307,,
12538800,306,,
12539200,308,,
12539596,307,,
12539996,307,,
12540396,308,,
12540800,307,,
12541200,307,,
12541596,307,,
12541996,307,,
12542400,308,,
12542796,308,,
12543200,308,,
12543600,308,,
12544000,308,,
12544396,308,,
12544796,308,,
12545200,309,,
12545596,307,,
12545996,308,,
12546400,307,,
12546800,308,,
12547196,308,,
12547596,309,,
12548000,309,,
12548396,307,,
12548796,308,,
12549200,307,,
12549600,308,,
12549996,308,,
12550400,308,,
12550800,308,,
12551196,307,,
12551596,307,,
12552000,308,,
12552396,306,,
12552796,309,,
12553196,307,,
12553600,308,,
12553996,307,,
12554400,307,,
12554800,308,,
12555200,308,,
12555596,307,,
12556000,306,,
12556396,308,,
12556796,306,,
12557196,307,,
12557600,306,,
12557996,307,,
12558404,307,,
12558800,307,,
12559200,307,,
12559596,308,,
12559996,307,,
12560396,306,,
12560800,307,,
12561196,307,,
12561600,307,,
12562000,306,,
12562400,306,,
12562796,306,,
12563200,306,,
12563600,307,,
12563996,306,,
12564396,306,,
12564800,306,,
12565200,307,,
12565596,306,,
12566000,306,,
12566400,306,,
12566796,307,,
12567196,306,,
12567596,307,,
12568000,307,,
12568396,307,,
12568796,308,,
12569200,308,,
12569600,308,,
12569996,307,,
12570396,307,,
12570800,307,,
12571196,308,,
12571596,307,,
12572000,307,,
12572400,308,,
12572796,307,,
12573200,307,,
12573600,307,,
12573996,308,,
12574396,307,,
12574800,307,,
12575200,307,,
12575596,306,,
12576000,307,,
12576400,305,,
12576796,306,,
12577196,306,,
12577600,306,,
12577996,307,,
12578396,307,,
12578796,306,,
12579200,306,,
12579596,306,,
12580000,306,,
12580400,306,,
12580800,307,,
12581196,307,,
12581600,308,,
12581996,308,,
12582396,308,,
12582796,307,,
12583200,307,,
12583596,307,,
12584004,306,,
12584400,306,,
12584800,306,,
12585196,306,,
12585600,307,,
12585996,307,,
12586400,308,,
12586796,307,,
12587200,307,,
12587600,307,,
12588000,307,,
12588396,306,,
12588800,305,,
12589196,306,,
12589596,306,,
12589996,306,,
12590400,305,,
12590800,306,,
12591196,306,,
12591600,305,,
12592000,306,,
12592396,305,,
12592796,305,,
12593196,305,,
12593600,305,,
12594000,306,,
12594396,306,,
12594800,306,,
12595204,306,,
12595596,305,,
12595996,306,,
12596400,307,,
12596796,306,,
12597196,306,,
12597600,306,,
12598000,306,,
12598396,307,,
12598800,307,,
12599200,306,,
12599596,306,,
12599996,307,,
12600400,308,,
12600796,306,,
12601196,306,,
12601600,306,,
12602000,307,,
12602396,306,,
12602796,306,,
12603200,307,,
12603596,307,,
12603996,307,,
12604396,306,,
12604800,307,,
12605196,307,,
12605600,307,,
12606000,307,,
12606400,307,,
12606796,307,,
12607200,308,,
12607596,307,,
12607996,307,,
12608396,307,,
12608800,306,,
12609196,307,,
12609604,306,,
12610000,307,,
12610400,306,,
12610796,307,,
12611200,306,,
12611596,305,,
12612000,306,,
12612396,306,,
12612800,306,,
12613200,305,,
12613600,305,,
12613996,306,,
12614400,306,,
12614796,306,,
12615196,305,,
12615596,306,,
12616000,306,,
12616396,307,,
12616800,306,,
12617200,307,,
12617600,307,,
12617996,306,,
12618400,307,,
12618796,307,,
12619200,307,,
12619596,307,,
12620000,307,,
12620400,308,,
12620800,308,,
12621196,308,,
12621596,308,,
12622000,307,,
12622396,308,,
12622796,307,,
12623200,308,,
12623600,307,,
12623996,308,,
12624400,308,,
12624800,308,,
12625196,308,,
12625596,307,,
12626000,308,,
12626396,307,,
12626796,308,,
12627200,307,,
12627600,308,,
12627996,308,,
12628400,308,,
12628800,307,,
12629196,307,,
12629596,307,,
12630000,308,,
12630396,307,,
12630796,307,,
12631200,308,,
12631600,306,,
12631996,307,,
12632396,308,,
12632800,308,,
12633196,308,,
12633596,309,,
12633996,308,,
12634400,309,,
12634796,309,,
12635204,309,,
12635600,310,,
12636000,309,,
12636396,308,,
12636800,309,,
12637196,307,,
12637600,309,,
12637996,308,,
12638400,308,,
12638800,309,,
12639200,308,,
12639596,308,,
12640000,308,,
12640396,308,,
12640796,308,,
12641196,308,,
12641600,308,,
12641996,308,,
12642396,307,,
12642800,308,,
12643200,308,,
12643596,309,,
12643996,308,,
12644396,308,,
12644800,309,,
12645196,309,,
12645596,308,,
12646000,309,,
12646400,308,,
12646796,309,,
12647196,308,,
12647600,308,,
12647996,307,,
12648396,307,,
12648800,308,,
12649200,307,,
12649596,307,,
12650000,308,,
12650400,307,,
12650796,307,,
12651196,307,,
12651600,307,,
12651996,308,,
12652396,308,,
12652800,307,,
12653200,306,,
12653596,308,,
12653996,306,,
12654400,307,,
12654796,308,,
12655196,307,,
12655596,307,,
12656000,306,,
12656396,306,,
12656800,307,,
12657200,306,,
12657600,306,,
12657996,305,,
12658400,306,,
12658796,307,,
12659196,307,,
12659596,307,,
12660000,308,,
12660396,307,,
12660804,307,,
12661200,307,,
12661600,305,,
12661996,306,,
12662400,305,,
12662796,306,,
12663200,305,,
12663596,306,,
12664000,306,,
12664400,304,,
12664800,305,,
12665196,304,,
12665600,305,,
12665996,304,,
12666396,306,,
12666796,304,,
12667200,305,,
12667596,305,,
12668000,307,,
12668400,305,,
12668800,306,,
12669196,306,,
12669600,306,,
12669996,306,,
12670400,306,,
12670796,307,,
12671200,308,,
12671600,308,,
12672000,308,,
12672396,308,,
12672796,307,,
12673200,308,,
12673596,308,,
12673996,307,,
12674400,308,,
12674800,307,,
12675196,307,,
12675596,307,,
12676000,307,,
12676396,306,,
12676796,308,,
12677200,307,,
12677600,306,,
12677996,306,,
12678400,306,,
12678800,306,,
12679196,305,,
12679596,307,,
12680000,307,,
12680396,307,,
12680796,307,,
12681196,307,,
12681600,307,,
12681996,307,,
12682400,307,,
12682800,307,,
12683200,306,,
12683596,306,,
12684000,307,,
12684396,306,,
12684796,307,,
12685196,307,,
12685600,307,,
12685996,307,,
12686404,307,,
12686800,308,,
12687200,307,,
12687596,307,,
12687996,307,,
12688396,308,,
12688800,307,,
12689196,306,,
12689600,306,,
12690000,307,,
12690400,306,,
12690796,308,,
12691200,307,,
12691600,307,,
12691996,307,,
12692396,306,,
12692800,307,,
12693200,306,,
12693596,307,,
12694000,307,,
12694400,306,,
12694796,307,,
12695196,306,,
12695596,307,,
12696000,306,,
12696396,307,,
12696796,307,,
12697200,307,,
12697600,307,,
12697996,307,,
12698396,307,,
12698800,307,,
12699196,307,,
12699596,307,,
12700000,307,,
12700400,308,,
12700796,307,,
12701200,308,,
12701600,307,,
12701996,306,,
12702396,308,,
12702800,308,,
12703200,308,,
12703596,307,,
12704000,309,,
12704400,308,,
12704796,309,,
12705196,309,,
12705600,308,,
12705996,307,,
12706396,309,,
12706796,309,,
12707200,308,,
12707596,309,,
12708000,308,,
12708400,308,,
12708800,307,,
12709196,308,,
12709600,308,,
12709996,307,,
12710396,308,,
12710796,307,,
12711200,308,,
12711596,307,,
12712004,307,,
12712400,307,,
12712800,308,,
12713196,307,,
12713600,308,,
12713996,307,,
12714400,307,,
12714796,306,,
12715200,307,,
12715600,307,,
12716000,308,,
12716396,308,,
12716800,307,,
12717196,307,,
12717596,308,,
12717996,307,,
12718400,308,,
12718800,307,,
12719196,307,,
12719600,307,,
12720000,308,,
12720396,307,,
12720796,309,,
12721196,309,,
12721600,308,,
12722000,309,,
12722396,308,,
12722800,307,,
12723204,307,,
12723596,308,,
12723996,308,,
12724400,308,,
12724796,308,,
12725196,309,,
12725600,308,,
12726000,309,,
12726396,309,,
12726800,309,,
12727200,309,,
12727596,309,,
12727996,307,,
12728400,308,,
12728796,309,,
12729196,308,,
12729600,309,,
12730000,309,,
12730396,309,,
12730796,309,,
12731200,308,,
12731596,308,,
12731996,308,,
12732396,308,,
12732800,308,,
12733196,308,,
12733600,307,,
12734000,307,,
12734400,307,,
12734796,308,,
12735200,307,,
12735596,308,,
12735996,308,,
12736396,307,,
12736800,307,,
12737196,308,,
12737604,308,,
12738000,308,,
12738400,308,,
12738796,307,,
12739200,308,,
12739596,307,,
12740000,308,,
12740396,308,,
12740800,307,,
12741200,307,,
12741600,307,,
12741996,307,,
12742400,308,,
12742796,307,,
12743196,307,,
12743596,308,,
12744000,307,,
12744396,307,,
12744800,307,,
12745200,308,,
12745600,307,,
12745996,307,,
12746400,308,,
12746796,308,,
12747200,307,,
12747596,306,,
12748000,308,,
12748400,309,,
12748800,307,,
12749196,309,,
12749596,308,,
12750000,308,,
12750396,308,,
12750796,307,,
12751200,308,,
12751600,308,,
12751996,309,,
12752400,309,,
12752800,307,,
12753196,309,,
12753596,308,,
12754000,308,,
12754396,309,,
12754796,308,,
12755200,307,,
12755600,309,,
12755996,308,,
12756400,306,,
12756800,307,,
12757196,308,,
12757596,307,,
12758000,308,,
12758396,308,,
12758796,307,,
12759200,308,,
12759600,307,,
12759996,309,,
12760396,307,,
12760800,307,,
12761196,307,,
12761596,307,,
12761996,307,,
12762400,309,,
12762796,307,,
12763204,306,,
12763600,307,,
12764000,306,,
12764396,306,,
12764800,306,,
12765196,307,,
12765600,307,,
12765996,307,,
12766400,307,,
12766800,307,,
12767200,307,,
12767596,307,,
12768000,307,,
12768396,308,,
12768796,308,,
12769196,307,,
12769600,307,,
12769996,309,,
12770396,309,,
12770800,308,,
12771200,309,,
12771596,308,,
12771996,308,,
12772396,308,,
12772800,308,,
12773196,309,,
12773596,309,,
12774000,308,,
12774400,308,,
12774796,309,,
12775196,307,,
12775600,307,,
12775996,308,,
12776396,309,,
12776800,308,,
12777200,309,,
12777596,307,,
12778000,307,,
12778400,308,,
12778796,308,,
12779196,308,,
12779600,308,,
12779996,308,,
12780396,308,,
12780800,308,,
12781200,308,,
12781596,308,,
12781996,308,,
12782400,307,,
12782796,306,,
12783196,306,,
12783596,306,,
12784000,306,,
12784396,306,,
12784800,306,,
12785200,307,,
12785600,307,,
12785996,307,,
12786400,307,,
12786796,307,,
12787196,307,,
12787596,306,,
12788000,307,,
12788396,306,,
12788804,307,,
12789200,307,,
12789600,307,,
12789996,307,,
12790400,308,,
12790796,307,,
12791200,307,,
12791596,307,,
12792000,308,,
12792400,309,,
12792800,309,,
12793196,309,,
12793600,309,,
12793996,308,,
12794396,309,,
12794796,309,,
12795200,308,,
12795596,308,,
12796000,309,,
12796400,307,,
12796800,309,,
12797196,309,,
12797600,309,,
12797996,310,,
12798400,309,,
12798796,310,,
12799200,309,,
12799600,309,,
12800000,309,,
12800396,310,,
12800796,311,,
12801200,310,,
12801596,309,,
12801996,309,,
12802400,308,,
12802800,308,,
12803196,308,,
12803596,309,,
12804000,308,,
12804396,308,,
12804796,308,,
12805200,307,,
12805600,307,,
12805996,308,,
12806400,307,,
12806800,309,,
12807196,308,,
12807596,307,,
12808000,307,,
12808396,308,,
12808796,308,,
12809196,308,,
12809600,309,,
12809996,309,,
12810400,309,,
12810800,309,,
12811200,308,,
12811596,309,,
12812000,310,,
12812396,310,,
12812796,309,,
12813196,308,,
12813600,309,,
12813996,308,,
12814404,308,,
12814800,307,,
12815200,308,,
12815596,309,,
12815996,307,,
12816396,308,,
12816800,309,,
12817196,307,,
12817600,308,,
12818000,307,,
12818400,308,,
12818796,307,,
12819200,307,,
12819600,308,,
12819996,307,,
12820396,308,,
12820800,307,,
12821200,307,,
12821596,308,,
12822000,307,,
12822400,307,,
12822796,308,,
12823196,308,,
12823596,307,,
12824000,307,,
12824396,308,,
12824796,307,,
12825200,307,,
12825600,308,,
12825996,307,,
12826396,308,,
12826800,307,,
12827196,308,,
12827596,307,,
12828000,307,,
12828400,308,,
12828796,307,,
12829200,308,,
12829600,307,,
12829996,307,,
12830396,307,,
12830800,307,,
12831200,306,,
12831596,308,,
12832000,305,,
12832400,307,,
12832796,306,,
12833196,307,,
12833600,308,,
12833996,308,,
12834396,307,,
12834796,307,,
12835200,307,,
12835596,307,,
12836000,306,,
12836400,306,,
12836800,307,,
12837196,306,,
12837600,307,,
12837996,306,,
12838396,307,,
12838796,306,,
12839200,306,,
12839596,307,,
12840004,305,,
12840400,307,,
12840800,306,,
12841196,305,,
12841600,307,,
12841996,306,,
12842400,308,,
12842796,307,,
12843200,307,,
12843600,308,,
12844000,307,,
12844396,308,,
12844800,308,,
12845196,308,,
12845596,307,,
12845996,307,,
12846400,307,,
12846800,307,,
12847196,307,,
12847600,305,,
12848000,308,,
12848396,307,,
12848796,306,,
12849196,307,,
12849600,307,,
12850000,307,,
12850396,307,,
12850800,307,,
12851204,308,,
12851596,307,,
12851996,307,,
12852400,308,,
12852796,307,,
12853196,308,,
12853600,307,,
12854000,307,,
12854396,307,,
12854800,306,,
12855200,307,,
12855596,307,,
12855996,307,,
12856400,307,,
12856796,307,,
12857196,307,,
12857600,308,,
12858000,307,,
12858396,309,,
12858796,307,,
12859200,309,,
12859596,307,,
12859996,308,,
12860396,309,,
12860800,307,,
12861196,309,,
12861600,308,,
12862000,308,,
12862400,309,,
12862796,307,,
12863200,308,,
12863596,307,,
12863996,308,,
12864396,308,,
12864800,308,,
12865196,308,,
12865604,307,,
12866000,308,,
12866400,308,,
12866796,307,,
12867200,307,,
12867596,307,,
12868000,308,,
12868396,307,,
12868800,308,,
12869200,309,,
12869600,309,,
12869996,309,,
12870400,308,,
12870796,309,,
12871196,308,,
12871596,308,,
12872000,307,,
12872396,308,,
12872800,309,,
12873200,308,,
12873600,307,,
12873996,307,,
12874400,307,,
12874796,307,,
12875200,307,,
12875596,307,,
12876000,308,,
12876400,307,,
12876800,307,,
12877196,307,,
12877596,306,,
12878000,307,,
12878396,307,,
12878796,309,,
12879200,308,,
12879600,306,,
12879996,308,,
12880400,309,,
12880800,308,,
12881196,308,,
12881596,307,,
12882000,307,,
12882396,308,,
12882796,308,,
12883200,308,,
12883600,308,,
12883996,308,,
12884400,308,,
12884800,309,,
12885196,308,,
12885596,307,,
12886000,308,,
12886396,308,,
12886796,308,,
12887200,308,,
12887600,308,,
12887996,306,,
12888396,307,,
12888800,307,,
12889196,306,,
12889596,307,,
12889996,306,,
12890400,306,,
12890796,305,,
12891204,306,,
12891600,307,,
12892000,306,,
12892396,307,,
12892800,308,,
12893196,308,,
12893600,308,,
12893996,308,,
12894400,308,,
12894800,308,,
12895200,309,,
12895596,307,,
12896000,308,,
12896396,309,,
12896796,308,,
12897196,309,,
12897600,307,,
12897996,308,,
12898396,308,,
12898800,308,,
12899200,307,,
12899596,308,,
12899996,307,,
12900396,308,,
12900800,309,,
12901196,307,,
12901596,309,,
12902000,308,,
12902400,308,,
12902796,310,,
12903196,309,,
12903600,309,,
12903996,308,,
12904396,308,,
12904800,307,,
12905200,308,,
12905596,307,,
12906000,308,,
12906400,308,,
12906796,309,,
12907196,309,,
12907600,308,,
12907996,309,,
12908396,308,,
12908800,308,,
12909200,308,,
12909596,308,,
12909996,308,,
12910400,308,,
12910796,307,,
12911196,307,,
12911596,307,,
12912000,307,,
12912396,307,,
12912800,307,,
12913200,308,,
12913600,308,,
12913996,308,,
12914400,308,,
12914796,309,,
12915196,308,,
12915596,308,,
12916000,308,,
12916396,308,,
12916804,308,,
12917200,307,,
12917600,308,,
12917996,308,,
12918400,308,,
12918796,308,,
12919200,308,,
12919596,309,,
12920000,308,,
12920400,309,,
12920800,309,,
12921196,308,,
12921600,309,,
12921996,309,,
12922396,308,,
12922796,308,,
12923200,308,,
12923596,308,,
12924000,308,,
12924400,308,,
12924800,308,,
12925196,307,,
12925600,308,,
12925996,308,,
12926400,306,,
12926796,307,,
12927200,308,,
12927600,308,,
12928000,308,,
12928396,307,,
12928796,307,,
12929200,308,,
12929596,307,,
12929996,308,,
12930400,308,,
12930800,308,,
12931196,308,,
12931596,307,,
12932000,307,,
12932396,307,,
12932796,307,,
12933200,307,,
12933600,306,,
12933996,307,,
12934400,307,,
12934800,306,,
12935196,306,,
12935596,306,,
12936000,306,,
12936396,307,,
12936796,306,,
12937196,307,,
12937600,307,,
12937996,306,,
12938400,307,,
12938800,306,,
12939200,307,,
12939596,307,,
12940000,307,,
12940396,307,,
12940796,307,,
12941196,307,,
12941600,307,,
12941996,307,,
12942404,307,,
12942800,306,,
12943200,307,,
12943596,307,,
12943996,306,,
12944396,306,,
12944800,307,,
12945196,307,,
12945600,307,,
12946000,306,,
12946400,306,,
12946796,307,,
12947200,306,,
12947600,306,,
12947996,306,,
12948396,306,,
12948800,307,,
12949200,307,,
12949596,306,,
12950000,307,,
12950400,307,,
12950796,306,,
12951196,306,,
12951596,307,,
12952000,307,,
12952396,306,,
12952796,307,,
12953200,307,,
12953600,307,,
12953996,308,,
12954396,307,,
12954800,307,,
12955196,307,,
12955596,306,,
12956000,306,,
12956400,306,,
12956796,306,,
12957200,307,,
12957600,305,,
12957996,307,,
12958396,306,,
12958800,306,,
12959200,306,,
12959596,306,,
12960000,305,,
12960400,306,,
12960796,306,,
12961196,306,,
12961600,307,,
12961996,307,,
12962396,307,,
12962796,308,,
12963200,307,,
12963596,308,,
12964000,307,,
12964400,307,,
12964800,307,,
12965196,308,,
12965600,308,,
12965996,308,,
12966396,307,,
12966796,307,,
12967200,308,,
12967596,307,,
12968004,309,,
12968400,307,,
12968800,308,,
12969196,308,,
12969600,308,,
12969996,308,,
12970400,309,,
12970796,308,,
12971200,308,,
12971600,309,,
12972000,309,,
12972396,309,,
12972800,309,,
12973196,309,,
12973596,309,,
12973996,309,,
12974400,309,,
12974800,309,,
12975196,308,,
12975600,308,,
12976000,307,,
12976396,309,,
12976796,309,,
12977196,308,,
12977600,308,,
12978000,308,,
12978396,306,,
12978800,307,,
12979204,307,,
12979596,308,,
12979996,307,,
12980400,307,,
12980796,307,,
12981196,307,,
12981600,307,,
12982000,306,,
12982396,307,,
12982800,307,,
12983200,308,,
12983596,307,,
12983996,307,,
12984400,306,,
12984796,305,,
12985196,306,,
12985600,307,,
12986000,306,,
12986396,307,,
12986796,306,,
12987200,307,,
12987596,307,,
12987996,307,,
12988396,307,,
12988800,307,,
12989196,308,,
12989600,308,,
12990000,309,,
12990400,309,,
12990796,308,,
12991200,309,,
12991596,310,,
12991996,309,,
12992396,309,,
12992800,308,,
12993196,308,,
12993604,308,,
12994000,308,,
12994400,308,,
12994796,307,,
12995200,308,,
12995596,308,,
12996000,307,,
12996396,307,,
12996800,307,,
12997200,307,,
12997600,307,,
12997996,306,,
12998400,307,,
12998796,306,,
12999196,307,,
12999596,308,,
13000000,308,,
13000396,307,,
13000800,307,,
13001200,307,,
13001600,307,,
13001996,307,,
13002400,307,,
13002796,307,,
13003200,306,,
13003596,307,,
13004000,307,,
13004400,307,,
13004800,307,,
13005196,307,,
13005596,306,,
13006000,307,,
13006396,306,,
13006796,306,,
13007200,307,,
13007600,307,,
13007996,306,,
13008400,306,,
13008800,306,,
13009196,306,,
13009596,306,,
13010000,307,,
13010396,307,,
13010796,307,,
13011200,306,,
13011600,306,,
13011996,306,,
13012400,306,,
13012800,306,,
13013196,306,,
13013596,307,,
13014000,307,,
13014396,306,,
13014796,306,,
13015200,307,,
13015600,307,,
13015996,308,,
13016396,308,,
13016800,308,,
13017196,307,,
13017596,308,,
13017996,306,,
13018400,307,,
13018796,307,,
13019204,307,,
13019600,306,,
13020000,307,,
13020396,307,,
13020800,306,,
13021196,307,,
13021600,307,,
13021996,307,,
13022400,307,,
13022800,306,,
13023200,305,,
13023596,307,,
13024000,306,,
13024396,306,,
13024796,307,,
13025196,306,,
13025600,307,,
13025996,306,,
13026396,306,,
13026800,307,,
13027200,305,,
13027596,306,,
13027996,307,,
13028396,306,,
13028800,305,,
13029196,306,,
13029596,306,,
13030000,306,,
13030400,306,,
13030796,306,,
13031196,306,,
13031600,305,,
13031996,307,,
13032396,306,,
13032800,306,,
13033200,306,,
13033596,306,,
13034000,306,,
13034400,307,,
13034796,306,,
13035196,307,,
13035600,307,,
13035996,307,,
13036396,308,,
13036800,306,,
13037200,308,,
13037596,307,,
13037996,308,,
13038400,309,,
13038796,307,,
13039196,308,,
13039596,308,,
13040000,309,,
13040396,308,,
13040800,309,,
13041200,309,,
13041600,309,,
13041996,308,,
13042400,309,,
13042796,309,,
13043196,310,,
13043596,309,,
13044000,308,,
13044396,309,,
13044804,308,,
13045200,307,,
13045600,309,,
13045996,307,,
13046400,309,,
13046796,308,,
13047200,308,,
13047596,309,,
13048000,307,,
13048400,307,,
13048800,308,,
13049196,307,,
13049600,308,,
13049996,307,,
13050396,308,,
13050796,307,,
13051200,308,,
13051596,308,,
13052000,309,,
13052400,308,,
13052800,308,,
13053196,308,,
13053600,308,,
13053996,308,,
13054400,307,,
13054796,308,,
13055200,308,,
13055600,308,,
13056000,308,,
13056396,308,,
13056796,307,,
13057200,309,,
13057596,308,,
13057996,308,,
13058400,309,,
13058800,307,,
13059196,308,,
13059596,308,,
13060000,308,,
13060396,308,,
13060796,308,,
13061200,308,,
13061600,307,,
13061996,308,,
13062400,307,,
13062800,308,,
13063196,308,,
13063596,307,,
13064000,308,,
13064396,307,,
13064796,308,,
13065196,307,,
13065600,308,,
13065996,308,,
13066400,308,,
13066800,308,,
13067200,309,,
13067596,309,,
13068000,308,,
13068396,310,,
13068796,309,,
13069196,308,,
13069600,309,,
13069996,308,,
13070404,308,,
13070800,309,,
13071200,308,,
13071596,308,,
13071996,308,,
13072396,308,,
13072800,307,,
13073196,308,,
13073600,308,,
13074000,308,,
13074400,308,,
13074796,308,,
13075200,308,,
13075600,308,,
13075996,308,,
13076396,307,,
13076800,308,,
13077200,309,,
13077596,308,,
13078000,307,,
13078400,307,,
13078796,308,,
13079196,308,,
13079596,309,,
13080000,309,,
13080396,309,,
13080796,307,,
13081200,307,,
13081600,307,,
13081996,308,,
13082396,308,,
13082800,308,,
13083196,307,,
13083596,307,,
13084000,307,,
13084400,306,,
13084796,306,,
13085200,306,,
13085600,307,,
13085996,307,,
13086396,307,,
13086800,307,,
13087200,308,,
13087596,307,,
13088000,307,,
13088400,307,,
13088796,307,,
13089196,307,,
13089600,306,,
13089996,307,,
13090396,307,,
13090796,307,,
13091200,307,,
13091596,306,,
13092000,306,,
13092400,306,,
13092800,307,,
13093196,308,,
13093600,308,,
13093996,308,,
13094396,308,,
13094796,307,,
13095200,306,,
13095596,306,,
13096004,306,,
13096400,306,,
13096800,306,,
13097196,305,,
13097600,306,,
13097996,305,,
13098400,306,,
13098796,306,,
13099200,307,,
13099600,305,,
13100000,306,,
13100396,306,,
13100800,307,,
13101196,306,,
13101596,304,,
13101996,311,,
13102400,299,,
13102800,311,,
13103196,318,,
13103600,311,,
13104000,311,,
13104396,303,,
13104796,306,,
13105196,303,,
13105600,306,,
13106000,305,,
13106396,309,,
13106800,285,,
13107204,247,,
13107596,410,,
13107996,301,,
13108400,291,,
13108796,262,,
13109196,250,,
13109600,312,,
13110000,346,,
13110396,304,,
13110800,305,,
13111200,297,,
13111596,283,,
13111996,311,,
13112400,316,,
13112796,309,,
13113196,317,,
13113600,306,,
13114000,304,,
13114396,309,,
13114796,312,,
13115200,309,,
13115596,318,,
13115996,314,,
13116396,307,,
13116800,300,,
13117196,303,,
13117600,312,,
13118000,299,,
13118400,306,,
13118796,313,,
13119200,304,,
13119596,307,,
13119996,319,,
13120396,308,,
13120800,295,,
13121196,312,,
13121604,303,,
13122000,304,,
13122400,301,,
13122796,311,,
13123200,308,,
13123596,313,,
13124000,306,,
13124396,307,,
13124800,308,,
13125200,314,,
13125600,310,,
13125996,312,,
13126400,308,,
13126796,307,,
13127196,302,,
13127596,301,,
13128000,310,,
13128396,311,,
13128800,310,,
13129200,306,,
13129600,293,,
13129996,307,,
13130400,312,,
13130796,307,,
13131200,302,,
13131596,304,,
13132000,311,,
13132400,307,,
13132800,309,,
13133196,307,,
13133596,302,,
13134000,301,,
13134396,306,,
13134796,304,,
13135200,311,,
13135600,315,,
13135996,313,,
13136400,309,,
13136800,304,,
13137196,300,,
13137596,306,,
13138000,300,,
13138396,302,,
13138796,311,,
13139200,309,,
13139600,308,,
13139996,305,,
13140400,304,,
13140800,303,,
13141196,306,,
13141596,307,,
13142000,309,,
13142396,305,,
13142796,310,,
13143200,309,,
13143600,313,,
13143996,307,,
13144396,308,,
13144800,308,,
13145196,301,,
13145596,305,,
13145996,311,,
13146400,315,,
13146796,310,,
13147204,304,,
13147600,305,,
13148000,306,,
13148396,310,,
13148800,311,,
13149196,310,,
13149600,304,,
13149996,303,,
13150400,307,,
13150800,304,,
13151200,310,,
13151596,309,,
13152000,307,,
13152396,303,,
13152796,306,,
13153196,312,,
13153600,308,,
13153996,303,,
13154396,305,,
13154800,306,,
13155200,307,,
13155596,311,,
13155996,302,,
13156396,309,,
13156800,309,,
13157196,312,,
13157596,310,,
13158000,307,,
13158400,306,,
13158796,308,,
13159196,306,,
13159600,305,,
13159996,310,,
13160396,307,,
13160800,308,,
13161200,306,,
13161596,301,,
13162000,306,,
13162400,311,,
13162796,311,,
13163196,307,,
13163600,305,,
13163996,304,,
13164396,305,,
13164800,305,,
13165200,307,,
13165596,308,,
13165996,310,,
13166400,308,,
13166796,308,,
13167196,304,,
13167596,304,,
13168000,309,,
13168396,310,,
13168800,307,,
13169200,306,,
13169600,310,,
13169996,311,,
13170400,308,,
13170796,305,,
13171196,308,,
13171596,309,,
13172000,308,,
13172396,307,,
13172804,307,,
13173200,308,,
13173600,307,,
13173996,306,,
13174400,307,,
13174796,308,,
13175200,305,,
13175596,307,,
13176000,307,,
13176400,309,,
13176800,311,,
13177196,307,,
13177600,304,,
13177996,307,,
13178396,308,,
13178796,307,,
13179200,309,,
13179596,308,,
13180000,308,,
13180400,305,,
13180800,306,,
13181196,308,,
13181600,307,,
13181996,311,,
13182400,308,,
13182796,308,,
13183200,310,,
13183600,307,,
13184000,308,,
13184396,307,,
13184796,309,,
13185200,307,,
13185596,304,,
13185996,306,,
13186400,308,,
13186800,307,,
13187196,308,,
13187596,309,,
13188000,304,,
13188396,305,,
13188796,305,,
13189200,307,,
13189600,307,,
13189996,306,,
13190400,308,,
13190800,308,,
13191196,308,,
13191596,307,,
13192000,307,,
13192396,309,,
13192796,312,,
13193196,308,,
13193600,306,,
13193996,308,,
13194400,307,,
13194800,308,,
13195200,311,,
13195596,307,,
13196000,306,,
13196396,306,,
13196796,306,,
13197196,307,,
13197600,308,,
13197996,307,,
13198404,306,,
13198800,305,,
13199200,307,,
13199596,306,,
13199996,307,,
13200396,307,,
13200800,307,,
13201196,306,,
13201600,308,,
13202000,308,,
13202400,307,,
13202796,307,,
13203200,307,,
13203600,308,,
13203996,308,,
13204396,308,,
13204800,308,,
13205200,307,,
13205596,308,,
13206000,306,,
13206400,308,,
13206796,307,,
13207196,306,,
13207596,308,,
13208000,308,,
13208396,307,,
13208796,306,,
13209200,307,,
13209600,307,,
13209996,309,,
13210396,307,,
13210800,307,,
13211196,307,,
13211596,307,,
13212000,308,,
13212400,307,,
13212796,307,,
13213200,305,,
13213600,306,,
13213996,306,,
13214396,306,,
13214800,307,,
13215200,308,,
13215596,307,,
13216000,307,,
13216400,306,,
13216796,309,,
13217196,307,,
13217600,307,,
13217996,308,,
13218396,307,,
13218796,308,,
13219200,309,,
13219596,309,,
13220000,309,,
13220400,309,,
13220800,309,,
13221196,308,,
13221600,310,,
13221996,308,,
13222396,308,,
13222796,308,,
13223200,309,,
13223596,310,,
13224004,308,,
13224400,308,,
13224800,308,,
13225196,309,,
13225600,309,,
13225996,309,,
13226400,308,,
13226796,307,,
13227200,308,,
13227600,308,,
13228000,307,,
13228396,307,,
13228800,308,,
13229196,308,,
13229596,308,,
13229996,308,,
13230400,307,,
13230800,308,,
13231196,308,,
13231600,309,,
13232000,308,,
13232396,308,,
13232796,308,,
13233196,307,,
13233600,308,,
13234000,309,,
13234396,307,,
13234800,309,,
13235204,309,,
13235596,309,,
13235996,307,,
13236400,307,,
13236796,308,,
13237196,307,,
13237600,308,,
13238000,307,,
13238396,307,,
13238800,306,,
13239200,307,,
13239596,306,,
13239996,309,,
13240400,307,,
13240796,308,,
13241196,308,,
13241600,307,,
13242000,308,,
13242396,308,,
13242796,308,,
13243200,306,,
13243596,307,,
13243996,309,,
13244396,308,,
13244800,308,,
13245196,307,,
13245600,307,,
13246000,309,,
13246400,308,,
13246796,307,,
13247200,308,,
13247596,307,,
13247996,307,,
13248396,307,,
13248800,307,,
13249196,307,,
13249604,307,,
13250000,306,,
13250400,307,,
13250796,307,,
13251200,307,,
13251596,307,,
13252000,307,,
13252396,306,,
13252800,307,,
13253200,306,,
13253600,307,,
13253996,307,,
13254400,307,,
13254796,308,,
13255196,308,,
13255596,307,,
13256000,307,,
13256396,309,,
13256800,308,,
13257200,308,,
13257600,307,,
13257996,308,,
13258400,307,,
13258796,308,,
13259200,308,,
13259596,308,,
13260000,308,,
13260400,308,,
13260800,307,,
13261196,308,,
13261596,307,,
13262000,308,,
13262396,307,,
13262796,307,,
13263200,307,,
13263600,307,,
13263996,306,,
13264400,306,,
13264800,307,,
13265196,307,,
13265596,306,,
13266000,308,,
13266396,307,,
13266796,307,,
13267200,308,,
13267600,307,,
13267996,308,,
13268400,307,,
13268800,306,,
13269196,307,,
13269596,306,,
13270000,307,,
13270396,306,,
13270796,306,,
13271200,306,,
13271600,306,,
13271996,307,,
13272396,306,,
13272800,307,,
13273196,307,,
13273596,306,,
13273996,306,,
13274400,306,,
13274796,307,,
13275204,305,,
13275600,305,,
13276000,306,,
13276396,305,,
13276800,307,,
13277196,306,,
13277600,305,,
13277996,306,,
13278400,305,,
13278800,305,,
13279200,305,,
13279596,305,,
13280000,306,,
13280396,306,,
13280796,306,,
13281196,305,,
13281600,306,,
13281996,306,,
13282396,306,,
13282800,306,,
13283200,306,,
13283596,307,,
13283996,307,,
13284396,307,,
13284800,307,,
13285196,307,,
13285596,307,,
13286000,306,,
13286400,306,,
13286796,307,,
13287196,306,,
13287600,306,,
13287996,306,,
13288396,306,,
13288800,306,,
13289200,307,,
13289596,307,,
13290000,308,,
13290400,307,,
13290796,308,,
13291196,307,,
13291600,307,,
13291996,307,,
13292396,307,,
13292800,307,,
13293200,308,,
13293596,308,,
13293996,308,,
13294400,308,,
13294796,307,,
13295196,307,,
13295596,307,,
13296000,307,,
13296396,307,,
13296800,307,,
13297200,307,,
13297600,306,,
13297996,306,,
13298400,307,,
13298796,307,,
13299196,306,,
13299596,307,,
13300000,307,,
13300396,307,,
13300804,306,,
13301200,307,,
13301600,307,,
13301996,307,,
13302400,306,,
13302796,307,,
13303200,307,,
13303596,307,,
13304000,307,,
13304400,307,,
13304800,308,,
13305196,307,,
13305600,308,,
13305996,307,,
13306396,308,,
13306796,308,,
13307200,308,,
13307596,308,,
13308000,308,,
13308400,308,,
13308800,308,,
13309196,309,,
13309600,308,,
13309996,308,,
13310400,309,,
13310796,308,,
13311200,308,,
13311600,309,,
13312000,308,,
13312396,308,,
13312796,308,,
13313200,308,,
13313596,308,,
13313996,308,,
13314400,308,,
13314800,308,,
13315196,307,,
13315596,308,,
13316000,308,,
13316396,306,,
13316796,307,,
13317200,307,,
13317600,308,,
13317996,307,,
13318400,307,,
13318800,307,,
13319196,307,,
13319596,307,,
13320000,308,,
13320396,307,,
13320796,308,,
13321196,307,,
13321600,307,,
13321996,307,,
13322400,306,,
13322800,307,,
13323200,307,,
13323596,306,,
13324000,307,,
13324396,307,,
13324796,307,,
13325196,307,,
13325600,306,,
13325996,306,,
13326404,308,,
13326800,307,,
13327200,307,,
13327596,307,,
13327996,307,,
13328396,308,,
13328800,307,,
13329196,307,,
13329600,307,,
13330000,307,,
13330400,307,,
13330796,307,,
13331200,306,,
13331600,307,,
13331996,306,,
13332396,306,,
13332800,306,,
13333200,307,,
13333596,307,,
13334000,306,,
13334400,308,,
13334796,307,,
13335196,307,,
13335596,308,,
13336000,307,,
13336396,307,,
13336796,307,,
13337200,306,,
13337600,308,,
13337996,306,,
13338396,306,,
13338800,307,,
13339196,306,,
13339596,308,,
13340000,306,,
13340400,306,,
13340796,307,,
13341200,306,,
13341600,307,,
13341996,306,,
13342396,306,,
13342800,307,,
13343200,306,,
13343596,306,,
13344000,307,,
13344400,306,,
13344796,306,,
13345196,307,,
13345600,306,,
13345996,305,,
13346396,306,,
13346796,305,,
13347200,306,,
13347596,306,,
13348000,305,,
13348400,305,,
13348800,306,,
13349196,306,,
13349600,305,,
13349996,305,,
13350396,307,,
13350796,306,,
13351200,307,,
13351596,306,,
13352004,306,,
13352400,305,,
13352800,306,,
13353196,306,,
13353600,306,,
13353996,306,,
13354400,306,,
13354796,306,,
13355200,306,,
13355600,307,,
13356000,306,,
13356396,307,,
13356800,306,,
13357196,307,,
13357596,307,,
13357996,306,,
13358400,307,,
13358800,307,,
13359196,307,,
13359600,308,,
13360000,307,,
13360396,307,,
13360796,307,,
13361196,306,,
13361600,308,,
13362000,306,,
13362396,306,,
13362800,307,,
13363204,306,,
13363596,308,,
13363996,306,,
13364400,305,,
13364796,307,,
13365196,306,,
13365600,306,,
13366000,306,,
13366396,306,,
13366800,306,,
13367200,307,,
13367596,307,,
13367996,306,,
13368400,307,,
13368796,306,,
13369196,307,,
13369600,307,,
13370000,307,,
13370396,308,,
13370796,307,,
13371200,308,,
13371596,306,,
13371996,307,,
13372396,307,,
13372800,306,,
13373196,307,,
13373600,306,,
13374000,307,,
13374400,306,,
13374796,306,,
13375200,307,,
13375596,307,,
13375996,308,,
13376396,308,,
13376800,307,,
13377196,308,,
13377604,307,,
13378000,307,,
13378400,307,,
13378796,307,,
13379200,307,,
13379596,307,,
13380000,308,,
13380396,308,,
13380800,308,,
13381200,308,,
13381600,309,,
13381996,308,,
13382400,308,,
13382796,307,,
13383196,309,,
13383596,308,,
13384000,309,,
13384396,308,,
13384800,309,,
13385200,309,,
13385600,310,,
13385996,309,,
13386400,309,,
13386796,308,,
13387200,308,,
13387596,307,,
13388000,308,,
13388400,306,,
13388800,307,,
13389196,307,,
13389596,308,,
13390000,308,,
13390396,309,,
13390796,309,,
13391200,308,,
13391600,309,,
13391996,309,,
13392400,309,,
13392800,308,,
13393196,308,,
13393596,308,,
13394000,308,,
13394396,308,,
13394796,309,,
13395200,309,,
13395600,308,,
13395996,307,,
13396400,307,,
13396800,307,,
13397196,307,,
13397596,307,,
13398000,309,,
13398396,308,,
13398796,307,,
13399200,307,,
13399600,307,,
13399996,307,,
13400396,308,,
13400800,308,,
13401196,309,,
13401596,309,,
13401996,309,,
13402400,309,,
13402796,309,,
13403204,308,,
13403600,308,,
13404000,307,,
13404396,308,,
13404800,309,,
13405196,309,,
13405600,309,,
13405996,309,,
13406400,309,,
13406800,308,,
13407200,308,,
13407596,309,,
13408000,308,,
13408396,310,,
13408796,308,,
13409196,308,,
13409600,308,,
13409996,308,,
13410396,309,,
13410800,307,,
13411200,310,,
13411596,309,,
13411996,309,,
13412396,309,,
13412800,309,,
13413196,309,,
13413596,309,,
13414000,308,,
13414400,310,,
13414796,310,,
13415196,309,,
13415600,309,,
13415996,308,,
13416396,309,,
13416800,308,,
13417200,308,,
13417596,308,,
13418000,309,,
13418400,308,,
13418796,309,,
13419196,308,,
13419600,308,,
13419996,309,,
13420396,308,,
13420800,306,,
13421200,307,,
13421596,307,,
13421996,308,,
13422400,308,,
13422796,308,,
13423196,307,,
13423596,307,,
13424000,307,,
13424396,306,,
13424800,306,,
13425200,307,,
13425600,308,,
13425996,307,,
13426400,306,,
13426796,306,,
13427196,307,,
13427596,306,,
13428000,308,,
13428396,307,,
13428804,308,,
13429200,307,,
13429600,307,,
13429996,307,,
13430400,307,,
13430796,307,,
13431200,307,,
13431596,308,,
13432000,307,,
13432400,308,,
13432800,307,,
13433196,308,,
13433600,309,,
13433996,306,,
13434396,309,,
13434796,307,,
13435200,306,,
13435596,307,,
13436000,306,,
13436400,306,,
13436800,307,,
13437196,307,,
13437600,307,,
13437996,307,,
13438400,307,,
13438796,307,,
13439200,307,,
13439600,309,,
13440000,307,,
13440396,307,,
13440796,307,,
13441200,307,,
13441596,308,,
13441996,308,,
13442400,308,,
13442800,308,,
13443196,309,,
13443596,308,,
13444000,308,,
13444396,307,,
13444796,308,,
13445200,307,,
13445600,307,,
13445996,307,,
13446400,307,,
13446800,308,,
13447196,307,,
13447596,307,,
13448000,308,,
13448396,307,,
13448796,307,,
13449196,307,,
13449600,308,,
13449996,308,,
13450400,308,,
13450800,307,,
13451200,307,,
13451596,307,,
13452000,307,,
13452396,307,,
13452796,306,,
13453196,308,,
13453600,307,,
13453996,308,,
13454404,307,,
13454800,307,,
13455200,308,,
13455596,307,,
13455996,307,,
13456396,307,,
13456800,306,,
13457196,307,,
13457600,307,,
13458000,306,,
13458400,308,,
13458796,306,,
13459200,308,,
13459600,308,,
13459996,307,,
13460396,307,,
13460800,308,,
13461200,307,,
13461596,307,,
13462000,307,,
13462400,307,,
13462796,308,,
13463196,307,,
13463596,308,,
13464000,308,,
13464396,308,,
13464796,307,,
13465200,308,,
13465600,308,,
13465996,308,,
13466396,308,,
13466800,308,,
13467196,308,,
13467596,307,,
13468000,308,,
13468400,308,,
13468796,307,,
13469200,308,,
13469600,308,,
13469996,307,,
13470396,307,,
13470800,307,,
13471200,308,,
13471596,306,,
13472000,307,,
13472400,306,,
13472796,306,,
13473196,306,,
13473600,305,,
13473996,306,,
13474396,306,,
13474796,306,,
13475200,306,,
13475596,305,,
13476000,306,,
13476400,306,,
13476800,306,,
13477196,306,,
13477600,306,,
13477996,306,,
13478396,305,,
13478796,306,,
13479200,305,,
13479596,306,,
13480004,306,,
13480400,307,,
13480800,307,,
13481196,306,,
13481600,307,,
13481996,307,,
13482400,306,,
13482796,307,,
13483200,307,,
13483600,307,,
13484000,308,,
13484396,308,,
13484800,308,,
13485196,307,,
13485596,308,,
13485996,307,,
13486400,307,,
13486800,308,,
13487196,306,,
13487600,307,,
13488000,307,,
13488396,306,,
13488796,307,,
13489196,307,,
13489600,308,,
13490000,307,,
13490396,307,,
13490800,308,,
13491204,309,,
13491596,308,,
13491996,308,,
13492400,307,,
13492796,307,,
13493196,307,,
13493600,307,,
13494000,307,,
13494396,308,,
13494800,308,,
13495200,307,,
13495596,308,,
13495996,308,,
13496400,308,,
13496796,307,,
13497196,308,,
13497600,307,,
13498000,307,,
13498396,307,,
13498796,306,,
13499200,306,,
13499596,306,,
13499996,306,,
13500396,306,,
13500800,307,,
13501196,307,,
13501600,308,,
13502000,308,,
13502400,309,,
13502796,308,,
13503200,308,,
13503596,307,,
13503996,307,,
13504396,306,,
13504800,306,,
13505196,307,,
13505604,308,,
13506000,307,,
13506400,308,,
13506796,307,,
13507200,308,,
13507596,307,,
13508000,308,,
13508396,308,,
13508800,307,,
13509200,308,,
13509600,307,,
13509996,308,,
13510400,308,,
13510796,309,,
13511196,309,,
13511596,308,,
13512000,309,,
13512396,308,,
13512800,308,,
13513200,308,,
13513600,308,,
13513996,308,,
13514400,308,,
13514796,307,,
13515200,308,,
13515596,307,,
13516000,308,,
13516400,308,,
13516800,307,,
13517196,308,,
13517596,308,,
13518000,308,,
13518396,307,,
13518796,307,,
13519200,308,,
13519600,307,,
13519996,307,,
13520400,307,,
13520800,308,,
13521196,308,,
13521596,307,,
13522000,308,,
13522396,307,,
13522796,308,,
13523200,308,,
13523600,308,,
13523996,308,,
13524400,308,,
13524800,308,,
13525196,308,,
13525596,307,,
13526000,307,,
13526396,308,,
13526796,308,,
13527200,307,,
13527600,308,,
13527996,309,,
13528396,307,,
13528800,307,,
13529196,307,,
13529596,308,,
13529996,307,,
13530400,307,,
13530796,308,,
13531204,307,,
13531600,307,,
13532000,309,,
13532396,308,,
13532800,308,,
13533196,309,,
13533600,309,,
13533996,308,,
13534400,308,,
13534800,307,,
13535200,308,,
13535596,306,,
13536000,307,,
13536396,307,,
13536796,307,,
13537196,307,,
13537600,307,,
13537996,306,,
13538396,306,,
13538800,307,,
13539200,305,,
13539596,306,,
13539996,306,,
13540396,306,,
13540800,307,,
13541196,307,,
13541596,306,,
13542000,307,,
13542400,307,,
13542796,307,,
13543196,307,,
13543600,307,,
13543996,308,,
13544396,308,,
13544800,306,,
13545200,308,,
13545596,306,,
13546000,307,,
13546400,306,,
13546796,307,,
13547196,306,,
13547600,306,,
13547996,308,,
13548396,306,,
13548800,308,,
13549200,307,,
13549596,307,,
13549996,308,,
13550400,306,,
13550796,308,,
13551196,307,,
13551596,307,,
13552000,307,,
13552396,307,,
13552800,307,,
13553200,308,,
13553600,308,,
13553996,308,,
13554400,307,,
13554796,308,,
13555196,308,,
13555596,307,,
13556000,306,,
13556396,307,,
13556804,306,,
13557200,307,,
13557600,307,,
13557996,306,,
13558400,308,,
13558796,306,,
13559200,308,,
13559596,307,,
13560000,308,,
13560400,308,,
13560800,308,,
13561196,308,,
13561600,307,,
13561996,308,,
13562396,306,,
13562796,308,,
13563200,308,,
13563596,307,,
13564000,309,,
13564400,308,,
13564800,308,,
13565196,308,,
13565600,307,,
13565996,308,,
13566400,307,,
13566796,307,,
13567200,307,,
13567600,307,,
13568000,308,,
13568396,307,,
13568796,308,,
13569200,308,,
13569596,307,,
13569996,308,,
13570400,307,,
13570800,308,,
13571196,307,,
13571596,306,,
13572000,307,,
13572396,307,,
13572796,308,,
13573200,306,,
13573600,306,,
13573996,307,,
13574400,307,,
13574800,308,,
13575196,308,,
13575596,308,,
13576000,307,,
13576396,307,,
13576796,309,,
13577196,308,,
13577600,307,,
13577996,308,,
13578400,308,,
13578800,307,,
13579200,307,,
13579596,307,,
13580000,307,,
13580396,307,,
13580796,307,,
13581196,306,,
13581600,307,,
13581996,307,,
13582404,307,,
13582800,307,,
13583200,306,,
13583596,307,,
13583996,306,,
13584396,306,,
13584800,307,,
13585196,307,,
13585600,307,,
13586000,306,,
13586400,306,,
13586796,306,,
13587200,306,,
13587600,307,,
13587996,306,,
13588396,307,,
13588800,306,,
13589200,306,,
13589596,305,,
13590000,307,,
13590400,306,,
13590796,306,,
13591196,306,,
13591596,307,,
13592000,306,,
13592396,306,,
13592796,306,,
13593200,306,,
13593600,306,,
13593996,306,,
13594396,306,,
13594800,306,,
13595196,305,,
13595596,306,,
13596000,307,,
13596400,307,,
13596796,306,,
13597200,306,,
13597600,307,,
13597996,306,,
13598396,306,,
13598800,306,,
13599200,306,,
13599596,305,,
13600000,306,,
13600400,306,,
13600796,307,,
13601196,306,,
13601600,306,,
13601996,306,,
13602396,307,,
13602796,306,,
13603200,306,,
13603596,305,,
13604000,306,,
13604400,305,,
13604800,307,,
13605196,305,,
13605600,306,,
13605996,307,,
13606396,306,,
13606796,306,,
13607200,306,,
13607596,305,,
13608004,305,,
13608400,305,,
13608800,305,,
13609196,306,,
13609600,307,,
13609996,307,,
13610400,308,,
13610796,307,,
13611200,308,,
13611600,308,,
13612000,307,,
13612396,307,,
13612800,308,,
13613196,307,,
13613596,307,,
13613996,307,,
13614400,308,,
13614800,306,,
13615196,307,,
13615600,307,,
13616000,306,,
13616396,307,,
13616796,306,,
13617196,306,,
13617600,306,,
13618000,306,,
13618396,307,,
13618800,305,,
13619204,306,,
13619596,306,,
13619996,306,,
13620400,306,,
13620796,306,,
13621196,307,,
13621600,306,,
13622000,306,,
13622396,307,,
13622800,306,,
13623200,306,,
13623596,307,,
13623996,307,,
13624400,307,,
13624796,307,,
13625196,308,,
13625600,307,,
13626000,307,,
13626396,307,,
13626796,308,,
13627200,307,,
13627596,307,,
13627996,307,,
13628396,307,,
13628800,307,,
13629196,307,,
13629600,307,,
13630000,307,,
13630400,307,,
13630796,307,,
13631200,307,,
13631596,306,,
13631996,307,,
13632396,307,,
13632800,307,,
13633196,307,,
13633604,307,,
13634000,307,,
13634400,307,,
13634796,307,,
13635200,307,,
13635596,307,,
13636000,307,,
13636396,307,,
13636800,306,,
13637200,307,,
13637600,306,,
13637996,307,,
13638400,306,,
13638796,306,,
13639196,307,,
13639596,306,,
13640000,307,,
13640396,307,,
13640800,307,,
13641200,307,,
13641600,307,,
13641996,307,,
13642400,306,,
13642796,307,,
13643200,307,,
13643596,307,,
13644000,307,,
13644400,307,,
13644800,307,,
13645196,308,,
13645596,307,,
13646000,308,,
13646396,307,,
13646796,307,,
13647200,308,,
13647600,307,,
13647996,308,,
13648400,308,,
13648800,308,,
13649196,308,,
13649596,307,,
13650000,307,,
13650396,307,,
13650796,308,,
13651200,307,,
13651600,307,,
13651996,307,,
13652400,308,,
13652800,307,,
13653196,307,,
13653596,307,,
13654000,308,,
13654396,306,,
13654796,307,,
13655200,307,,
13655600,306,,
13655996,307,,
13656396,306,,
13656800,308,,
13657196,307,,
13657596,307,,
13657996,307,,
13658400,307,,
13658796,307,,
13659204,308,,
13659600,307,,
13660000,307,,
13660396,307,,
13660800,307,,
13661196,307,,
13661600,308,,
13661996,307,,
13662400,306,,
13662800,307,,
13663200,307,,
13663596,305,,
13664000,306,,
13664396,306,,
13664796,307,,
13665196,305,,
13665600,307,,
13665996,307,,
13666396,307,,
13666800,307,,
13667200,307,,
13667596,308,,
13667996,306,,
13668396,308,,
13668800,306,,
13669196,307,,
13669596,307,,
13670000,307,,
13670400,307,,
13670796,308,,
13671196,308,,
13671600,308,,
13671996,308,,
13672396,308,,
13672800,308,,
13673200,308,,
13673596,308,,
13674000,307,,
13674400,308,,
13674796,309,,
13675196,308,,
13675600,307,,
13675996,308,,
13676396,308,,
13676800,308,,
13677200,307,,
13677596,307,,
13677996,308,,
13678400,306,,
13678796,307,,
13679196,307,,
13679596,306,,
13680000,307,,
13680396,307,,
13680800,306,,
13681200,307,,
13681600,307,,
13681996,307,,
13682400,306,,
13682796,307,,
13683196,307,,
13683596,306,,
13684000,307,,
13684396,306,,
13684804,306,,
13685200,307,,
13685600,306,,
13685996,306,,
13686400,306,,
13686796,306,,
13687200,306,,
13687596,306,,
13688000,307,,
13688400,306,,
13688800,305,,
13689196,307,,
13689600,307,,
13689996,306,,
13690396,306,,
13690796,307,,
13691200,308,,
13691596,307,,
13692000,307,,
13692400,308,,
13692800,308,,
13693196,308,,
13693600,307,,
13693996,307,,
13694400,308,,
13694796,307,,
13695200,307,,
13695600,307,,
13696000,306,,
13696396,307,,
13696796,307,,
13697200,307,,
13697596,307,,
13697996,306,,
13698400,306,,
13698800,307,,
13699196,308,,
13699596,307,,
13700000,308,,
13700396,308,,
13700796,308,,
13701200,309,,
13701600,309,,
13701996,308,,
13702400,308,,
13702800,308,,
13703196,307,,
13703596,308,,
13704000,307,,
13704396,307,,
13704796,307,,
13705196,306,,
13705600,306,,
13705996,306,,
13706400,307,,
13706800,307,,
13707200,307,,
13707596,307,,
13708000,307,,
13708396,307,,
13708796,306,,
13709196,306,,
13709600,306,,
13709996,306,,
13710404,306,,
13710800,306,,
13711200,306,,
13711596,306,,
13711996,307,,
13712396,306,,
13712800,306,,
13713196,307,,
13713600,308,,
13714000,308,,
13714400,307,,
13714796,308,,
13715200,307,,
13715600,306,,
13715996,307,,
13716396,307,,
13716800,306,,
13717200,306,,
13717596,306,,
13718000,306,,
13718400,306,,
13718796,306,,
13719196,306,,
13719596,306,,
13720000,307,,
13720396,307,,
13720796,306,,
13721200,307,,
13721600,306,,
13721996,307,,
13722396,307,,
13722800,306,,
13723196,306,,
13723596,307,,
13724000,306,,
13724400,306,,
13724796,306,,
13725200,306,,
13725600,307,,
13725996,307,,
13726396,307,,
13726800,306,,
13727200,307,,
13727596,305,,
13728000,306,,
13728400,307,,
13728796,308,,
13729196,307,,
13729600,306,,
13729996,306,,
13730396,307,,
13730796,306,,
13731200,306,,
13731596,307,,
13732000,308,,
13732400,307,,
13732800,306,,
13733196,305,,
13733600,307,,
13733996,307,,
13734396,307,,
13734796,308,,
13735200,308,,
13735596,308,,
13736004,308,,
13736400,309,,
13736800,309,,
13737196,308,,
13737600,308,,
13737996,308,,
13738400,308,,
13738796,308,,
13739200,308,,
13739600,308,,
13740000,308,,
13740396,308,,
13740800,309,,
13741196,307,,
13741596,308,,
13741996,308,,
13742400,308,,
13742800,308,,
13743196,309,,
13743600,308,,
13744000,307,,
13744396,308,,
13744796,308,,
13745196,308,,
13745600,308,,
13746000,307,,
13746396,308,,
13746800,307,,
13747204,309,,
13747596,307,,
13747996,307,,
13748400,308,,
13748796,307,,
13749196,309,,
13749600,307,,
13750000,307,,
13750396,309,,
13750800,308,,
13751200,308,,
13751596,308,,
13751996,307,,
13752400,309,,
13752796,308,,
13753196,307,,
13753600,309,,
13754000,308,,
13754396,309,,
13754796,308,,
13755200,307,,
13755596,308,,
13755996,308,,
13756396,308,,
13756800,309,,
13757196,308,,
13757600,308,,
13758000,308,,
13758400,310,,
13758796,309,,
13759200,308,,
13759596,309,,
13759996,309,,
13760396,309,,
13760800,308,,
13761196,308,,
13761604,309,,
13762000,310,,
13762400,308,,
13762796,308,,
13763200,309,,
13763596,309,,
13764000,307,,
13764396,307,,
13764800,309,,
13765200,309,,
13765600,307,,
13765996,307,,
13766400,308,,
13766796,308,,
13767196,308,,
13767596,308,,
13768000,309,,
13768396,308,,
13768800,307,,
13769200,309,,
13769600,308,,
13769996,307,,
13770400,308,,
13770796,309,,
13771200,308,,
13771596,308,,
13772000,308,,
13772400,309,,
13772800,308,,
13773196,308,,
13773596,307,,
13774000,307,,
13774396,309,,
13774796,308,,
13775200,307,,
13775600,308,,
13775996,309,,
13776400,309,,
13776800,309,,
13777196,309,,
13777596,309,,
13778000,308,,
13778396,309,,
13778796,310,,
13779200,309,,
13779600,309,,
13779996,309,,
13780400,309,,
13780800,307,,
13781196,309,,
13781596,309,,
13782000,308,,
13782396,309,,
13782796,309,,
13783200,309,,
13783600,309,,
13783996,308,,
13784396,309,,
13784800,309,,
13785196,309,,
13785596,309,,
13785996,308,,
13786400,310,,
13786796,309,,
13787204,309,,
13787600,309,,
13788000,308,,
13788396,307,,
13788800,308,,
13789196,307,,
13789600,307,,
13789996,308,,
13790400,307,,
13790800,307,,
13791200,307,,
13791596,308,,
13792000,308,,
13792396,308,,
13792796,308,,
13793196,308,,
13793600,309,,
13793996,308,,
13794396,308,,
13794800,308,,
13795200,309,,
13795596,307,,
13795996,308,,
13796396,308,,
13796800,307,,
13797196,307,,
13797596,306,,
13798000,307,,
13798400,306,,
13798796,307,,
13799196,307,,
13799600,307,,
13799996,306,,
13800396,306,,
13800800,306,,
13801200,306,,
13801596,306,,
13802000,306,,
13802400,307,,
13802796,307,,
13803196,307,,
13803600,307,,
13803996,307,,
13804396,306,,
13804800,306,,
13805200,307,,
13805596,307,,
13805996,307,,
13806400,306,,
13806796,307,,
13807196,307,,
13807596,307,,
13808000,307,,
13808396,308,,
13808800,308,,
13809200,308,,
13809600,308,,
13809996,308,,
13810400,307,,
13810796,308,,
13811196,307,,
13811596,307,,
13812000,307,,
13812396,308,,
13812804,308,,
13813200,308,,
13813600,309,,
13813996,309,,
13814400,308,,
13814796,309,,
13815200,308,,
13815596,307,,
13816000,307,,
13816400,307,,
13816800,307,,
13817196,306,,
13817600,307,,
13817996,307,,
13818396,307,,
13818796,308,,
13819200,307,,
13819596,308,,
13820000,309,,
13820400,308,,
13820800,308,,
13821196,307,,
13821600,308,,
13821996,308,,
13822400,308,,
13822796,308,,
13823200,307,,
13823600,308,,
13824000,308,,
13824396,307,,
13824796,307,,
13825200,308,,
13825596,308,,
13825996,308,,
13826400,307,,
13826800,307,,
13827196,307,,
13827596,308,,
13828000,308,,
13828396,308,,
13828796,308,,
13829200,307,,
13829600,308,,
13829996,308,,
13830400,309,,
13830800,308,,
13831196,309,,
13831596,308,,
13832000,308,,
13832396,308,,
13832796,308,,
13833196,309,,
13833600,308,,
13833996,308,,
13834400,308,,
13834800,308,,
13835200,308,,
13835596,308,,
13836000,309,,
13836396,308,,
13836796,309,,
13837196,308,,
13837600,308,,
13837996,308,,
13838404,307,,
13838800,308,,
13839200,307,,
13839596,307,,
13839996,308,,
13840396,307,,
13840800,308,,
13841196,308,,
13841600,309,,
13842000,308,,
13842400,309,,
13842796,308,,
13843200,309,,
13843600,308,,
13843996,307,,
13844396,308,,
13844800,308,,
13845200,309,,
13845596,309,,
13846000,307,,
13846400,309,,
13846796,307,,
13847196,307,,
13847596,307,,
13848000,307,,
13848396,309,,
13848796,307,,
13849200,306,,
13849600,306,,
13849996,308,,
13850396,307,,
13850800,306,,
13851196,307,,
13851596,307,,
13852000,306,,
13852400,307,,
13852796,308,,
13853200,308,,
13853600,307,,
13853996,307,,
13854396,307,,
13854800,308,,
13855200,309,,
13855596,309,,
13856000,309,,
13856400,310,,
13856796,309,,
13857196,310,,
13857600,309,,
13857996,309,,
13858396,309,,
13858796,310,,
13859200,309,,
13859596,309,,
13860000,309,,
13860400,309,,
13860800,310,,
13861196,308,,
13861600,308,,
13861996,308,,
13862396,308,,
13862796,308,,
13863200,308,,
13863596,309,,
13864004,308,,
13864400,309,,
13864800,308,,
13865196,308,,
13865600,308,,
13865996,306,,
13866400,307,,
13866796,308,,
13867200,308,,
13867600,307,,
13868000,308,,
13868396,308,,
13868800,304,,
13869196,307,,
13869596,302,,
13869996,303,,
13870400,302,,
13870800,294,,
13871196,313,,
13871600,303,,
13872000,303,,
13872396,308,,
13872796,300,,
13873196,312,,
13873600,290,,
13874000,449,,
13874396,215,,
13874800,287,,
13875204,304,,
13875596,387,,
13875996,358,,
13876400,284,,
13876796,263,,
13877196,307,,
13877600,327,,
13878000,307,,
13878396,314,,
13878800,312,,
13879200,326,,
13879596,308,,
13879996,301,,
13880400,305,,
13880796,314,,
13881196,322,,
13881600,308,,
13882000,303,,
13882396,309,,
13882796,304,,
13883200,305,,
13883596,313,,
13883996,312,,
13884396,306,,
13884800,302,,
13885196,306,,
13885600,298,,
13886000,311,,
13886400,306,,
13886796,302,,
13887200,302,,
13887596,310,,
13887996,310,,
13888396,303,,
13888800,313,,
13889196,318,,
13889604,307,,
13890000,300,,
13890400,306,,
13890796,305,,
13891200,312,,
13891596,315,,
13892000,294,,
13892396,309,,
13892800,302,,
13893200,312,,
13893600,306,,
13893996,308,,
13894400,313,,
13894796,310,,
13895196,305,,
13895596,303,,
13896000,306,,
13896396,315,,
13896800,310,,
13897200,294,,
13897600,297,,
13897996,314,,
13898400,308,,
13898796,305,,
13899200,305,,
13899596,309,,
13900000,308,,
13900400,309,,
13900800,312,,
13901196,315,,
13901596,309,,
13902000,297,,
13902396,297,,
13902796,305,,
13903200,307,,
13903600,306,,
13903996,307,,
13904400,301,,
13904800,307,,
13905196,313,,
13905596,306,,
13906000,301,,
13906396,303,,
13906796,307,,
13907200,306,,
13907600,306,,
13907996,308,,
13908400,302,,
13908800,307,,
13909196,312,,
13909596,307,,
13910000,308,,
13910396,301,,
13910796,306,,
13911200,308,,
13911600,306,,
13911996,311,,
13912396,310,,
13912800,297,,
13913196,299,,
13913596,305,,
13913996,312,,
13914400,310,,
13914796,303,,
13915204,307,,
13915600,303,,
13916000,307,,
13916396,307,,
13916800,309,,
13917196,306,,
13917600,307,,
13917996,304,,
13918400,302,,
13918800,305,,
13919200,308,,
13919596,311,,
13920000,304,,
13920396,305,,
13920796,307,,
13921196,309,,
13921600,304,,
13921996,303,,
13922396,306,,
13922800,310,,
13923200,306,,
13923596,302,,
13923996,299,,
13924396,305,,
13924800,310,,
13925196,308,,
13925596,304,,
13926000,308,,
13926400,313,,
13926796,305,,
13927196,304,,
13927600,307,,
13927996,310,,
13928396,308,,
13928800,310,,
13929200,303,,
13929596,304,,
13930000,308,,
13930400,306,,
13930796,305,,
13931196,307,,
13931600,310,,
13931996,308,,
13932396,307,,
13932800,304,,
13933200,303,,
13933596,306,,
13933996,309,,
13934400,311,,
13934796,309,,
13935196,304,,
13935596,308,,
13936000,311,,
13936396,309,,
13936800,306,,
13937200,305,,
13937600,310,,
13937996,309,,
13938400,306,,
13938796,305,,
13939196,309,,
13939596,306,,
13940000,306,,
13940396,306,,
13940804,307,,
13941200,308,,
13941600,306,,
13941996,306,,
13942400,308,,
13942796,304,,
13943200,305,,
13943596,305,,
13944000,306,,
13944400,310,,
13944800,309,,
13945196,306,,
13945600,307,,
13945996,307,,
13946396,306,,
13946796,307,,
13947200,310,,
13947596,306,,
13948000,309,,
13948400,307,,
13948800,307,,
13949196,306,,
13949600,306,,
13949996,308,,
13950400,306,,
13950796,307,,
13951200,309,,
13951600,305,,
13952000,307,,
13952396,309,,
13952796,309,,
13953200,308,,
13953596,307,,
13953996,308,,
13954400,305,,
13954800,307,,
13955196,308,,
13955596,307,,
13956000,307,,
13956396,306,,
13956796,308,,
13957200,307,,
13957600,306,,
13957996,307,,
13958400,308,,
13958800,308,,
13959196,310,,
13959596,305,,
13960000,306,,
13960396,310,,
13960796,310,,
13961196,309,,
13961600,307,,
13961996,306,,
13962400,309,,
13962800,307,,
13963200,309,,
13963596,307,,
13964000,308,,
13964396,308,,
13964796,308,,
13965196,309,,
13965600,310,,
13965996,306,,
13966404,307,,
13966800,307,,
13967200,306,,
13967596,309,,
13967996,309,,
13968396,308,,
13968800,308,,
13969196,307,,
13969600,310,,
13970000,309,,
13970400,307,,
13970796,307,,
13971200,308,,
13971600,309,,
13971996,309,,
13972396,308,,
13972800,308,,
13973200,308,,
13973596,309,,
13974000,308,,
13974400,308,,
13974796,308,,
13975196,308,,
13975596,309,,
13976000,308,,
13976396,309,,
13976796,308,,
13977200,307,,
13977600,310,,
13977996,308,,
13978396,309,,
13978800,307,,
13979196,308,,
13979596,309,,
13980000,309,,
13980400,310,,
13980796,309,,
13981200,310,,
13981600,310,,
13981996,308,,
13982396,307,,
13982800,309,,
13983200,308,,
13983596,309,,
13984000,307,,
13984400,309,,
13984796,308,,
13985196,308,,
13985600,310,,
13985996,307,,
13986396,308,,
13986796,307,,
13987200,308,,
13987596,308,,
13988000,306,,
13988400,308,,
13988800,307,,
13989196,309,,
13989600,307,,
13989996,307,,
13990396,309,,
13990796,308,,
13991200,308,,
13991596,309,,
13992004,308,,
13992400,308,,
13992800,308,,
13993196,307,,
13993600,307,,
13993996,308,,
13994400,308,,
13994796,307,,
13995200,308,,
13995600,307,,
13996000,309,,
13996396,308,,
13996800,309,,
13997196,308,,
13997596,309,,
13997996,310,,
13998400,309,,
13998800,308,,
13999196,308,,
13999600,309,,
14000000,309,,
14000396,309,,
14000796,309,,
14001196,308,,
14001600,307,,
14002000,307,,
14002396,307,,
14002800,308,,
14003204,308,,
14003596,308,,
14003996,308,,
14004400,308,,
14004796,308,,
14005196,308,,
14005600,308,,
14006000,308,,
14006396,308,,
14006800,307,,
14007200,307,,
14007596,306,,
14007996,306,,
14008400,306,,
14008796,306,,
14009196,305,,
14009600,304,,
14010000,306,,
14010396,305,,
14010796,306,,
14011200,306,,
14011596,306,,
14011996,307,,
14012396,308,,
14012800,307,,
14013196,307,,
14013600,307,,
14014000,307,,
14014400,307,,
14014796,307,,
14015200,307,,
14015596,307,,
14015996,307,,
14016396,307,,
14016800,308,,
14017196,307,,
14017604,307,,
14018000,307,,
14018400,306,,
14018796,308,,
14019200,307,,
14019596,306,,
14020000,307,,
14020396,307,,
14020800,308,,
14021200,307,,
14021600,307,,
14021996,309,,
14022400,308,,
14022796,308,,
14023196,308,,
14023596,307,,
14024000,307,,
14024396,307,,
14024800,308,,
14025200,307,,
14025600,307,,
14025996,306,,
14026400,307,,
14026796,306,,
14027200,307,,
14027596,307,,
14028000,307,,
14028400,307,,
14028800,306,,
14029196,307,,
14029596,307,,
14030000,308,,
14030396,307,,
14030796,307,,
14031200,306,,
14031600,307,,
14031996,306,,
14032400,307,,
14032800,307,,
14033196,308,,
14033596,307,,
14034000,307,,
14034396,307,,
14034796,306,,
14035200,306,,
14035600,306,,
14035996,306,,
14036400,307,,
14036800,307,,
14037196,306,,
14037596,306,,
14038000,307,,
14038396,308,,
14038796,307,,
14039200,306,,
14039600,307,,
14039996,307,,
14040396,308,,
14040800,307,,
14041196,307,,
14041596,307,,
14041996,307,,
14042400,306,,
14042796,307,,
14043204,308,,
14043600,307,,
14044000,308,,
14044396,307,,
14044800,308,,
14045196,308,,
14045600,308,,
14045996,307,,
14046400,308,,
14046800,308,,
14047200,308,,
14047596,309,,
14048000,308,,
14048396,308,,
14048796,309,,
14049196,308,,
14049600,309,,
14049996,309,,
14050396,308,,
14050800,309,,
14051200,309,,
14051596,309,,
14051996,309,,
14052396,309,,
14052800,308,,
14053196,309,,
14053596,308,,
14054000,308,,
14054400,309,,
14054796,308,,
14055196,309,,
14055600,307,,
14055996,308,,
14056396,307,,
14056800,307,,
14057200,308,,
14057596,308,,
14058000,308,,
14058400,307,,
14058796,307,,
14059196,307,,
14059600,308,,
14059996,308,,
14060396,307,,
14060800,309,,
14061200,307,,
14061596,309,,
14061996,308,,
14062400,308,,
14062796,308,,
14063196,309,,
14063596,308,,
14064000,308,,
14064396,308,,
14064800,307,,
14065200,308,,
14065600,308,,
14065996,308,,
14066400,307,,
14066796,308,,
14067196,307,,
14067596,308,,
14068000,308,,
14068396,308,,
14068804,309,,
14069200,308,,
14069600,308,,
14069996,309,,
14070400,309,,
14070796,309,,
14071200,308,,
14071596,309,,
14072000,309,,
14072400,308,,
14072800,309,,
14073196,308,,
14073600,308,,
14073996,310,,
14074396,309,,
14074796,308,,
14075200,309,,
14075596,308,,
14076000,309,,
14076400,308,,
14076800,308,,
14077196,309,,
14077600,307,,
14077996,307,,
14078400,307,,
14078796,306,,
14079200,308,,
14079600,307,,
14080000,307,,
14080396,308,,
14080796,307,,
14081200,307,,
14081596,308,,
14081996,307,,
14082400,308,,
14082800,308,,
14083196,308,,
14083596,308,,
14084000,307,,
14084396,308,,
14084796,307,,
14085200,308,,
14085600,308,,
14085996,308,,
14086400,307,,
14086800,308,,
14087196,307,,
14087596,308,,
14088000,308,,
14088396,307,,
14088796,308,,
14089196,308,,
14089600,308,,
14089996,309,,
14090400,308,,
14090800,309,,
14091200,307,,
14091596,308,,
14092000,307,,
14092396,307,,
14092796,309,,
14093196,308,,
14093600,309,,
14093996,308,,
14094404,308,,
14094800,308,,
14095200,307,,
14095596,309,,
14095996,307,,
14096396,307,,
14096800,307,,
14097196,307,,
14097600,307,,
14098000,308,,
14098400,308,,
14098796,308,,
14099200,308,,
14099600,308,,
14099996,308,,
14100396,307,,
14100800,308,,
14101200,308,,
14101596,308,,
14102000,307,,
14102400,307,,
14102796,307,,
14103196,308,,
14103596,307,,
14104000,308,,
14104396,308,,
14104796,307,,
14105200,307,,
14105600,308,,
14105996,308,,
14106396,309,,
14106800,309,,
14107196,308,,
14107596,309,,
14108000,308,,
14108400,307,,
14108796,307,,
14109200,308,,
14109600,309,,
14109996,308,,
14110396,308,,
14110800,308,,
14111200,308,,
14111596,308,,
14112000,308,,
14112400,307,,
14112796,307,,
14113196,308,,
14113600,307,,
14113996,308,,
14114396,307,,
14114796,308,,
14115200,308,,
14115596,308,,
14116000,307,,
14116400,309,,
14116800,307,,
14117196,308,,
14117600,309,,
14117996,307,,
14118396,308,,
14118796,307,,
14119200,309,,
14119596,308,,
14120004,309,,
14120400,308,,
14120800,307,,
14121196,307,,
14121600,307,,
14121996,306,,
14122400,306,,
14122796,307,,
14123200,307,,
14123600,307,,
14124000,306,,
14124396,307,,
14124800,306,,
14125196,307,,
14125596,307,,
14125996,306,,
14126400,307,,
14126800,307,,
14127196,307,,
14127600,307,,
14128000,307,,
14128396,307,,
14128796,307,,
14129196,306,,
14129600,307,,
14130000,307,,
14130396,307,,
14130800,306,,
14131204,308,,
14131596,308,,
14131996,308,,
14132400,307,,
14132796,308,,
14133196,308,,
14133600,308,,
14134000,308,,
14134396,307,,
14134800,307,,
14135200,307,,
14135596,307,,
14135996,307,,
14136400,307,,
14136796,307,,
14137196,307,,
14137600,308,,
14138000,307,,
14138396,306,,
14138796,306,,
14139200,307,,
14139596,308,,
14139996,308,,
14140396,308,,
14140800,308,,
14141196,307,,
14141600,308,,
14142000,308,,
14142400,308,,
14142796,308,,
14143200,307,,
14143596,307,,
14143996,307,,
14144396,308,,
14144800,307,,
14145196,307,,
14145604,308,,
14146000,307,,
14146400,306,,
14146796,307,,
14147200,307,,
14147596,306,,
14148000,306,,
14148396,306,,
14148800,308,,
14149200,306,,
14149600,307,,
14149996,307,,
14150400,307,,
14150796,307,,
14151196,306,,
14151596,307,,
14152000,306,,
14152396,307,,
14152800,307,,
14153200,307,,
14153600,307,,
14153996,306,,
14154400,306,,
14154796,305,,
14155200,305,,
14155596,306,,
14156000,306,,
14156400,307,,
14156800,306,,
14157196,306,,
14157596,306,,
14158000,306,,
14158396,306,,
14158796,305,,
14159200,306,,
14159600,307,,
14159996,306,,
14160400,306,,
14160800,307,,
14161196,307,,
14161596,307,,
14162000,307,,
14162396,308,,
14162796,307,,
14163200,306,,
14163600,307,,
14163996,308,,
14164400,307,,
14164800,307,,
14165196,307,,
14165596,306,,
14166000,306,,
14166396,307,,
14166796,307,,
14167200,307,,
14167600,308,,
14167996,308,,
14168396,307,,
14168800,308,,
14169196,307,,
14169596,307,,
14169996,308,,
14170400,306,,
14170796,307,,
14171204,307,,
14171600,308,,
14172000,308,,
14172396,307,,
14172800,307,,
14173196,307,,
14173600,307,,
14173996,307,,
14174400,307,,
14174800,307,,
14175200,307,,
14175596,307,,
14176000,307,,
14176396,307,,
14176796,306,,
14177196,306,,
14177600,306,,
14177996,306,,
14178396,306,,
14178800,306,,
14179200,306,,
14179596,307,,
14179996,306,,
14180396,306,,
14180800,306,,
14181196,306,,
14181596,307,,
14182000,306,,
14182400,307,,
14182796,307,,
14183196,308,,
14183600,308,,
14183996,307,,
14184396,308,,
14184800,306,,
14185200,308,,
14185596,307,,
14186000,308,,
14186400,308,,
14186796,308,,
14187196,307,,
14187600,307,,
14187996,308,,
14188396,307,,
14188800,308,,
14189200,307,,
14189596,309,,
14189996,307,,
14190400,307,,
14190796,308,,
14191196,307,,
14191596,307,,
14192000,307,,
14192396,308,,
14192800,307,,
14193200,308,,
14193600,308,,
14193996,308,,
14194400,308,,
14194796,308,,
14195196,308,,
14195596,306,,
14196000,307,,
14196396,307,,
14196804,307,,
14197200,308,,
14197600,307,,
14197996,307,,
14198400,306,,
14198796,307,,
14199200,307,,
14199596,307,,
14200000,307,,
14200400,306,,
14200800,307,,
14201196,306,,
14201600,306,,
14201996,306,,
14202396,306,,
14202796,306,,
14203200,306,,
14203596,306,,
14204000,306,,
14204400,306,,
14204800,307,,
14205196,307,,
14205600,307,,
14205996,307,,
14206400,307,,
14206796,307,,
14207200,306,,
14207600,306,,
14208000,306,,
14208396,306,,
14208796,306,,
14209200,306,,
14209596,306,,
14209996,306,,
14210400,307,,
14210800,307,,
14211196,307,,
14211596,307,,
14212000,307,,
14212396,306,,
14212796,306,,
14213200,306,,
14213600,306,,
14213996,306,,
14214400,306,,
14214800,306,,
14215196,307,,
14215596,308,,
14216000,307,,
14216396,307,,
14216796,307,,
14217196,306,,
14217600,306,,
14217996,306,,
14218400,307,,
14218800,307,,
14219200,307,,
14219596,307,,
14220000,307,,
14220396,307,,
14220796,307,,
14221196,306,,
14221600,307,,
14221996,307,,
14222404,307,,
14222800,307,,
14223200,306,,
14223596,307,,
14223996,306,,
14224396,307,,
14224800,307,,
14225196,307,,
14225600,307,,
14226000,307,,
14226400,307,,
14226796,306,,
14227200,306,,
14227600,306,,
14227996,307,,
14228396,306,,
14228800,307,,
14229200,306,,
14229596,307,,
14230000,306,,
14230400,307,,
14230796,307,,
14231196,306,,
14231596,306,,
14232000,307,,
14232396,307,,
14232796,306,,
14233200,307,,
14233600,307,,
14233996,307,,
14234396,307,,
14234800,307,,
14235196,307,,
14235596,308,,
14236000,308,,
14236400,307,,
14236796,306,,
14237200,307,,
14237600,308,,
14237996,308,,
14238396,307,,
14238800,308,,
14239200,308,,
14239596,307,,
14240000,307,,
14240400,307,,
14240796,307,,
14241196,306,,
14241600,307,,
14241996,307,,
14242396,306,,
14242796,306,,
14243200,307,,
14243596,307,,
14244000,307,,
14244400,306,,
14244800,307,,
14245196,306,,
14245600,305,,
14245996,306,,
14246396,307,,
14246796,306,,
14247200,306,,
14247596,306,,
14248004,306,,
14248400,306,,
14248800,306,,
14249196,305,,
14249600,305,,
14249996,306,,
14250400,306,,
14250796,306,,
14251200,306,,
14251600,306,,
14252000,306,,
14252396,306,,
14252800,307,,
14253196,306,,
14253596,308,,
14253996,306,,
14254400,305,,
14254800,306,,
14255196,307,,
14255600,306,,
14256000,306,,
14256396,306,,
14256796,306,,
14257196,306,,
14257600,307,,
14258000,307,,
14258396,307,,
14258800,307,,
14259204,307,,
14259596,307,,
14259996,308,,
14260400,307,,
14260796,308,,
14261196,307,,
14261600,308,,
14262000,308,,
14262396,308,,
14262800,308,,
14263200,308,,
14263596,308,,
14263996,307,,
14264400,308,,
14264796,307,,
14265196,307,,
14265600,308,,
14266000,307,,
14266396,308,,
14266796,308,,
14267200,309,,
14267596,308,,
14267996,308,,
14268396,308,,
14268800,308,,
14269196,307,,
14269600,307,,
14270000,307,,
14270400,307,,
14270796,308,,
14271200,307,,
14271596,309,,
14271996,307,,
14272396,308,,
14272800,307,,
14273196,307,,
14273604,308,,
14274000,306,,
14274400,308,,
14274796,307,,
14275200,308,,
14275596,307,,
14276000,308,,
14276396,307,,
14276800,309,,
14277200,308,,
14277600,307,,
14277996,308,,
14278400,306,,
14278796,307,,
14279196,306,,
14279596,307,,
14280000,308,,
14280396,307,,
14280800,308,,
14281200,306,,
14281600,307,,
14281996,306,,
14282400,307,,
14282796,308,,
14283200,307,,
14283596,307,,
14284000,307,,
14284400,307,,
14284800,307,,
14285196,307,,
14285596,307,,
14286000,307,,
14286396,307,,
14286796,307,,
14287200,307,,
14287600,308,,
14287996,307,,
14288400,308,,
14288800,306,,
14289196,308,,
14289596,307,,
14290000,308,,
14290396,308,,
14290796,307,,
14291200,308,,
14291600,308,,
14291996,307,,
14292400,308,,
14292800,306,,
14293196,307,,
14293596,307,,
14294000,307,,
14294396,307,,
14294796,306,,
14295200,306,,
14295600,306,,
14295996,306,,
14296396,307,,
14296800,306,,
14297196,306,,
14297596,306,,
14297996,305,,
14298400,306,,
14298796,305,,
14299204,307,,
14299600,305,,
14300000,306,,
14300396,306,,
14300800,306,,
14301196,306,,
14301600,307,,
14301996,307,,
14302400,307,,
14302800,307,,
14303200,307,,
14303596,307,,
14304000,307,,
14304396,307,,
14304796,308,,
14305196,307,,
14305600,309,,
14305996,308,,
14306396,307,,
14306800,309,,
14307200,308,,
14307596,309,,
14307996,308,,
14308396,309,,
14308800,309,,
14309196,308,,
14309596,308,,
14310000,309,,
14310400,308,,
14310796,307,,
14311196,307,,
14311600,307,,
14311996,306,,
14312396,307,,
14312800,307,,
14313200,308,,
14313596,307,,
14314000,308,,
14314400,307,,
14314796,307,,
14315196,308,,
14315600,307,,
14315996,308,,
14316396,307,,
14316800,307,,
14317200,307,,
14317596,307,,
14317996,307,,
14318400,307,,
14318796,307,,
14319196,307,,
14319596,307,,
14320000,307,,
14320396,307,,
14320800,306,,
14321200,307,,
14321600,308,,
14321996,307,,
14322400,307,,
14322796,307,,
14323196,306,,
14323596,306,,
14324000,307,,
14324396,306,,
14324804,307,,
14325200,306,,
14325600,307,,
14325996,306,,
14326400,307,,
14326796,306,,
14327200,307,,
14327596,308,,
14328000,307,,
14328400,307,,
14328800,307,,
14329196,308,,
14329600,307,,
14329996,308,,
14330396,308,,
14330796,307,,
14331200,307,,
14331596,309,,
14332000,307,,
14332400,307,,
14332800,308,,
14333196,307,,
14333600,307,,
14333996,308,,
14334400,307,,
14334796,307,,
14335200,307,,
14335600,306,,
14336000,309,,
14336396,308,,
14336796,307,,
14337200,308,,
14337596,308,,
14337996,308,,
14338400,307,,
14338800,308,,
14339196,308,,
14339596,308,,
14340000,308,,
14340396,307,,
14340796,307,,
14341200,308,,
14341600,307,,
14341996,307,,
14342400,307,,
14342800,307,,
14343196,306,,
14343596,306,,
14344000,307,,
14344396,307,,
14344796,307,,
14345196,307,,
14345600,308,,
14345996,308,,
14346400,307,,
14346800,306,,
14347200,305,,
14347596,306,,
14348000,306,,
14348396,306,,
14348796,307,,
14349196,307,,
14349600,306,,
14349996,307,,
14350404,308,,
14350800,307,,
14351200,308,,
14351596,309,,
14351996,307,,
14352396,306,,
14352800,308,,
14353196,307,,
14353600,307,,
14354000,306,,
14354400,307,,
14354796,306,,
14355200,306,,
14355600,307,,
14355996,306,,
14356396,306,,
14356800,307,,
14357200,306,,
14357596,306,,
14358000,307,,
14358400,307,,
14358796,306,,
14359196,306,,
14359596,306,,
14360000,307,,
14360396,308,,
14360796,307,,
14361200,307,,
14361600,308,,
14361996,308,,
14362396,308,,
14362800,308,,
14363196,307,,
14363596,308,,
14364000,307,,
14364400,307,,
14364796,307,,
14365200,307,,
14365600,307,,
14365996,308,,
14366396,307,,
14366800,306,,
14367200,307,,
14367596,307,,
14368000,306,,
14368400,306,,
14368796,307,,
14369196,306,,
14369600,306,,
14369996,306,,
14370396,308,,
14370796,307,,
14371200,307,,
14371596,307,,
14372000,308,,
14372400,307,,
14372800,307,,
14373196,307,,
14373600,307,,
14373996,306,,
14374396,307,,
14374796,307,,
14375200,306,,
14375596,307,,
14376004,307,,
14376400,307,,
14376800,308,,
14377196,308,,
14377600,308,,
14377996,308,,
14378400,308,,
14378796,308,,
14379200,308,,
14379600,307,,
14380000,308,,
14380396,308,,
14380800,308,,
14381196,308,,
14381596,309,,
14381996,309,,
14382400,310,,
14382800,310,,
14383196,308,,
14383600,309,,
14384000,309,,
14384396,309,,
14384796,308,,
14385196,309,,
14385600,309,,
14386000,308,,
14386396,309,,
14386800,308,,
14387204,309,,
14387596,308,,
14387996,308,,
14388400,309,,
14388796,307,,
14389196,309,,
14389600,308,,
14390000,308,,
14390396,309,,
14390800,308,,
14391200,309,,
14391596,307,,
14391996,308,,
14392400,309,,
14392796,308,,
14393196,309,,
14393600,308,,
14394000,308,,
14394396,308,,
14394796,307,,
14395200,308,,
14395596,307,,
14395996,307,,
14396396,309,,
14396800,308,,
14397196,308,,
14397600,308,,
14398000,309,,
14398400,308,,
14398796,309,,
14399200,308,,
14399596,308,,
14399996,308,,
14400396,307,,
14400800,308,,
14401196,308,,
14401604,308,,
14402000,308,,
14402400,308,,
14402796,308,,
14403200,308,,
14403596,307,,
14404000,308,,
14404396,307,,
14404800,308,,
14405200,307,,
14405600,307,,
14405996,307,,
14406400,308,,
14406796,306,,
14407196,307,,
14407596,306,,
14408000,307,,
14408396,307,,
14408800,307,,
14409200,307,,
14409600,307,,
14409996,308,,
14410400,307,,
14410796,307,,
14411200,306,,
14411596,305,,
14412000,306,,
14412400,305,,
14412800,305,,
14413196,306,,
14413596,306,,
14414000,308,,
14414396,307,,
14414796,307,,
14415200,307,,
14415600,305,,
14415996,305,,
14416400,306,,
14416800,305,,
14417196,307,,
14417596,306,,
14418000,308,,
14418396,308,,
14418796,307,,
14419200,308,,
14419600,307,,
14419996,307,,
14420400,307,,
14420800,307,,
14421196,306,,
14421596,306,,
14422000,305,,
14422396,305,,
14422796,304,,
14423200,305,,
14423600,306,,
14423996,306,,
14424396,306,,
14424800,307,,
14425196,307,,
14425596,307,,
14425996,306,,
14426400,306,,
14426796,306,,
14427204,306,,
14427600,305,,
14428000,306,,
14428396,307,,
14428800,308,,
14429196,307,,
14429600,307,,
14429996,307,,
14430400,307,,
14430800,306,,
14431200,306,,
14431596,306,,
14432000,307,,
14432396,306,,
14432796,306,,
14433196,307,,
14433600,307,,
14433996,307,,
14434396,306,,
14434800,306,,
14435200,307,,
14435596,305,,
14435996,306,,
14436396,307,,
14436800,305,,
14437196,305,,
14437596,306,,
14438000,305,,
14438400,305,,
14438796,306,,
14439196,306,,
14439600,305,,
14439996,306,,
14440396,308,,
14440800,306,,
14441200,307,,
14441596,306,,
14442000,308,,
14442400,308,,
14442796,307,,
14443196,306,,
14443600,306,,
14443996,307,,
14444396,307,,
14444800,307,,
14445200,307,,
14445596,307,,
14445996,307,,
14446400,306,,
14446796,307,,
14447196,307,,
14447596,306,,
14448000,307,,
14448396,307,,
14448800,307,,
14449200,307,,
14449600,307,,
14449996,308,,
14450400,308,,
14450796,309,,
14451196,308,,
14451596,308,,
14452000,308,,
14452396,308,,
14452804,309,,
14453200,308,,
14453600,308,,
14453996,307,,
14454400,307,,
14454796,308,,
14455200,307,,
14455596,308,,
14456000,308,,
14456400,309,,
14456800,308,,
14457196,308,,
14457600,307,,
14457996,306,,
14458396,308,,
14458796,307,,
14459200,307,,
14459596,307,,
14460000,308,,
14460400,307,,
14460800,307,,
14461196,308,,
14461600,307,,
14461996,307,,
14462400,308,,
14462796,306,,
14463200,307,,
14463600,307,,
14464000,308,,
14464396,307,,
14464796,308,,
14465200,308,,
14465596,308,,
14465996,308,,
14466400,308,,
14466800,309,,
14467196,308,,
14467596,308,,
14468000,309,,
14468396,308,,
14468796,307,,
14469200,308,,
14469600,308,,
14469996,307,,
14470400,308,,
14470800,308,,
14471196,308,,
14471596,308,,
14472000,307,,
14472396,308,,
14472796,307,,
14473196,307,,
14473600,307,,
14473996,307,,
14474400,306,,
14474800,307,,
14475200,307,,
14475596,308,,
14476000,307,,
14476396,308,,
14476796,309,,
14477196,308,,
14477600,308,,
14477996,308,,
14478404,307,,
14478800,308,,
14479200,308,,
14479596,308,,
14479996,308,,
14480396,307,,
14480800,308,,
14481196,308,,
14481600,308,,
14482000,308,,
14482400,308,,
14482796,306,,
14483200,307,,
14483600,307,,
14483996,306,,
14484396,307,,
14484800,307,,
14485200,306,,
14485596,307,,
14486000,306,,
14486400,308,,
14486796,307,,
14487196,307,,
14487596,308,,
14488000,307,,
14488396,307,,
14488796,308,,
14489200,307,,
14489600,307,,
14489996,307,,
14490396,308,,
14490800,307,,
14491196,307,,
14491596,308,,
14492000,309,,
14492400,307,,
14492796,308,,
14493200,308,,
14493600,308,,
14493996,307,,
14494396,307,,
14494800,308,,
14495200,307,,
14495596,308,,
14496000,305,,
14496400,307,,
14496796,307,,
14497196,306,,
14497600,307,,
14497996,306,,
14498396,307,,
14498796,307,,
14499200,306,,
14499596,306,,
14500000,307,,
14500400,307,,
14500800,306,,
14501196,307,,
14501600,307,,
14501996,307,,
14502396,308,,
14502796,308,,
14503200,308,,
14503596,307,,
14504004,308,,
14504400,307,,
14504800,306,,
14505196,307,,
14505600,307,,
14505996,307,,
14506400,307,,
14506796,306,,
14507200,306,,
14507600,307,,
14508000,306,,
14508396,307,,
14508800,307,,
14509196,306,,
14509596,306,,
14509996,305,,
14510400,305,,
14510800,306,,
14511196,305,,
14511600,305,,
14512000,306,,
14512396,306,,
14512796,305,,
14513196,307,,
14513600,308,,
14514000,307,,
14514396,306,,
14514800,306,,
14515204,306,,
14515596,305,,
14515996,305,,
14516400,306,,
14516796,306,,
14517196,307,,
14517600,307,,
14518000,307,,
14518396,306,,
14518800,306,,
14519200,306,,
14519596,307,,
14519996,307,,
14520400,307,,
14520796,307,,
14521196,307,,
14521600,306,,
14522000,306,,
14522396,306,,
14522796,305,,
14523200,305,,
14523596,305,,
14523996,305,,
14524396,306,,
14524800,307,,
14525196,307,,
14525600,306,,
14526000,307,,
14526400,307,,
14526796,307,,
14527200,306,,
14527596,306,,
14527996,306,,
14528396,306,,
14528800,307,,
14529196,308,,
14529604,308,,
14530000,308,,
14530400,308,,
14530796,307,,
14531200,307,,
14531596,307,,
14532000,307,,
14532396,307,,
14532800,308,,
14533200,308,,
14533600,307,,
14533996,307,,
14534400,306,,
14534796,306,,
14535196,307,,
14535596,308,,
14536000,307,,
14536396,307,,
14536800,306,,
14537200,307,,
14537600,306,,
14537996,306,,
14538400,307,,
14538796,306,,
14539200,306,,
14539596,306,,
14540000,306,,
14540400,307,,
14540800,307,,
14541196,307,,
14541596,307,,
14542000,306,,
14542396,306,,
14542796,306,,
14543200,306,,
14543600,307,,
14543996,307,,
14544400,307,,
14544800,307,,
14545196,306,,
14545596,306,,
14546000,307,,
14546396,306,,
14546796,306,,
14547200,306,,
14547600,307,,
14547996,306,,
14548400,305,,
14548800,306,,
14549196,306,,
14549596,307,,
14550000,307,,
14550396,307,,
14550796,306,,
14551200,306,,
14551600,307,,
14551996,306,,
14552396,305,,
14552800,306,,
14553196,306,,
14553596,306,,
14553996,305,,
14554400,306,,
14554796,307,,
14555204,306,,
14555600,306,,
14556000,306,,
14556396,307,,
14556800,305,,
14557196,305,,
14557600,306,,
14557996,305,,
14558400,306,,
14558800,305,,
14559200,305,,
14559596,305,,
14560000,305,,
14560396,306,,
14560796,306,,
14561196,306,,
14561600,306,,
14561996,307,,
14562396,306,,
14562800,306,,
14563200,306,,
14563596,306,,
14563996,307,,
14564396,306,,
14564800,306,,
14565196,305,,
14565596,306,,
14566000,306,,
14566400,306,,
14566796,307,,
14567196,307,,
14567600,306,,
14567996,305,,
14568396,307,,
14568800,306,,
14569200,306,,
14569596,307,,
14570000,308,,
14570400,306,,
14570796,307,,
14571196,307,,
14571600,308,,
14571996,307,,
14572396,308,,
14572800,307,,
14573200,306,,
14573596,307,,
14573996,307,,
14574400,307,,
14574796,306,,
14575196,308,,
14575596,307,,
14576000,307,,
14576396,307,,
14576800,306,,
14577200,308,,
14577600,307,,
14577996,307,,
14578400,307,,
14578796,307,,
14579196,306,,
14579596,307,,
14580000,307,,
14580396,306,,
14580804,306,,
14581200,306,,
14581600,307,,
14581996,307,,
14582400,307,,
14582796,307,,
14583200,307,,
14583596,307,,
14584000,307,,
14584400,307,,
14584800,306,,
14585196,307,,
14585600,307,,
14585996,307,,
14586396,308,,
14586796,307,,
14587200,307,,
14587596,307,,
14588000,306,,
14588400,307,,
14588800,308,,
14589196,307,,
14589600,308,,
14589996,306,,
14590400,307,,
14590796,308,,
14591200,308,,
14591600,308,,
14592000,307,,
14592396,309,,
14592796,308,,
14593200,308,,
14593596,308,,
14593996,308,,
14594400,309,,
14594800,308,,
14595196,308,,
14595596,308,,
14596000,308,,
14596396,307,,
14596796,308,,
14597200,308,,
14597600,307,,
14597996,308,,
14598400,308,,
14598800,307,,
14599196,307,,
14599596,307,,
14600000,307,,
14600396,307,,
14600796,307,,
14601196,307,,
14601600,306,,
14601996,307,,
14602400,306,,
14602800,307,,
14603200,306,,
14603596,307,,
14604000,307,,
14604396,306,,
14604796,307,,
14605196,307,,
14605600,308,,
14605996,307,,
14606404,308,,
14606800,307,,
14607200,307,,
14607596,307,,
14607996,307,,
14608396,308,,
14608800,308,,
14609196,308,,
14609600,309,,
14610000,308,,
14610400,308,,
14610796,308,,
14611200,308,,
14611600,308,,
14611996,307,,
14612396,307,,
14612800,307,,
14613200,307,,
14613596,307,,
14614000,307,,
14614400,306,,
14614796,306,,
14615196,306,,
14615596,307,,
14616000,306,,
14616396,307,,
14616796,306,,
14617200,307,,
14617600,307,,
14617996,308,,
14618396,307,,
14618800,307,,
14619196,307,,
14619596,307,,
14620000,306,,
14620400,307,,
14620796,308,,
14621200,308,,
14621600,308,,
14621996,309,,
14622396,308,,
14622800,308,,
14623200,308,,
14623596,308,,
14624000,307,,
14624400,307,,
14624796,308,,
14625196,307,,
14625600,307,,
14625996,307,,
14626396,307,,
14626796,307,,
14627200,307,,
14627596,306,,
14628000,305,,
14628400,305,,
14628800,304,,
14629196,305,,
14629600,307,,
14629996,306,,
14630396,306,,
14630796,307,,
14631200,306,,
14631596,305,,
14632004,306,,
14632400,307,,
14632800,306,,
14633196,306,,
14633600,306,,
14633996,305,,
14634400,306,,
14634796,306,,
14635200,307,,
14635600,307,,
14636000,307,,
14636396,308,,
14636800,307,,
14637196,307,,
14637596,307,,
14637996,308,,
14638400,307,,
14638800,308,,
14639196,307,,
14639600,307,,
14640000,308,,
14640396,308,,
14640796,308,,
14641196,307,,
14641600,308,,
14642000,307,,
14642396,308,,
14642800,307,,
14643204,307,,
14643596,308,,
14643996,307,,
14644400,307,,
14644796,306,,
14645196,307,,
14645600,306,,
14646000,306,,
14646396,306,,
14646800,307,,
14647200,306,,
14647596,305,,
14647996,307,,
14648400,306,,
14648796,306,,
14649196,306,,
14649600,306,,
14650000,306,,
14650396,306,,
14650796,306,,
14651200,306,,
14651596,307,,
14651996,308,,
14652396,308,,
14652800,308,,
14653196,307,,
14653600,308,,
14654000,307,,
14654400,308,,
14654796,308,,
14655200,308,,
14655596,307,,
14655996,307,,
14656396,307,,
14656800,308,,
14657196,309,,
14657604,308,,
14658000,307,,
14658400,307,,
14658796,308,,
14659200,308,,
14659596,308,,
14660000,309,,
14660396,308,,
14660800,308,,
14661200,309,,
14661600,308,,
14661996,308,,
14662400,310,,
14662796,309,,
14663196,310,,
14663596,309,,
14664000,309,,
14664396,308,,
14664800,309,,
14665200,307,,
14665600,309,,
14665996,308,,
14666400,310,,
14666796,308,,
14667200,308,,
14667596,309,,
14668000,308,,
14668400,309,,
14668800,309,,
14669196,309,,
14669596,309,,
14670000,308,,
14670396,309,,
14670796,309,,
14671200,308,,
14671600,309,,
14671996,309,,
14672400,309,,
14672800,309,,
14673196,309,,
14673596,309,,
14674000,309,,
14674396,309,,
14674796,308,,
14675200,309,,
14675600,308,,
14675996,309,,
14676400,309,,
14676800,309,,
14677196,308,,
14677596,308,,
14678000,310,,
14678396,309,,
14678796,309,,
14679200,309,,
14679600,308,,
14679996,309,,
14680396,308,,
14680800,309,,
14681196,308,,
14681596,309,,
14681996,308,,
14682400,308,,
14682796,307,,
14683204,309,,
14683600,309,,
14684000,308,,
14684396,309,,
14684800,308,,
14685196,308,,
14685600,308,,
14685996,308,,
14686400,307,,
14686800,308,,
14687200,307,,
14687596,307,,
14688000,306,,
14688396,308,,
14688796,306,,
14689196,307,,
14689600,308,,
14689996,308,,
14690396,308,,
14690800,308,,
14691200,307,,
14691596,308,,
14691996,307,,
14692396,307,,
14692800,308,,
14693196,307,,
14693596,307,,
14694000,307,,
14694400,308,,
14694796,307,,
14695196,307,,
14695600,307,,
14695996,307,,
14696396,307,,
14696800,306,,
14697200,307,,
14697596,306,,
14698000,306,,
14698400,307,,
14698796,307,,
14699196,306,,
14699600,307,,
14699996,307,,
14700396,306,,
14700800,307,,
14701200,307,,
14701596,307,,
14701996,305,,
14702400,307,,
14702796,306,,
14703196,306,,
14703596,306,,
14704000,307,,
14704396,307,,
14704800,307,,
14705200,307,,
14705600,307,,
14705996,305,,
14706400,307,,
14706796,307,,
14707196,307,,
14707596,307,,
14708000,305,,
14708396,307,,
14708804,306,,
14709200,307,,
14709600,307,,
14709996,307,,
14710400,308,,
14710796,307,,
14711200,308,,
14711596,308,,
14712000,308,,
14712400,307,,
14712800,308,,
14713196,308,,
14713600,308,,
14713996,306,,
14714396,308,,
14714796,308,,
14715200,307,,
14715596,307,,
14716000,306,,
14716400,307,,
14716800,306,,
14717196,306,,
14717600,306,,
14717996,307,,
14718400,306,,
14718796,306,,
14719200,306,,
14719600,306,,
14720000,306,,
14720396,306,,
14720796,307,,
14721200,306,,
14721596,305,,
14721996,306,,
14722400,306,,
14722800,306,,
14723196,307,,
14723596,307,,
14724000,306,,
14724396,306,,
14724796,305,,
14725200,307,,
14725600,306,,
14725996,307,,
14726400,307,,
14726800,307,,
14727196,307,,
14727596,307,,
14728000,306,,
14728396,306,,
14728796,306,,
14729196,306,,
14729600,307,,
14729996,307,,
14730400,307,,
14730800,307,,
14731200,308,,
14731596,307,,
14732000,307,,
14732396,306,,
14732796,306,,
14733196,306,,
14733600,306,,
14733996,306,,
14734404,307,,
14734800,306,,
14735200,306,,
14735596,306,,
14735996,306,,
14736396,306,,
14736800,306,,
14737196,306,,
14737600,307,,
14738000,306,,
14738400,307,,
14738796,307,,
14739200,307,,
14739600,308,,
14739996,307,,
14740396,308,,
14740800,308,,
14741200,307,,
14741596,308,,
14742000,308,,
14742400,309,,
14742796,309,,
14743196,309,,
14743596,309,,
14744000,308,,
14744396,308,,
14744796,307,,
14745200,308,,
14745600,308,,
14745996,307,,
14746396,307,,
14746800,307,,
14747196,307,,
14747596,307,,
14748000,307,,
14748400,307,,
14748796,307,,
14749200,307,,
14749600,307,,
14749996,307,,
14750396,307,,
14750800,309,,
14751200,307,,
14751596,307,,
14752000,308,,
14752400,308,,
14752796,308,,
14753196,308,,
14753600,309,,
14753996,308,,
14754396,308,,
14754796,307,,
14755200,307,,
14755596,309,,
14756000,308,,
14756400,308,,
14756800,307,,
14757196,308,,
14757600,309,,
14757996,307,,
14758396,308,,
14758796,309,,
14759200,308,,
14759596,307,,
14760004,309,,
14760400,308,,
14760800,307,,
14761196,307,,
14761600,308,,
14761996,308,,
14762400,308,,
14762796,307,,
14763200,309,,
14763600,308,,
14764000,307,,
14764396,308,,
14764800,308,,
14765196,307,,
14765596,308,,
14765996,308,,
14766400,308,,
14766800,310,,
14767196,306,,
14767600,307,,
14768000,309,,
14768396,307,,
14768796,307,,
14769196,308,,
14769600,308,,
14770000,307,,
14770396,308,,
14770800,307,,
14771204,307,,
14771596,308,,
14771996,306,,
14772400,306,,
14772796,308,,
14773196,308,,
14773600,308,,
14774000,307,,
14774396,308,,
14774800,309,,
14775200,308,,
14775596,307,,
14775996,308,,
14776400,308,,
14776796,307,,
14777196,308,,
14777600,307,,
14778000,309,,
14778396,307,,
14778796,307,,
14779200,308,,
14779596,308,,
14779996,308,,
14780396,308,,
14780800,308,,
14781196,308,,
14781600,308,,
14782000,308,,
14782400,308,,
14782796,309,,
14783200,307,,
14783596,308,,
14783996,308,,
14784396,308,,
14784800,307,,
14785196,308,,
14785604,309,,
14786000,308,,
14786400,308,,
14786796,307,,
14787200,308,,
14787596,308,,
14788000,307,,
14788396,307,,
14788800,308,,
14789200,308,,
14789600,307,,
14789996,307,,
14790400,308,,
14790796,308,,
14791196,307,,
14791596,307,,
14792000,307,,
14792396,307,,
14792800,307,,
14793200,307,,
14793600,307,,
14793996,306,,
14794400,307,,
14794796,307,,
14795200,307,,
14795596,306,,
14796000,307,,
14796400,306,,
14796800,307,,
14797196,306,,
14797596,307,,
14798000,307,,
14798396,306,,
14798796,307,,
14799200,307,,
14799600,307,,
14799996,308,,
14800400,307,,
14800800,307,,
14801196,307,,
14801596,308,,
14802000,306,,
14802396,307,,
14802796,307,,
14803200,307,,
14803600,307,,
14803996,308,,
14804400,306,,
14804800,307,,
14805196,307,,
14805596,306,,
14806000,308,,
14806396,307,,
14806796,307,,
14807200,307,,
14807600,307,,
14807996,308,,
14808396,307,,
14808800,307,,
14809196,307,,
14809596,307,,
14809996,307,,
14810400,307,,
14810796,307,,
14811204,308,,
14811600,307,,
14812000,307,,
14812396,307,,
14812800,306,,
14813196,306,,
14813600,306,,
14813996,307,,
14814400,307,,
14814800,307,,
14815200,307,,
14815596,307,,
14816000,306,,
14816396,306,,
14816796,306,,
14817196,306,,
14817600,306,,
14817996,307,,
14818396,307,,
14818800,306,,
14819200,307,,
14819596,307,,
14819996,307,,
14820396,306,,
14820800,306,,
14821196,306,,
14821596,307,,
14822000,307,,
14822400,308,,
14822796,307,,
14823196,307,,
14823600,308,,
14823996,307,,
14824396,309,,
14824800,308,,
14825200,308,,
14825596,308,,
14826000,308,,
14826400,307,,
14826796,307,,
14827196,307,,
14827600,308,,
14827996,308,,
14828396,307,,
14828800,307,,
14829200,307,,
14829596,307,,
14829996,307,,
14830400,307,,
14830796,308,,
14831196,308,,
14831596,307,,
14832000,307,,
14832396,306,,
14832800,307,,
14833200,307,,
14833600,307,,
14833996,307,,
14834400,306,,
14834796,307,,
14835196,307,,
14835596,307,,
14836000,307,,
14836396,308,,
14836804,308,,
14837200,307,,
14837600,307,,
14837996,308,,
14838400,308,,
14838796,307,,
14839200,308,,
14839596,308,,
14840000,307,,
14840400,308,,
14840800,308,,
14841196,308,,
14841600,307,,
14841996,308,,
14842396,309,,
14842796,308,,
14843200,308,,
14843596,307,,
14844000,308,,
14844400,307,,
14844800,307,,
14845196,307,,
14845600,308,,
14845996,308,,
14846400,307,,
14846796,308,,
14847200,308,,
14847600,307,,
14848000,307,,
14848396,307,,
14848796,308,,
14849200,308,,
14849596,307,,
14849996,307,,
14850400,307,,
14850800,308,,
14851196,307,,
14851596,307,,
14852000,307,,
14852396,307,,
14852796,309,,
14853200,308,,
14853600,308,,
14853996,308,,
14854400,307,,
14854800,306,,
14855196,306,,
14855596,307,,
14856000,307,,
14856396,307,,
14856796,308,,
14857196,307,,
14857600,307,,
14857996,307,,
14858400,307,,
14858800,308,,
14859200,307,,
14859596,306,,
14860000,307,,
14860396,308,,
14860796,307,,
14861196,307,,
14861600,307,,
14861996,307,,
14862404,307,,
14862800,306,,
14863200,307,,
14863596,307,,
14863996,307,,
14864396,306,,
14864800,306,,
14865196,307,,
14865600,307,,
14866000,306,,
14866400,307,,
14866796,306,,
14867200,307,,
14867600,306,,
14867996,306,,
14868396,307,,
14868800,306,,
14869200,306,,
14869596,306,,
14870000,305,,
14870400,305,,
14870796,306,,
14871196,305,,
14871596,305,,
14872000,306,,
14872396,305,,
14872796,306,,
14873200,307,,
14873600,306,,
14873996,306,,
14874396,306,,
14874800,306,,
14875196,307,,
14875596,306,,
14876000,307,,
14876400,307,,
14876796,307,,
14877200,307,,
14877600,307,,
14877996,307,,
14878396,307,,
14878800,307,,
14879200,307,,
14879596,307,,
14880000,306,,
14880400,307,,
14880796,306,,
14881196,307,,
14881600,307,,
14881996,307,,
14882396,307,,
14882796,308,,
14883200,308,,
14883596,307,,
14884000,307,,
14884400,306,,
14884800,306,,
14885196,306,,
14885600,307,,
14885996,306,,
14886396,307,,
14886796,308,,
14887200,307,,
14887596,306,,
14888004,306,,
14888400,307,,
14888800,307,,
14889196,306,,
14889600,308,,
14889996,306,,
14890400,306,,
14890796,306,,
14891200,307,,
14891600,307,,
14892000,307,,
14892396,308,,
14892800,308,,
14893196,307,,
14893596,308,,
14893996,308,,
14894400,307,,
14894800,308,,
14895196,306,,
14895600,307,,
14896000,306,,
14896396,308,,
14896796,307,,
14897196,308,,
14897600,307,,
14898000,307,,
14898396,307,,
14898800,307,,
14899204,308,,
14899596,308,,
14899996,308,,
14900400,308,,
14900796,308,,
14901196,308,,
14901600,308,,
14902000,308,,
14902396,308,,
14902800,308,,
14903200,308,,
14903596,308,,
14903996,307,,
14904400,309,,
14904796,309,,
14905196,309,,
14905600,309,,
14906000,308,,
14906396,308,,
14906796,309,,
14907200,308,,
14907596,309,,
14907996,308,,
14908396,308,,
14908800,308,,
14909196,309,,
14909600,308,,
14910000,308,,
14910400,309,,
14910796,308,,
14911200,308,,
14911596,307,,
14911996,307,,
14912396,307,,
14912800,308,,
14913196,308,,
14913604,308,,
14914000,308,,
14914400,308,,
14914796,308,,
14915200,307,,
14915596,308,,
14916000,308,,
14916396,308,,
14916800,308,,
14917200,308,,
14917600,308,,
14917996,307,,
14918400,309,,
14918796,308,,
14919196,308,,
14919596,307,,
14920000,308,,
14920396,308,,
14920800,307,,
14921200,308,,
14921600,309,,
14921996,308,,
14922400,308,,
14922796,308,,
14923200,308,,
14923596,308,,
14924000,308,,
14924400,307,,
14924800,308,,
14925196,308,,
14925596,308,,
14926000,307,,
14926396,307,,
14926796,307,,
14927200,308,,
14927600,307,,
14927996,307,,
14928400,307,,
14928800,308,,
14929196,308,,
14929596,307,,
14930000,308,,
14930396,308,,
14930796,307,,
14931200,306,,
14931600,306,,
14931996,306,,
14932400,306,,
14932800,307,,
14933196,306,,
14933596,307,,
14934000,307,,
14934396,307,,
14934796,307,,
14935200,307,,
14935600,308,,
14935996,307,,
14936396,307,,
14936800,306,,
14937196,306,,
14937596,306,,
14937996,308,,
14938400,308,,
14938796,307,,
14939204,306,,
14939600,307,,
14940000,306,,
14940396,307,,
14940800,308,,
14941196,307,,
14941600,307,,
14941996,307,,
14942400,308,,
14942800,307,,
14943200,307,,
14943596,308,,
14944000,307,,
14944396,309,,
14944796,308,,
14945196,307,,
14945600,307,,
14945996,308,,
14946396,308,,
14946800,308,,
14947200,308,,
14947596,309,,
14947996,306,,
14948396,308,,
14948800,308,,
14949196,308,,
14949596,308,,
14950000,308,,
14950400,308,,
14950796,309,,
14951196,309,,
14951600,309,,
14951996,309,,
14952396,309,,
14952800,308,,
14953200,308,,
14953596,307,,
14954000,307,,
14954400,308,,
14954796,307,,
14955196,308,,
14955600,307,,
14955996,307,,
14956396,307,,
14956800,307,,
14957200,307,,
14957596,306,,
14957996,307,,
14958400,306,,
14958796,307,,
14959196,306,,
14959596,307,,
14960000,307,,
14960396,307,,
14960800,307,,
14961200,308,,
14961600,307,,
14961996,308,,
14962400,307,,
14962796,307,,
14963196,308,,
14963596,308,,
14964000,308,,
14964396,308,,
14964804,308,,
14965200,308,,
14965600,309,,
14965996,309,,
14966400,309,,
14966796,308,,
14967200,309,,
14967596,308,,
14968000,308,,
14968400,308,,
14968800,308,,
14969196,309,,
14969600,308,,
14969996,309,,
14970396,309,,
14970796,309,,
14971200,309,,
14971596,309,,
14972000,310,,
14972400,309,,
14972800,308,,
14973196,308,,
14973600,308,,
14973996,309,,
14974400,309,,
14974796,309,,
14975200,308,,
14975600,309,,
14976000,308,,
14976396,308,,
14976796,309,,
14977200,308,,
14977596,308,,
14977996,308,,
14978400,308,,
14978800,308,,
14979196,307,,
14979596,308,,
14980000,308,,
14980396,307,,
14980796,307,,
14981200,308,,
14981600,307,,
14981996,308,,
14982400,308,,
14982800,308,,
14983196,308,,
14983596,307,,
14984000,307,,
14984396,308,,
14984796,308,,
14985196,308,,
14985600,308,,
14985996,307,,
14986400,308,,
14986800,308,,
14987200,308,,
14987596,308,,
14988000,309,,
14988396,308,,
14988796,308,,
14989196,308,,
14989600,307,,
14989996,308,,
14990404,308,,
14990800,309,,
14991200,308,,
14991596,309,,
14991996,308,,
14992396,308,,
14992800,308,,
14993196,309,,
14993600,308,,
14994000,309,,
14994400,308,,
14994796,307,,
14995200,308,,
14995600,308,,
14995996,307,,
14996396,308,,
14996800,308,,
14997200,307,,
14997596,307,,
14998000,307,,
14998400,307,,
14998796,307,,
14999196,306,,
14999596,307,,
15000000,307,,
15000396,307,,
15000796,307,,
15001200,307,,
15001600,307,,
15001996,307,,
15002396,306,,
15002800,307,,
15003196,307,,
15003596,307,,
15004000,308,,
15004400,308,,
15004796,307,,
15005200,308,,
15005600,307,,
15005996,308,,
15006396,307,,
15006800,308,,
15007200,307,,
15007596,307,,
15008000,307,,
15008400,307,,
15008796,307,,
15009196,306,,
15009600,307,,
15009996,307,,
15010396,307,,
15010796,306,,
15011200,307,,
15011596,306,,
15012000,307,,
15012400,307,,
15012800,308,,
15013196,308,,
15013600,307,,
15013996,307,,
15014396,308,,
15014796,307,,
15015200,308,,
15015596,307,,
15016004,307,,
15016400,308,,
15016800,306,,
15017196,307,,
15017600,306,,
15017996,306,,
15018400,307,,
15018796,307,,
15019200,307,,
15019600,306,,
15020000,307,,
15020396,307,,
15020800,307,,
15021196,306,,
15021596,307,,
15021996,306,,
15022400,306,,
15022800,307,,
15023196,307,,
15023600,308,,
15024000,306,,
15024396,307,,
15024796,305,,
15025196,306,,
15025600,306,,
15026000,305,,
15026396,306,,
15026800,305,,
15027204,306,,
15027596,306,,
15027996,306,,
15028400,305,,
15028796,306,,
15029196,307,,
15029600,306,,
15030000,307,,
15030396,306,,
15030800,306,,
15031200,307,,
15031596,307,,
15031996,308,,
15032400,308,,
15032796,308,,
15033196,308,,
15033600,309,,
15034000,309,,
15034396,308,,
15034796,308,,
15035200,307,,
15035596,306,,
15035996,307,,
15036396,306,,
15036800,306,,
15037196,307,,
15037600,307,,
15038000,307,,
15038400,307,,
15038796,307,,
15039200,307,,
15039596,308,,
15039996,308,,
15040396,307,,
15040800,307,,
15041196,308,,
15041604,308,,
15042000,308,,
15042400,307,,
15042796,308,,
15043200,309,,
15043596,307,,
15044000,309,,
15044396,309,,
15044800,308,,
15045200,308,,
15045600,309,,
15045996,308,,
15046400,307,,
15046796,307,,
15047196,308,,
15047596,308,,
15048000,308,,
15048396,308,,
15048800,308,,
15049200,308,,
15049600,307,,
15049996,307,,
15050400,308,,
15050796,307,,
15051200,307,,
15051596,307,,
15052000,307,,
15052400,307,,
15052800,306,,
15053196,308,,
15053596,309,,
15054000,308,,
15054396,308,,
15054796,308,,
15055200,308,,
15055600,308,,
15055996,308,,
15056400,308,,
15056800,307,,
15057196,307,,
15057596,308,,
15058000,307,,
15058396,306,,
15058796,307,,
15059200,307,,
15059600,307,,
15059996,307,,
15060400,307,,
15060800,306,,
15061196,307,,
15061596,306,,
15062000,307,,
15062396,306,,
15062796,307,,
15063200,305,,
15063600,305,,
15063996,307,,
15064396,306,,
15064800,307,,
15065196,308,,
15065596,307,,
15065996,307,,
15066400,307,,
15066796,307,,
15067204,307,,
15067600,307,,
15068000,308,,
15068396,307,,
15068800,307,,
15069196,308,,
15069600,307,,
15069996,308,,
15070400,307,,
15070800,308,,
15071200,307,,
15071596,308,,
15072000,307,,
15072396,308,,
15072796,307,,
15073196,307,,
15073600,307,,
15073996,306,,
15074396,306,,
15074800,306,,
15075200,306,,
15075596,307,,
15075996,306,,
15076396,307,,
15076800,307,,
15077196,307,,
15077596,307,,
15078000,306,,
15078400,308,,
15078796,308,,
15079196,306,,
15079600,307,,
15079996,307,,
15080396,307,,
15080800,306,,
15081200,307,,
15081596,308,,
15082000,307,,
15082400,307,,
15082796,307,,
15083196,307,,
15083600,308,,
15083996,308,,
15084396,308,,
15084800,307,,
15085200,308,,
15085596,307,,
15085996,308,,
15086400,308,,
15086796,308,,
15087196,308,,
15087596,308,,
15088000,308,,
15088396,307,,
15088800,307,,
15089200,308,,
15089600,308,,
15089996,308,,
15090400,308,,
15090796,309,,
15091196,308,,
15091596,309,,
15092000,308,,
15092396,309,,
15092804,309,,
15093200,308,,
15093600,309,,
15093996,308,,
15094400,308,,
15094796,308,,
15095200,309,,
15095596,309,,
15096000,309,,
15096400,307,,
15096800,308,,
15097196,308,,
15097600,308,,
15097996,308,,
15098396,307,,
15098796,308,,
15099200,308,,
15099596,308,,
15100000,309,,
15100400,308,,
15100800,308,,
15101196,308,,
15101600,309,,
15101996,308,,
15102400,308,,
15102796,308,,
15103200,308,,
15103600,308,,
15104000,307,,
15104396,307,,
15104796,308,,
15105200,307,,
15105596,307,,
15105996,309,,
15106400,307,,
15106800,308,,
15107196,308,,
15107596,308,,
15108000,307,,
15108396,307,,
15108796,308,,
15109200,307,,
15109600,308,,
15109996,307,,
15110400,308,,
15110800,309,,
15111196,308,,
15111596,308,,
15112000,308,,
15112396,308,,
15112796,308,,
15113196,307,,
15113600,308,,
15113996,308,,
15114400,307,,
15114800,308,,
15115200,307,,
15115596,308,,
15116000,308,,
15116396,307,,
15116796,309,,
15117196,307,,
15117600,309,,
15117996,307,,
15118404,308,,
15118800,308,,
15119200,307,,
15119596,308,,
15119996,309,,
15120396,307,,
15120800,308,,
15121196,307,,
15121600,307,,
15122000,307,,
15122400,307,,
15122796,307,,
15123200,307,,
15123600,306,,
15123996,307,,
15124396,307,,
15124800,306,,
15125200,307,,
15125596,307,,
15126000,305,,
15126400,306,,
15126796,305,,
15127196,305,,
15127596,305,,
15128000,305,,
15128396,306,,
15128796,305,,
15129200,306,,
15129600,305,,
15129996,305,,
15130396,305,,
15130800,306,,
15131196,305,,
15131596,306,,
15132000,306,,
15132400,307,,
15132796,307,,
15133200,307,,
15133600,308,,
15133996,307,,
15134396,307,,
15134800,307,,
15135200,307,,
15135596,307,,
15136000,307,,
15136400,308,,
15136796,308,,
15137196,308,,
15137600,307,,
15137996,307,,
15138396,308,,
15138796,308,,
15139200,308,,
15139596,309,,
15140000,308,,
15140400,307,,
15140800,308,,
15141196,308,,
15141600,307,,
15141996,307,,
15142396,307,,
15142796,307,,
15143200,306,,
15143596,306,,
15144004,306,,
15144400,306,,
15144800,305,,
15145196,306,,
15145600,306,,
15145996,305,,
15146400,306,,
15146796,307,,
15147200,307,,
15147600,306,,
15148000,307,,
15148396,307,,
15148800,306,,
15149196,306,,
15149596,307,,
15149996,306,,
15150400,307,,
15150800,306,,
15151196,306,,
15151600,307,,
15152000,307,,
15152396,308,,
15152796,307,,
15153196,308,,
15153600,307,,
15154000,306,,
15154396,305,,
15154800,306,,
15155204,307,,
15155596,307,,
15155996,307,,
15156400,308,,
15156796,306,,
15157196,306,,
15157600,305,,
15158000,305,,
15158396,307,,
15158800,306,,
15159200,307,,
15159596,307,,
15159996,306,,
15160400,307,,
15160796,306,,
15161196,306,,
15161600,306,,
15162000,306,,
15162396,307,,
15162796,307,,
15163200,306,,
15163596,307,,
15163996,306,,
15164396,305,,
15164800,307,,
15165196,306,,
15165600,307,,
15166000,307,,
15166400,307,,
15166796,306,,
15167200,306,,
15167596,308,,
15167996,306,,
15168396,307,,
15168800,306,,
15169196,307,,
15169604,308,,
15170000,306,,
15170400,307,,
15170796,306,,
15171200,308,,
15171596,308,,
15172000,307,,
15172396,308,,
15172800,307,,
15173200,308,,
15173600,306,,
15173996,307,,
15174400,306,,
15174796,306,,
15175196,307,,
15175596,307,,
15176000,306,,
15176396,307,,
15176800,306,,
15177200,308,,
15177600,306,,
15177996,306,,
15178400,307,,
15178796,306,,
15179200,306,,
15179596,307,,
15180000,307,,
15180400,306,,
15180800,307,,
15181196,306,,
15181596,308,,
15182000,307,,
15182396,307,,
15182796,307,,
15183200,306,,
15183600,307,,
15183996,307,,
15184400,306,,
15184800,306,,
15185196,307,,
15185596,307,,
15186000,307,,
15186396,307,,
15186796,307,,
15187200,308,,
15187600,307,,
15187996,307,,
15188400,307,,
15188800,307,,
15189196,307,,
15189596,308,,
15190000,307,,
15190396,307,,
15190796,307,,
15191200,307,,
15191600,307,,
15191996,308,,
15192396,307,,
15192800,308,,
15193196,307,,
15193596,307,,
15193996,307,,
15194400,307,,
15194796,307,,
15195204,308,,
15195600,307,,
15196000,307,,
15196396,306,,
15196800,307,,
15197196,308,,
15197600,306,,
15197996,306,,
15198400,307,,
15198800,306,,
15199200,307,,
15199596,305,,
15200000,306,,
15200396,307,,
15200796,306,,
15201196,306,,
15201600,306,,
15201996,306,,
15202396,307,,
15202800,306,,
15203200,308,,
15203596,308,,
15203996,308,,
15204396,308,,
15204800,308,,
15205196,308,,
15205596,308,,
15206000,307,,
15206400,309,,
15206796,307,,
15207196,307,,
15207600,308,,
15207996,307,,
15208396,308,,
15208800,308,,
15209200,308,,
15209596,308,,
15210000,307,,
15210400,308,,
15210796,308,,
15211196,307,,
15211600,307,,
15211996,307,,
15212396,307,,
15212800,307,,
15213200,308,,
15213596,308,,
15213996,307,,
15214400,309,,
15214796,308,,
15215196,309,,
15215596,308,,
15216000,308,,
15216396,308,,
15216800,308,,
15217200,309,,
15217600,307,,
15217996,308,,
15218400,308,,
15218796,308,,
15219196,310,,
15219596,308,,
15220000,309,,
15220396,307,,
15220804,308,,
15221200,308,,
15221600,307,,
15221996,307,,
15222400,307,,
15222796,307,,
15223200,308,,
15223596,307,,
15224000,308,,
15224400,308,,
15224800,307,,
15225196,308,,
15225600,308,,
15225996,307,,
15226396,308,,
15226796,308,,
15227200,309,,
15227596,309,,
15228000,309,,
15228400,309,,
15228800,309,,
15229196,309,,
15229600,309,,
15229996,309,,
15230400,309,,
15230796,309,,
15231200,310,,
15231600,310,,
15232000,308,,
15232396,308,,
15232796,308,,
15233200,309,,
15233596,308,,
15233996,309,,
15234400,308,,
15234800,308,,
15235196,308,,
15235596,308,,
15236000,308,,
15236396,308,,
15236796,308,,
15237200,308,,
15237600,308,,
15237996,308,,
15238400,308,,
15238800,308,,
15239196,309,,
15239596,308,,
15240000,308,,
15240396,309,,
15240796,309,,
15241196,309,,
15241600,308,,
15241996,309,,
15242400,308,,
15242800,308,,
15243200,308,,
15243596,308,,
15244000,308,,
15244396,308,,
15244796,309,,
15245196,309,,
15245600,308,,
15245996,307,,
15246404,307,,
15246800,307,,
15247200,307,,
15247596,308,,
15247996,307,,
15248396,307,,
15248800,308,,
15249196,308,,
15249600,308,,
15250000,307,,
15250400,307,,
15250796,307,,
15251200,308,,
15251600,308,,
15251996,307,,
15252396,308,,
15252800,307,,
15253200,307,,
15253596,307,,
15254000,307,,
15254400,307,,
15254796,307,,
15255196,307,,
15255596,307,,
15256000,307,,
15256396,309,,
15256796,309,,
15257200,308,,
15257600,308,,
15257996,309,,
15258396,308,,
15258800,307,,
15259196,307,,
15259596,308,,
15260000,307,,
15260400,308,,
15260796,308,,
15261200,308,,
15261600,308,,
15261996,308,,
15262396,308,,
15262800,309,,
15263200,308,,
15263596,309,,
15264000,307,,
15264400,307,,
15264796,308,,
15265196,307,,
15265600,308,,
15265996,308,,
15266396,308,,
15266796,307,,
15267200,308,,
15267596,308,,
15268000,307,,
15268400,306,,
15268800,307,,
15269196,307,,
15269600,307,,
15269996,307,,
15270396,307,,
15270796,307,,
15271200,306,,
15271596,307,,
15272004,307,,
15272400,307,,
15272800,308,,
15273196,307,,
15273600,308,,
15273996,307,,
15274400,307,,
15274796,307,,
15275200,307,,
15275600,308,,
15276000,307,,
15276396,308,,
15276800,308,,
15277196,308,,
15277596,307,,
15277996,307,,
15278400,308,,
15278800,306,,
15279196,308,,
15279600,307,,
15280000,309,,
15280396,308,,
15280796,307,,
15281196,307,,
15281600,307,,
15282000,306,,
15282396,308,,
15282800,307,,
15283204,308,,
15283596,308,,
15283996,308,,
15284400,308,,
15284796,307,,
15285196,307,,
15285600,307,,
15286000,307,,
15286396,307,,
15286800,308,,
15287200,307,,
15287596,307,,
15287996,307,,
15288400,307,,
15288796,307,,
15289196,307,,
15289600,307,,
15290000,307,,
15290396,305,,
15290796,307,,
15291200,307,,
15291596,306,,
15291996,307,,
15292396,307,,
15292800,307,,
15293196,307,,
15293600,306,,
15294000,308,,
15294400,307,,
15294796,307,,
15295200,306,,
15295596,307,,
15295996,307,,
15296396,306,,
15296800,307,,
15297196,306,,
15297604,307,,
15298000,306,,
15298400,306,,
15298796,308,,
15299200,306,,
15299596,307,,
15300000,307,,
15300396,306,,
15300800,306,,
15301200,306,,
15301600,306,,
15301996,307,,
15302400,306,,
15302796,307,,
15303196,307,,
15303596,306,,
15304000,307,,
15304396,306,,
15304800,308,,
15305200,307,,
15305600,307,,
15305996,306,,
15306400,307,,
15306796,307,,
15307200,306,,
15307596,307,,
15308000,307,,
15308400,307,,
15308800,308,,
15309196,307,,
15309596,307,,
15310000,307,,
15310396,306,,
15310796,307,,
15311200,306,,
15311600,306,,
15311996,307,,
15312400,306,,
15312800,307,,
15313196,305,,
15313596,306,,
15314000,306,,
15314396,305,,
15314796,306,,
15315200,306,,
15315600,306,,
15315996,305,,
15316400,306,,
15316800,307,,
15317196,306,,
15317596,307,,
15318000,307,,
15318396,307,,
15318796,307,,
15319200,307,,
15319600,308,,
15319996,308,,
15320396,306,,
15320800,308,,
15321196,307,,
15321596,309,,
15321996,307,,
15322400,308,,
15322796,307,,
15323204,306,,
15323600,307,,
15324000,307,,
15324396,307,,
15324800,308,,
15325196,307,,
15325600,307,,
15325996,308,,
15326400,308,,
15326800,307,,
15327200,308,,
15327596,307,,
15328000,307,,
15328396,308,,
15328796,307,,
15329196,307,,
15329600,307,,
15329996,308,,
15330396,307,,
15330800,308,,
15331200,308,,
15331596,308,,
15331996,307,,
15332396,308,,
15332800,307,,
15333196,307,,
15333596,307,,
15334000,307,,
15334400,306,,
15334796,307,,
15335196,307,,
15335600,308,,
15335996,308,,
15336396,308,,
15336800,307,,
15337200,306,,
15337596,306,,
15338000,306,,
15338400,306,,
15338796,306,,
15339196,306,,
15339600,307,,
15339996,307,,
15340396,308,,
15340800,308,,
15341200,308,,
15341596,308,,
15341996,307,,
15342400,306,,
15342796,306,,
15343196,306,,
15343596,307,,
15344000,308,,
15344396,308,,
15344800,308,,
15345200,307,,
15345600,307,,
15345996,307,,
15346400,307,,
15346796,307,,
15347196,307,,
15347596,308,,
15348000,307,,
15348396,307,,
15348804,308,,
15349200,307,,
15349600,308,,
15349996,307,,
15350400,308,,
15350796,308,,
15351200,308,,
15351596,308,,
15352000,309,,
15352400,308,,
15352800,308,,
15353196,308,,
15353600,308,,
15353996,307,,
15354396,307,,
15354796,307,,
15355200,307,,
15355596,307,,
15356000,307,,
15356400,307,,
15356800,308,,
15357196,308,,
15357600,308,,
15357996,308,,
15358400,307,,
15358796,306,,
15359200,306,,
15359600,306,,
15360000,307,,
15360396,307,,
15360796,307,,
15361200,307,,
15361596,307,,
15361996,307,,
15362400,307,,
15362800,307,,
15363196,306,,
15363596,307,,
15364000,308,,
15364396,307,,
15364796,307,,
15365200,307,,
15365600,307,,
15365996,307,,
15366400,307,,
15366800,307,,
15367196,308,,
15367596,307,,
15368000,308,,
15368396,307,,
15368796,308,,
15369196,307,,
15369600,308,,
15369996,308,,
15370400,307,,
15370800,308,,
15371200,308,,
15371596,309,,
15372000,308,,
15372396,309,,
15372796,309,,
15373196,308,,
15373600,308,,
15373996,308,,
15374404,309,,
15374800,309,,
15375200,309,,
15375596,308,,
15375996,308,,
15376396,309,,
15376800,308,,
15377196,311,,
15377600,308,,
15378000,308,,
15378400,308,,
15378796,308,,
15379200,307,,
15379600,307,,
15379996,307,,
15380396,307,,
15380800,307,,
15381200,307,,
15381596,306,,
15382000,307,,
15382400,307,,
15382796,307,,
15383196,307,,
15383596,308,,
15384000,307,,
15384396,307,,
15384796,306,,
15385200,307,,
15385600,307,,
15385996,307,,
15386396,308,,
15386800,307,,
15387196,307,,
15387596,307,,
15388000,307,,
15388400,308,,
15388796,307,,
15389200,309,,
15389600,308,,
15389996,307,,
15390396,308,,
15390800,308,,
15391200,308,,
15391596,308,,
15392000,307,,
15392400,307,,
15392796,307,,
15393196,308,,
15393600,307,,
15393996,308,,
15394396,308,,
15394796,308,,
15395200,308,,
15395596,308,,
15396000,310,,
15396400,307,,
15396800,309,,
15397196,308,,
15397600,308,,
15397996,309,,
15398396,309,,
15398796,309,,
15399200,310,,
15399596,310,,
15400004,309,,
15400400,310,,
15400800,310,,
15401196,309,,
15401600,309,,
15401996,309,,
15402400,309,,
15402796,309,,
15403200,309,,
15403600,309,,
15404000,308,,
15404396,308,,
15404800,309,,
15405196,308,,
15405596,308,,
15405996,307,,
15406400,308,,
15406800,308,,
15407196,306,,
15407600,308,,
15408000,307,,
15408396,307,,
15408796,307,,
15409196,308,,
15409600,307,,
15410000,308,,
15410396,309,,
15410800,308,,
15411204,309,,
15411596,308,,
15411996,308,,
15412400,307,,
15412796,308,,
15413196,308,,
15413600,308,,
15414000,308,,
15414396,308,,
15414800,308,,
15415200,308,,
15415596,307,,
15415996,309,,
15416400,308,,
15416796,308,,
15417196,308,,
15417600,307,,
15418000,308,,
15418396,308,,
15418796,308,,
15419200,309,,
15419596,308,,
15419996,308,,
15420396,308,,
15420800,308,,
15421196,308,,
15421600,308,,
15422000,308,,
15422400,307,,
15422796,307,,
15423200,308,,
15423596,307,,
15423996,309,,
15424396,308,,
15424800,308,,
15425196,309,,
15425604,308,,
15426000,309,,
15426400,308,,
15426796,308,,
15427200,308,,
15427596,308,,
15428000,308,,
15428396,308,,
15428800,306,,
15429200,307,,
15429600,307,,
15429996,306,,
15430400,307,,
15430796,306,,
15431196,306,,
15431596,306,,
15432000,308,,
15432396,308,,
15432800,308,,
15433200,308,,
15433600,307,,
15433996,306,,
15434400,307,,
15434796,306,,
15435200,306,,
15435596,307,,
15436000,306,,
15436400,307,,
15436800,307,,
15437196,307,,
15437596,306,,
15438000,307,,
15438396,307,,
15438796,308,,
15439200,307,,
15439600,307,,
15439996,308,,
15440400,308,,
15440800,308,,
15441196,308,,
15441596,307,,
15442000,307,,
15442396,306,,
15442796,307,,
15443200,306,,
15443600,307,,
15443996,307,,
15444400,306,,
15444800,306,,
15445196,306,,
15445596,305,,
15446000,305,,
15446396,306,,
15446796,307,,
15447200,307,,
15447600,307,,
15447996,307,,
15448396,306,,
15448800,306,,
15449196,306,,
15449596,307,,
15449996,306,,
15450400,306,,
15450796,305,,
15451204,306,,
15451600,307,,
15452000,307,,
15452396,306,,
15452800,307,,
15453196,307,,
15453600,306,,
15453996,307,,
15454400,307,,
15454800,307,,
15455200,306,,
15455596,307,,
15456000,306,,
15456396,306,,
15456796,306,,
15457196,306,,
15457600,307,,
15457996,306,,
15458396,306,,
15458800,305,,
15459200,306,,
15459596,305,,
15459996,305,,
15460396,306,,
15460800,306,,
15461196,306,,
15461596,306,,
15462000,306,,
15462400,305,,
15462796,307,,
15463196,307,,
15463600,306,,
15463996,305,,
15464396,307,,
15464800,305,,
15465200,306,,
15465596,307,,
15466000,307,,
15466400,307,,
15466796,308,,
15467196,308,,
15467600,308,,
15467996,308,,
15468396,309,,
15468800,308,,
15469200,307,,
15469596,309,,
15469996,309,,
15470400,309,,
15470796,309,,
15471196,308,,
15471596,309,,
15472000,309,,
15472396,308,,
15472800,308,,
15473200,308,,
15473600,309,,
15473996,309,,
15474400,308,,
15474796,309,,
15475196,308,,
15475596,308,,
15476000,307,,
15476396,308,,
15476804,309,,
15477200,307,,
15477600,307,,
15477996,308,,
15478400,307,,
15478796,307,,
15479200,308,,
15479596,307,,
15480000,307,,
15480400,307,,
15480800,307,,
15481196,306,,
15481600,306,,
15481996,306,,
15482396,307,,
15482796,306,,
15483200,307,,
15483596,307,,
15484000,307,,
15484400,308,,
15484800,307,,
15485196,308,,
15485600,307,,
15485996,307,,
15486400,308,,
15486796,307,,
15487200,307,,
15487600,308,,
15488000,308,,
15488396,309,,
15488796,308,,
15489200,309,,
15489596,308,,
15489996,309,,
15490400,309,,
15490800,308,,
15491196,309,,
15491596,308,,
15492000,308,,
15492396,308,,
15492796,307,,
15493200,308,,
15493600,308,,
15493996,308,,
15494400,308,,
15494800,308,,
15495196,307,,
15495596,307,,
15496000,307,,
15496396,307,,
15496796,308,,
15497196,307,,
15497600,307,,
15497996,306,,
15498400,307,,
15498800,306,,
15499200,307,,
15499596,307,,
15500000,307,,
15500396,307,,
15500796,306,,
15501196,308,,
15501600,307,,
15501996,307,,
15502404,307,,
15502800,306,,
15503200,306,,
15503596,307,,
15503996,307,,
15504396,306,,
15504800,307,,
15505196,306,,
15505600,307,,
15506000,306,,
15506400,307,,
15506796,306,,
15507200,305,,
15507600,305,,
15507996,305,,
15508396,306,,
15508800,305,,
15509200,305,,
15509596,306,,
15510000,305,,
15510400,306,,
15510796,306,,
15511196,306,,
15511596,306,,
15512000,305,,
15512396,306,,
15512796,307,,
15513200,305,,
15513600,307,,
15513996,306,,
15514396,307,,
15514800,307,,
15515196,307,,
15515596,308,,
15516000,307,,
15516400,308,,
15516796,308,,
15517200,307,,
15517600,308,,
15517996,307,,
15518396,308,,
15518800,307,,
15519200,308,,
15519596,307,,
15520000,307,,
15520400,307,,
15520796,307,,
15521196,306,,
15521600,307,,
15521996,307,,
15522396,307,,
15522796,308,,
15523200,307,,
15523596,308,,
15524000,307,,
15524400,307,,
15524800,307,,
15525196,306,,
15525600,308,,
15525996,307,,
15526396,307,,
15526796,307,,
15527200,306,,
15527596,307,,
15528004,307,,
15528400,306,,
15528800,306,,
15529196,307,,
15529600,306,,
15529996,306,,
15530400,306,,
15530796,305,,
15531200,306,,
15531600,306,,
15532000,307,,
15532396,307,,
15532800,306,,
15533196,307,,
15533596,307,,
15533996,306,,
15534400,306,,
15534800,306,,
15535196,305,,
15535600,306,,
15536000,306,,
15536396,306,,
15536796,306,,
15537196,306,,
15537600,307,,
15538000,307,,
15538396,307,,
15538800,307,,
15539204,308,,
15539596,308,,
15539996,308,,
15540400,308,,
15540796,307,,
15541196,307,,
15541600,307,,
15542000,306,,
15542396,306,,
15542800,307,,
15543200,307,,
15543596,307,,
15543996,306,,
15544400,306,,
15544796,305,,
15545196,306,,
15545600,306,,
15546000,306,,
15546396,306,,
15546796,306,,
15547200,306,,
15547596,306,,
15547996,307,,
15548396,306,,
15548800,306,,
15549196,306,,
15549600,307,,
15550000,307,,
15550400,306,,
15550796,306,,
15551200,306,,
15551596,306,,
15551996,306,,
15552396,305,,
15552800,307,,
15553196,306,,
15553604,307,,
15554000,306,,
15554400,306,,
15554796,306,,
15555200,306,,
15555596,306,,
15556000,306,,
15556396,306,,
15556800,307,,
15557200,307,,
15557600,307,,
15557996,306,,
15558400,307,,
15558796,307,,
15559196,307,,
15559596,307,,
15560000,307,,
15560396,308,,
15560800,307,,
15561200,307,,
15561600,307,,
15561996,307,,
15562400,306,,
15562796,307,,
15563200,307,,
15563596,307,,
15564000,308,,
15564400,307,,
15564800,308,,
15565196,308,,
15565596,308,,
15566000,309,,
15566396,308,,
15566796,308,,
15567200,308,,
15567600,308,,
15567996,308,,
15568400,309,,
15568800,308,,
15569196,308,,
15569596,309,,
15570000,308,,
15570396,308,,
15570796,309,,
15571200,308,,
15571600,308,,
15571996,308,,
15572400,308,,
15572800,308,,
15573196,308,,
15573596,308,,
15574000,308,,
15574396,308,,
15574796,309,,
15575200,308,,
15575600,308,,
15575996,307,,
15576396,308,,
15576800,307,,
15577196,306,,
15577596,308,,
15577996,307,,
15578400,306,,
15578796,307,,
15579204,307,,
15579600,307,,
15580000,307,,
15580396,306,,
15580800,307,,
15581196,306,,
15581600,307,,
15581996,307,,
15582400,307,,
15582800,306,,
15583200,307,,
15583596,306,,
15584000,308,,
15584396,307,,
15584796,308,,
15585196,308,,
15585600,308,,
15585996,307,,
15586396,308,,
15586800,308,,
15587200,307,,
15587596,308,,
15587996,307,,
15588396,308,,
15588800,307,,
15589196,307,,
15589596,308,,
15590000,308,,
15590400,308,,
15590796,308,,
15591196,309,,
15591600,308,,
15591996,308,,
15592396,308,,
15592800,308,,
15593200,308,,
15593596,307,,
15594000,307,,
15594400,308,,
15594796,306,,
15595196,307,,
15595600,306,,
15595996,307,,
15596396,306,,
15596800,306,,
15597200,306,,
15597596,306,,
15597996,304,,
15598400,306,,
15598796,307,,
15599196,306,,
15599596,306,,
15600000,306,,
15600396,307,,
15600800,306,,
15601200,307,,
15601600,306,,
15601996,307,,
15602400,306,,
15602796,306,,
15603196,306,,
15603596,306,,
15604000,306,,
15604396,307,,
15604804,307,,
15605200,307,,
15605600,307,,
15605996,306,,
15606400,308,,
15606796,307,,
15607200,308,,
15607596,307,,
15608000,308,,
15608400,307,,
15608800,307,,
15609196,307,,
15609600,307,,
15609996,307,,
15610396,307,,
15610796,308,,
15611200,307,,
15611596,307,,
15612000,307,,
15612400,306,,
15612800,308,,
15613196,306,,
15613600,307,,
15613996,307,,
15614400,307,,
15614796,307,,
15615200,307,,
15615600,307,,
15616000,307,,
15616396,307,,
15616796,306,,
15617200,308,,
15617596,307,,
15617996,308,,
15618400,308,,
15618800,308,,
15619196,307,,
15619596,307,,
15620000,308,,
15620396,308,,
15620796,309,,
15621200,306,,
15621600,309,,
15621996,308,,
15622400,307,,
15622800,309,,
15623196,308,,
15623596,308,,
15624000,308,,
15624396,308,,
15624796,308,,
15625196,308,,
15625600,308,,
15625996,308,,
15626400,309,,
15626800,307,,
15627200,309,,
15627596,309,,
15628000,307,,
15628396,309,,
15628796,308,,
15629196,308,,
15629600,308,,
15629996,309,,
15630404,308,,
15630800,309,,
15631200,308,,
15631596,310,,
15631996,308,,
15632396,310,,
15632800,309,,
15633196,309,,
15633600,310,,
15634000,308,,
15634400,309,,
15634796,309,,
15635200,309,,
15635600,308,,
15635996,309,,
15636396,309,,
15636800,309,,
15637200,309,,
15637596,309,,
15638000,309,,
15638400,309,,
15638796,310,,
15639196,309,,
15639596,309,,
15640000,309,,
15640396,310,,
15640796,309,,
15641200,309,,
15641600,309,,
15641996,309,,
15642396,309,,
15642800,310,,
15643196,308,,
15643596,307,,
15644000,310,,
15644400,308,,
15644796,307,,
15645200,308,,
15645600,307,,
15645996,307,,
15646396,307,,
15646800,308,,
15647200,308,,
15647596,307,,
15648000,308,,
15648400,308,,
15648796,307,,
15649196,307,,
15649600,308,,
15649996,308,,
15650396,308,,
15650796,308,,
15651200,309,,
15651596,308,,
15652000,308,,
15652400,308,,
15652800,309,,
15653196,309,,
15653600,309,,
15653996,309,,
15654396,309,,
15654796,308,,
15655200,308,,
15655596,308,,
15656004,307,,
15656400,309,,
15656800,309,,
15657196,309,,
15657600,309,,
15657996,309,,
15658400,309,,
15658796,308,,
15659200,309,,
15659600,309,,
15660000,308,,
15660396,308,,
15660800,309,,
15661196,308,,
15661596,308,,
15661996,309,,
15662400,308,,
15662800,308,,
15663196,308,,
15663600,308,,
15664000,307,,
15664396,307,,
15664796,308,,
15665196,307,,
15665600,308,,
15666000,307,,
15666396,306,,
15666800,308,,
15667204,307,,
15667596,307,,
15667996,308,,
15668400,308,,
15668796,307,,
15669196,308,,
15669600,307,,
15670000,307,,
15670396,306,,
15670800,308,,
15671200,308,,
15671596,308,,
15671996,308,,
15672400,308,,
15672796,307,,
15673196,307,,
15673600,308,,
15674000,309,,
15674396,308,,
15674796,307,,
15675200,308,,
15675596,308,,
15675996,307,,
15676396,308,,
15676800,307,,
15677196,308,,
15677600,307,,
15678000,307,,
15678400,308,,
15678796,307,,
15679200,307,,
15679596,307,,
15679996,307,,
15680396,307,,
15680800,306,,
15681196,307,,
15681604,307,,
15682000,306,,
15682400,307,,
15682796,307,,
15683200,308,,
15683596,308,,
15684000,307,,
15684396,308,,
15684800,308,,
15685200,307,,
15685600,308,,
15685996,307,,
15686400,307,,
15686796,307,,
15687196,307,,
15687596,307,,
15688000,308,,
15688396,306,,
15688800,308,,
15689200,307,,
15689600,307,,
15689996,306,,
15690400,307,,
15690796,307,,
15691200,307,,
15691596,307,,
15692000,307,,
15692400,307,,
15692800,307,,
15693196,307,,
15693596,306,,
15694000,306,,
15694396,306,,
15694796,306,,
15695200,307,,
15695600,306,,
15695996,307,,
15696400,306,,
15696800,305,,
15697196,307,,
15697596,305,,
15698000,307,,
15698396,306,,
15698796,307,,
15699200,307,,
15699600,306,,
15699996,307,,
15700400,306,,
15700800,307,,
15701196,306,,
15701596,307,,
15702000,307,,
15702396,306,,
15702796,306,,
15703200,306,,
15703600,306,,
15703996,307,,
15704396,307,,
15704800,307,,
15705196,306,,
15705596,307,,
15705996,305,,
15706400,307,,
15706796,306,,
15707204,306,,
15707600,307,,
15708000,307,,
15708396,305,,
15708800,307,,
15709196,306,,
15709600,307,,
15709996,306,,
15710400,307,,
15710800,306,,
15711200,306,,
15711596,307,,
15712000,306,,
15712396,307,,
15712796,306,,
15713196,305,,
15713600,306,,
15713996,306,,
15714396,306,,
15714800,306,,
15715200,306,,
15715596,306,,
15715996,305,,
15716396,305,,
15716800,304,,
15717196,304,,
15717596,305,,
15718000,304,,
15718400,305,,
15718796,305,,
15719196,305,,
15719600,306,,
15719996,305,,
15720396,306,,
15720800,305,,
15721200,304,,
15721596,305,,
15722000,305,,
15722400,306,,
15722796,306,,
15723196,305,,
15723600,306,,
15723996,305,,
15724396,306,,
15724800,305,,
15725200,305,,
15725596,306,,
15725996,306,,
15726400,306,,
15726796,306,,
15727196,305,,
15727596,305,,
15728000,306,,
15728396,306,,
15728800,305,,
15729200,307,,
15729600,306,,
15729996,305,,
15730400,305,,
15730796,306,,
15731196,306,,
15731596,306,,
15732000,306,,
15732396,306,,
15732804,306,,
15733200,306,,
15733600,306,,
15733996,306,,
15734400,306,,
15734796,306,,
15735200,306,,
15735596,306,,
15736000,306,,
15736400,306,,
15736800,305,,
15737196,306,,
15737600,305,,
15737996,305,,
15738396,306,,
15738796,305,,
15739200,307,,
15739596,306,,
15740000,307,,
15740400,307,,
15740800,307,,
15741196,306,,
15741600,307,,
15741996,306,,
15742400,306,,
15742796,307,,
15743200,306,,
15743600,305,,
15744000,304,,
15744396,305,,
15744796,305,,
15745200,306,,
15745596,307,,
15745996,307,,
15746400,308,,
15746800,308,,
15747196,307,,
15747596,307,,
15748000,307,,
15748396,306,,
15748796,306,,
15749200,306,,
15749600,307,,
15749996,307,,
15750400,307,,
15750800,308,,
15751196,308,,
15751596,308,,
15752000,308,,
15752396,307,,
15752796,307,,
15753196,307,,
15753600,307,,
15753996,307,,
15754400,307,,
15754800,308,,
15755200,308,,
15755596,308,,
15756000,308,,
15756396,309,,
15756796,308,,
15757196,308,,
15757600,308,,
15757996,308,,
15758404,307,,
15758800,307,,
15759200,307,,
15759596,307,,
15759996,306,,
15760396,306,,
15760800,306,,
15761196,306,,
15761600,307,,
15762000,306,,
15762400,307,,
15762796,306,,
15763200,306,,
15763600,307,,
15763996,307,,
15764396,307,,
15764800,306,,
15765200,308,,
15765596,307,,
15766000,307,,
15766400,307,,
15766796,307,,
15767196,307,,
15767596,307,,
15768000,307,,
15768396,307,,
15768796,306,,
15769200,307,,
15769600,307,,
15769996,308,,
15770396,308,,
15770800,308,,
15771196,307,,
15771596,308,,
15772000,307,,
15772400,308,,
15772796,307,,
15773200,308,,
15773600,308,,
15773996,307,,
15774396,307,,
15774800,307,,
15775200,308,,
15775596,309,,
15776000,308,,
15776400,308,,
15776796,308,,
15777196,308,,
15777600,308,,
15777996,309,,
15778396,310,,
15778796,308,,
15779200,307,,
15779596,308,,
15780000,309,,
15780400,308,,
15780800,307,,
15781196,309,,
15781600,310,,
15781996,308,,
15782396,308,,
15782796,308,,
15783200,308,,
15783596,308,,
15784004,309,,
15784400,308,,
15784800,307,,
15785196,307,,
15785600,307,,
15785996,308,,
15786400,308,,
15786796,308,,
15787200,307,,
15787600,307,,
15788000,307,,
15788396,307,,
15788800,308,,
15789196,307,,
15789596,307,,
15789996,308,,
15790400,307,,
15790800,307,,
15791196,307,,
15791600,307,,
15792000,308,,
15792396,308,,
15792796,307,,
15793196,308,,
15793600,309,,
15794000,308,,
15794396,307,,
15794800,307,,
15795204,307,,
15795596,307,,
15795996,308,,
15796400,307,,
15796796,307,,
15797196,308,,
15797600,309,,
15798000,308,,
15798396,308,,
15798800,308,,
15799200,308,,
15799596,308,,
15799996,308,,
15800400,308,,
15800796,308,,
15801196,309,,
15801600,308,,
15802000,307,,
15802396,309,,
15802796,309,,
15803200,308,,
15803596,308,,
15803996,309,,
15804396,309,,
15804800,307,,
15805196,307,,
15805600,308,,
15806000,307,,
15806400,307,,
15806796,308,,
15807200,308,,
15807596,307,,
15807996,307,,
15808396,307,,
15808800,309,,
15809196,307,,
15809604,308,,
15810000,308,,
15810400,308,,
15810796,307,,
15811200,308,,
15811596,307,,
15812000,308,,
15812396,307,,
15812800,307,,
15813200,306,,
15813600,308,,
15813996,307,,
15814400,307,,
15814796,308,,
15815196,307,,
15815596,309,,
15816000,307,,
15816396,309,,
15816800,309,,
15817200,307,,
15817600,308,,
15817996,308,,
15818400,308,,
15818796,306,,
15819200,308,,
15819596,307,,
15820000,307,,
15820400,308,,
15820800,307,,
15821196,308,,
15821596,307,,
15822000,307,,
15822396,309,,
15822796,308,,
15823200,309,,
15823600,308,,
15823996,309,,
15824400,310,,
15824800,309,,
15825196,309,,
15825596,310,,
15826000,309,,
15826396,310,,
15826796,309,,
15827200,309,,
15827600,309,,
15827996,307,,
15828400,308,,
15828800,307,,
15829196,309,,
15829596,309,,
15830000,309,,
15830396,309,,
15830796,309,,
15831200,309,,
15831600,308,,
15831996,308,,
15832396,308,,
15832800,309,,
15833196,309,,
15833596,308,,
15833996,309,,
15834400,309,,
15834796,307,,
15835204,308,,
15835600,308,,
15836000,307,,
15836396,307,,
15836800,308,,
15837196,307,,
15837600,308,,
15837996,308,,
15838400,308,,
15838800,308,,
15839200,308,,
15839596,307,,
15840000,308,,
15840396,308,,
15840796,308,,
15841196,307,,
15841600,308,,
15841996,308,,
15842396,308,,
15842800,309,,
15843200,309,,
15843596,308,,
15843996,308,,
15844396,307,,
15844800,308,,
15845196,308,,
15845596,309,,
15846000,309,,
15846400,310,,
15846796,309,,
15847196,309,,
15847600,308,,
15847996,309,,
15848396,308,,
15848800,307,,
15849200,307,,
15849596,309,,
15850000,310,,
15850400,310,,
15850796,310,,
15851196,309,,
15851600,309,,
15851996,309,,
15852396,309,,
15852800,310,,
15853200,309,,
15853596,310,,
15853996,309,,
15854400,309,,
15854796,309,,
15855196,309,,
15855596,309,,
15856000,309,,
15856396,309,,
15856800,308,,
15857200,308,,
15857600,307,,
15857996,307,,
15858400,307,,
15858796,307,,
15859196,307,,
15859596,307,,
15860000,307,,
15860396,307,,
15860804,307,,
15861200,308,,
15861600,309,,
15861996,309,,
15862400,309,,
15862796,309,,
15863200,308,,
15863596,308,,
15864000,308,,
15864400,308,,
15864800,308,,
15865196,308,,
15865600,309,,
15865996,307,,
15866396,308,,
15866796,309,,
15867200,309,,
15867596,309,,
15868000,310,,
15868400,309,,
15868800,309,,
15869196,309,,
15869600,309,,
15869996,309,,
15870400,308,,
15870796,309,,
15871200,309,,
15871600,309,,
15872000,310,,
15872396,310,,
15872796,310,,
15873200,309,,
15873596,308,,
15873996,308,,
15874400,308,,
15874800,308,,
15875196,309,,
15875596,309,,
15876000,309,,
15876396,308,,
15876796,308,,
15877200,310,,
15877600,308,,
15877996,308,,
15878400,308,,
15878800,308,,
15879196,308,,
15879596,308,,
15880000,308,,
15880396,307,,
15880796,308,,
15881196,308,,
15881600,308,,
15881996,307,,
15882400,307,,
15882800,308,,
15883200,307,,
15883596,307,,
15884000,307,,
15884396,307,,
15884796,307,,
15885196,307,,
15885600,307,,
15885996,308,,
15886404,308,,
15886800,308,,
15887200,306,,
15887596,307,,
15887996,307,,
15888396,307,,
15888800,307,,
15889196,308,,
15889600,307,,
15890000,309,,
15890400,307,,
15890796,307,,
15891200,308,,
15891600,308,,
15891996,308,,
15892396,308,,
15892800,308,,
15893200,308,,
15893596,308,,
15894000,308,,
15894400,307,,
15894796,308,,
15895196,306,,
15895596,307,,
15896000,307,,
15896396,308,,
15896796,308,,
15897200,308,,
15897600,309,,
15897996,309,,
15898396,308,,
15898800,308,,
15899196,308,,
15899596,308,,
15900000,308,,
15900400,308,,
15900796,309,,
15901200,309,,
15901600,307,,
15901996,308,,
15902396,309,,
15902800,308,,
15903200,308,,
15903596,309,,
15904000,309,,
15904400,307,,
15904796,307,,
15905196,308,,
15905600,307,,
15905996,307,,
15906396,307,,
15906796,306,,
15907200,306,,
15907596,307,,
15908000,307,,
15908400,307,,
15908800,307,,
15909196,307,,
15909600,306,,
15909996,306,,
15910396,306,,
15910796,306,,
15911200,306,,
15911596,306,,
15912004,306,,
15912400,306,,
15912800,306,,
15913196,307,,
15913600,307,,
15913996,306,,
15914400,308,,
15914796,307,,
15915200,307,,
15915600,307,,
15916000,307,,
15916396,307,,
15916800,306,,
15917196,307,,
15917596,308,,
15917996,307,,
15918400,307,,
15918800,308,,
15919196,307,,
15919600,308,,
15920000,307,,
15920396,308,,
15920796,307,,
15921196,307,,
15921600,307,,
15922000,307,,
15922396,306,,
15922800,307,,
15923204,307,,
15923596,307,,
15923996,307,,
15924400,306,,
15924796,306,,
15925196,307,,
15925600,306,,
15926000,306,,
15926396,306,,
15926800,305,,
15927200,306,,
15927596,306,,
15927996,306,,
15928400,307,,
15928796,305,,
15929196,307,,
15929600,307,,
15930000,306,,
15930396,307,,
15930796,307,,
15931200,307,,
15931596,307,,
15931996,307,,
15932396,307,,
15932800,306,,
15933196,306,,
15933600,307,,
15934000,306,,
15934400,307,,
15934796,306,,
15935200,306,,
15935596,306,,
15935996,305,,
15936396,306,,
15936800,306,,
15937196,307,,
15937604,306,,
15938000,306,,
15938400,306,,
15938796,306,,
15939200,307,,
15939596,307,,
15940000,307,,
15940396,307,,
15940800,307,,
15941200,307,,
15941600,307,,
15941996,306,,
15942400,307,,
15942796,307,,
15943196,307,,
15943596,306,,
15944000,307,,
15944396,307,,
15944800,306,,
15945200,306,,
15945600,306,,
15945996,306,,
15946400,306,,
15946796,307,,
15947200,306,,
15947596,306,,
15948000,307,,
15948400,307,,
15948800,307,,
15949196,307,,
15949596,307,,
15950000,307,,
15950396,306,,
15950796,306,,
15951200,306,,
15951600,306,,
15951996,306,,
15952400,306,,
15952800,306,,
15953196,306,,
15953596,306,,
15954000,306,,
15954396,305,,
15954796,305,,
15955200,307,,
15955600,306,,
15955996,307,,
15956400,307,,
15956800,306,,
15957196,305,,
15957596,306,,
15958000,305,,
15958396,306,,
15958796,305,,
15959200,305,,
15959600,306,,
15959996,306,,
15960396,307,,
15960800,307,,
15961196,308,,
15961596,309,,
15961996,307,,
15962400,308,,
15962796,307,,
15963204,306,,
15963600,306,,
15964000,306,,
15964396,307,,
15964800,307,,
15965196,307,,
15965600,308,,
15965996,308,,
15966400,308,,
15966800,308,,
15967200,308,,
15967596,307,,
15968000,308,,
15968396,306,,
15968796,307,,
15969196,307,,
15969600,307,,
15969996,308,,
15970396,308,,
15970800,307,,
15971200,306,,
15971596,307,,
15971996,307,,
15972396,307,,
15972800,307,,
15973196,307,,
15973596,307,,
15974000,306,,
15974400,307,,
15974796,307,,
15975196,308,,
15975600,308,,
15975996,308,,
15976396,308,,
15976800,307,,
15977200,307,,
15977596,307,,
15978000,307,,
15978400,306,,
15978796,307,,
15979196,307,,
15979600,307,,
15979996,307,,
15980396,307,,
15980800,307,,
15981200,306,,
15981596,306,,
15981996,306,,
15982400,307,,
15982796,306,,
15983196,306,,
15983596,306,,
15984000,306,,
15984396,306,,
15984800,307,,
15985200,307,,
15985600,306,,
15985996,307,,
15986400,307,,
15986796,307,,
15987196,307,,
15987596,306,,
15988000,305,,
15988396,307,,
15988804,306,,
15989200,307,,
15989600,307,,
15989996,307,,
15990400,306,,
15990796,307,,
15991200,307,,
15991596,307,,
15992000,307,,
15992400,307,,
15992800,307,,
15993196,307,,
15993600,307,,
15993996,307,,
15994396,308,,
15994796,307,,
15995200,307,,
15995596,306,,
15996000,308,,
15996400,306,,
15996800,307,,
15997196,307,,
15997600,308,,
15997996,307,,
15998400,307,,
15998796,308,,
15999200,307,,
15999600,307,,
16000000,307,,
16000396,309,,
16000796,308,,
16001200,308,,
16001596,308,,
16001996,307,,
16002400,308,,
16002800,307,,
16003196,307,,
16003596,306,,
16004000,307,,
16004396,306,,
16004796,306,,
16005200,306,,
16005600,306,,
16005996,306,,
16006400,306,,
16006800,307,,
16007196,306,,
16007596,307,,
16008000,306,,
16008396,307,,
16008796,306,,
16009196,307,,
16009600,307,,
16009996,306,,
16010400,307,,
16010800,306,,
16011200,307,,
16011596,308,,
16012000,307,,
16012396,307,,
16012796,307,,
16013196,306,,
16013600,307,,
16013996,306,,
16014404,307,,
16014800,307,,
16015200,307,,
16015596,307,,
16015996,307,,
16016396,307,,
16016800,307,,
16017196,309,,
16017600,307,,
16018000,307,,
16018400,308,,
16018796,307,,
16019200,308,,
16019600,308,,
16019996,308,,
16020396,308,,
16020800,308,,
16021200,309,,
16021596,308,,
16022000,308,,
16022400,308,,
16022796,308,,
16023196,308,,
16023596,306,,
16024000,308,,
16024396,307,,
16024796,307,,
16025200,307,,
16025600,307,,
16025996,307,,
16026396,306,,
16026800,306,,
16027196,306,,
16027596,306,,
16028000,306,,
16028400,306,,
16028796,306,,
16029200,306,,
16029600,305,,
16029996,306,,
16030396,306,,
16030800,307,,
16031200,306,,
16031596,306,,
16032000,306,,
16032400,306,,
16032796,306,,
16033196,306,,
16033600,307,,
16033996,307,,
16034396,306,,
16034796,307,,
16035200,306,,
16035596,307,,
16036000,307,,
16036400,307,,
16036800,308,,
16037196,307,,
16037600,307,,
16037996,307,,
16038396,307,,
16038796,307,,
16039200,307,,
16039596,307,,
16040004,307,,
16040400,306,,
16040800,306,,
16041196,307,,
16041600,307,,
16041996,307,,
16042400,307,,
16042796,307,,
16043200,308,,
16043600,307,,
16044000,307,,
16044396,308,,
16044800,307,,
16045196,307,,
16045596,308,,
16045996,307,,
16046400,307,,
16046800,307,,
16047196,306,,
16047600,306,,
16048000,307,,
16048396,307,,
16048796,306,,
16049196,306,,
16049600,307,,
16050000,307,,
16050396,308,,
16050800,307,,
16051204,309,,
16051596,308,,
16051996,308,,
16052400,307,,
16052796,307,,
16053196,307,,
16053600,307,,
16054000,307,,
16054396,307,,
16054800,307,,
16055200,306,,
16055596,307,,
16055996,308,,
16056400,307,,
16056796,306,,
16057196,306,,
16057600,306,,
16058000,306,,
16058396,307,,
16058796,307,,
16059200,307,,
16059596,306,,
16059996,306,,
16060396,306,,
16060800,306,,
16061196,307,,
16061600,307,,
16062000,307,,
16062400,307,,
16062796,306,,
16063200,306,,
16063596,306,,
16063996,306,,
16064396,307,,
16064800,307,,
16065196,307,,
16065604,307,,
16066000,307,,
16066400,307,,
16066796,306,,
16067200,307,,
16067596,307,,
16068000,307,,
16068396,307,,
16068800,307,,
16069200,307,,
16069600,307,,
16069996,307,,
16070400,306,,
16070796,306,,
16071196,307,,
16071596,306,,
16072000,306,,
16072396,306,,
16072800,307,,
16073200,306,,
16073600,306,,
16073996,306,,
16074400,306,,
16074796,306,,
16075200,306,,
16075596,307,,
16076000,307,,
16076400,306,,
16076800,306,,
16077196,307,,
16077596,306,,
16078000,305,,
16078396,306,,
16078796,306,,
16079200,306,,
16079600,306,,
16079996,306,,
16080400,305,,
16080800,306,,
16081196,306,,
16081596,306,,
16082000,307,,
16082396,306,,
16082796,307,,
16083200,307,,
16083600,308,,
16083996,308,,
16084400,307,,
16084800,308,,
16085196,308,,
16085596,307,,
16086000,307,,
16086396,307,,
16086796,308,,
16087200,306,,
16087600,306,,
16087996,307,,
16088396,307,,
16088800,306,,
16089196,307,,
16089596,308,,
16089996,307,,
16090400,308,,
16090796,308,,
16091204,307,,
16091600,308,,
16092000,308,,
16092396,307,,
16092800,308,,
16093196,307,,
16093600,307,,
16093996,306,,
16094400,307,,
16094800,307,,
16095200,307,,
16095596,307,,
16096000,305,,
16096396,307,,
16096796,306,,
16097196,306,,
16097600,308,,
16097996,307,,
16098396,306,,
16098800,307,,
16099200,307,,
16099596,308,,
16099996,307,,
16100396,308,,
16100800,308,,
16101196,307,,
16101596,307,,
16102000,306,,
16102400,306,,
16102796,306,,
16103196,306,,
16103600,307,,
16103996,306,,
16104396,307,,
16104800,306,,
16105200,307,,
16105596,306,,
16106000,306,,
16106400,307,,
16106796,306,,
16107196,307,,
16107600,307,,
16107996,307,,
16108396,308,,
16108800,307,,
16109200,307,,
16109596,308,,
16109996,307,,
16110400,308,,
16110796,307,,
16111196,307,,
16111596,307,,
16112000,306,,
16112396,307,,
16112800,306,,
16113200,307,,
16113600,306,,
16113996,307,,
16114400,307,,
16114796,307,,
16115196,306,,
16115596,307,,
16116000,306,,
16116396,307,,
16116804,307,,
16117200,306,,
16117600,307,,
16117996,305,,
16118400,306,,
16118796,306,,
16119200,307,,
16119596,306,,
16120000,307,,
16120400,306,,
16120800,306,,
16121196,307,,
16121600,306,,
16121996,305,,
16122396,306,,
16122796,307,,
16123200,306,,
16123596,307,,
16124000,306,,
16124400,307,,
16124800,306,,
16125196,307,,
16125600,307,,
16125996,307,,
16126400,307,,
16126796,306,,
16127200,306,,
16127600,307,,
16128000,307,,
16128396,307,,
16128796,307,,
16129200,306,,
16129596,306,,
16129996,307,,
16130400,307,,
16130800,307,,
16131196,307,,
16131596,306,,
16132000,307,,
16132396,306,,
16132796,306,,
16133200,307,,
16133600,306,,
16133996,307,,
16134400,306,,
16134800,308,,
16135196,307,,
16135596,307,,
16136000,308,,
16136396,307,,
16136796,307,,
16137196,307,,
16137600,308,,
16137996,306,,
16138400,308,,
16138800,306,,
16139200,307,,
16139596,307,,
16140000,307,,
16140396,306,,
16140796,308,,
16141196,307,,
16141600,306,,
16141996,308,,
16142404,307,,
16142800,307,,
16143200,307,,
16143596,307,,
16143996,306,,
16144396,307,,
16144800,306,,
16145196,307,,
16145600,307,,
16146000,307,,
16146400,307,,
16146796,306,,
16147200,307,,
16147600,308,,
16147996,307,,
16148396,307,,
16148800,307,,
16149200,307,,
16149596,307,,
16150000,307,,
16150400,308,,
16150796,308,,
16151196,308,,
16151596,308,,
16152000,308,,
16152396,307,,
16152796,308,,
16153200,307,,
16153600,308,,
16153996,308,,
16154396,307,,
16154800,308,,
16155196,307,,
16155596,308,,
16156000,308,,
16156400,307,,
16156796,307,,
16157200,307,,
16157600,306,,
16157996,307,,
16158396,307,,
16158800,307,,
16159200,307,,
16159596,307,,
16160000,307,,
16160400,307,,
16160796,308,,
16161196,308,,
16161600,309,,
16161996,308,,
16162396,308,,
16162796,308,,
16163200,308,,
16163596,307,,
16164000,308,,
16164400,307,,
16164800,307,,
16165196,307,,
16165600,307,,
16165996,306,,
16166396,307,,
16166796,307,,
16167200,308,,
16167596,307,,
16168004,308,,
16168400,308,,
16168800,308,,
16169196,307,,
16169600,307,,
16169996,307,,
16170400,306,,
16170796,306,,
16171200,306,,
16171600,307,,
16172000,307,,
16172396,307,,
16172800,307,,
16173196,306,,
16173596,307,,
16173996,306,,
16174400,305,,
16174800,307,,
16175196,307,,
16175600,307,,
16176000,306,,
16176396,307,,
16176796,307,,
16177196,306,,
16177600,307,,
16178000,307,,
16178396,307,,
16178800,307,,
16179204,307,,
16179596,307,,
16179996,306,,
16180400,306,,
16180796,307,,
16181196,307,,
16181600,306,,
16182000,308,,
16182396,307,,
16182800,307,,
16183200,308,,
16183596,307,,
16183996,308,,
16184400,307,,
16184796,308,,
16185196,308,,
16185600,308,,
16186000,308,,
16186396,307,,
16186796,308,,
16187200,308,,
16187596,306,,
16187996,308,,
16188396,308,,
16188800,308,,
16189196,308,,
16189600,308,,
16190000,309,,
16190400,308,,
16190796,307,,
16191200,309,,
16191596,308,,
16191996,308,,
16192396,308,,
16192800,307,,
16193196,308,,
16193604,308,,
16194000,308,,
16194400,307,,
16194796,308,,
16195200,307,,
16195596,308,,
16196000,307,,
16196396,307,,
16196800,307,,
16197200,306,,
16197600,307,,
16197996,306,,
16198400,307,,
16198796,306,,
16199196,308,,
16199596,306,,
16200000,308,,
16200396,307,,
16200800,308,,
16201200,306,,
16201600,307,,
16201996,306,,
16202400,307,,
16202796,307,,
16203200,307,,
16203596,307,,
16204000,307,,
16204400,307,,
16204800,307,,
16205196,307,,
16205596,308,,
16206000,307,,
16206396,307,,
16206796,307,,
16207200,306,,
16207600,307,,
16207996,307,,
16208400,306,,
16208800,308,,
16209196,307,,
16209596,307,,
16210000,308,,
16210396,307,,
16210796,307,,
16211200,307,,
16211600,307,,
16211996,307,,
16212400,308,,
16212800,306,,
16213196,308,,
16213596,307,,
16214000,307,,
16214396,307,,
16214796,307,,
16215200,306,,
16215600,307,,
16215996,307,,
16216396,306,,
16216800,307,,
16217196,306,,
16217596,306,,
16217996,307,,
16218400,306,,
16218796,306,,
16219204,307,,
16219600,306,,
16220000,307,,
16220396,306,,
16220800,305,,
16221196,306,,
16221600,306,,
16221996,306,,
16222400,307,,
16222800,305,,
16223200,306,,
16223596,306,,
16224000,306,,
16224396,307,,
16224796,306,,
16225196,307,,
16225600,307,,
16225996,308,,
16226396,307,,
16226800,306,,
16227200,308,,
16227596,307,,
16227996,307,,
16228396,307,,
16228800,307,,
16229196,306,,
16229596,305,,
16230000,307,,
16230400,307,,
16230796,307,,
16231196,307,,
16231600,306,,
16231996,307,,
16232396,307,,
16232800,306,,
16233200,307,,
16233596,307,,
16234000,307,,
16234400,306,,
16234796,307,,
16235196,307,,
16235600,306,,
16235996,307,,
16236396,306,,
16236800,308,,
16237200,306,,
16237596,306,,
16237996,307,,
16238400,307,,
16238796,307,,
16239196,307,,
16239596,307,,
16240000,307,,
16240396,307,,
16240800,306,,
16241200,308,,
16241600,306,,
16241996,306,,
16242400,307,,
16242796,306,,
16243196,307,,
16243596,305,,
16244000,307,,
16244396,306,,
16244804,307,,
16245200,307,,
16245600,306,,
16245996,307,,
16246400,307,,
16246796,307,,
16247200,307,,
16247596,307,,
16248000,308,,
16248400,306,,
16248800,307,,
16249196,307,,
16249600,308,,
16249996,307,,
16250396,307,,
16250796,308,,
16251200,307,,
16251596,307,,
16252000,307,,
16252400,308,,
16252800,308,,
16253196,307,,
16253600,307,,
16253996,307,,
16254400,306,,
16254796,306,,
16255200,306,,
16255600,306,,
16256000,306,,
16256396,306,,
16256796,307,,
16257200,307,,
16257596,306,,
16257996,307,,
16258400,306,,
16258800,306,,
16259196,306,,
16259596,305,,
16260000,307,,
16260396,306,,
16260796,308,,
16261200,307,,
16261600,306,,
16261996,306,,
16262400,307,,
16262800,306,,
16263196,306,,
16263596,305,,
16264000,305,,
16264396,306,,
16264796,307,,
16265196,308,,
16265600,307,,
16265996,308,,
16266400,308,,
16266800,308,,
16267200,308,,
16267596,307,,
16268000,307,,
16268396,307,,
16268796,307,,
16269196,306,,
16269600,307,,
16269996,306,,
16270404,307,,
16270800,307,,
16271200,308,,
16271596,308,,
16271996,308,,
16272396,309,,
16272800,308,,
16273196,308,,
16273600,308,,
16274000,308,,
16274400,308,,
16274796,308,,
16275200,309,,
16275600,307,,
16275996,308,,
16276396,308,,
16276800,308,,
16277200,309,,
16277596,308,,
16278000,308,,
16278400,309,,
16278796,309,,
16279196,309,,
16279596,309,,
16280000,308,,
16280396,308,,
16280796,308,,
16281200,307,,
16281600,307,,
16281996,307,,
16282396,307,,
16282800,307,,
16283196,308,,
16283596,308,,
16284000,308,,
16284400,308,,
16284796,308,,
16285200,308,,
16285600,307,,
16285996,308,,
16286396,307,,
16286800,309,,
16287200,308,,
16287596,308,,
16288000,308,,
16288400,307,,
16288796,307,,
16289196,307,,
16289600,307,,
16289996,308,,
16290396,307,,
16290796,308,,
16291200,310,,
16291596,308,,
16292000,308,,
16292400,308,,
16292800,309,,
16293196,309,,
16293600,309,,
16293996,310,,
16294396,309,,
16294796,308,,
16295200,309,,
16295596,308,,
16296004,308,,
16296400,308,,
16296800,308,,
16297196,307,,
16297600,308,,
16297996,307,,
16298400,307,,
16298796,308,,
16299200,308,,
16299600,308,,
16300000,308,,
16300396,308,,
16300800,308,,
16301196,308,,
16301596,307,,
16301996,307,,
16302400,309,,
16302800,307,,
16303196,307,,
16303600,308,,
16304000,308,,
16304396,307,,
16304796,308,,
16305196,309,,
16305600,308,,
16306000,307,,
16306396,307,,
16306800,307,,
16307204,308,,
16307596,308,,
16307996,308,,
16308400,308,,
16308796,308,,
16309196,308,,
16309600,307,,
16310000,307,,
16310396,309,,
16310800,307,,
16311200,307,,
16311596,307,,
16311996,308,,
16312400,307,,
16312796,307,,
16313196,307,,
16313600,307,,
16314000,307,,
16314396,306,,
16314796,306,,
16315200,307,,
16315596,305,,
16315996,307,,
16316396,307,,
16316800,306,,
16317196,307,,
16317600,307,,
16318000,307,,
16318400,307,,
16318796,308,,
16319200,308,,
16319596,308,,
16319996,309,,
16320396,307,,
16320800,307,,
16321196,307,,
16321604,308,,
16322000,309,,
16322400,308,,
16322796,308,,
16323200,309,,
16323596,308,,
16324000,308,,
16324396,309,,
16324800,308,,
16325200,309,,
16325600,308,,
16325996,308,,
16326400,308,,
16326796,307,,
16327196,308,,
16327596,307,,
16328000,308,,
16328396,308,,
16328800,307,,
16329200,306,,
16329600,307,,
16329996,307,,
16330400,308,,
16330796,308,,
16331200,306,,
16331596,308,,
16332000,306,,
16332400,306,,
16332800,307,,
16333196,306,,
16333596,306,,
16334000,307,,
16334396,306,,
16334796,306,,
16335200,307,,
16335600,306,,
16335996,306,,
16336400,306,,
16336800,306,,
16337196,306,,
16337596,307,,
16338000,305,,
16338396,307,,
16338796,306,,
16339200,306,,
16339600,306,,
16339996,305,,
16340400,307,,
16340800,307,,
16341196,307,,
16341596,307,,
16342000,307,,
16342396,307,,
16342796,306,,
16343200,306,,
16343600,306,,
16343996,307,,
16344396,307,,
16344800,306,,
16345196,307,,
16345596,306,,
16345996,307,,
16346400,307,,
16346796,306,,
16347204,308,,
16347600,306,,
16348000,307,,
16348396,306,,
16348800,307,,
16349196,307,,
16349600,308,,
16349996,307,,
16350400,308,,
16350800,306,,
16351200,307,,
16351596,307,,
16352000,308,,
16352396,308,,
16352796,307,,
16353196,307,,
16353600,307,,
16353996,308,,
16354396,307,,
16354800,307,,
16355200,307,,
16355596,307,,
16355996,307,,
16356396,307,,
16356800,307,,
16357196,307,,
16357596,307,,
16358000,306,,
16358400,306,,
16358796,306,,
16359196,305,,
16359600,305,,
16359996,305,,
16360396,306,,
16360800,307,,
16361200,307,,
16361596,307,,
16362000,308,,
16362400,307,,
16362796,308,,
16363196,307,,
16363600,307,,
16363996,307,,
16364396,306,,
16364800,306,,
16365200,306,,
16365596,306,,
16365996,306,,
16366400,307,,
16366796,307,,
16367196,306,,
16367596,306,,
16368000,306,,
16368396,306,,
16368800,307,,
16369200,307,,
16369600,307,,
16369996,308,,
16370400,308,,
16370796,308,,
16371196,308,,
16371596,307,,
16372000,307,,
16372396,307,,
16372804,308,,
16373200,308,,
16373600,308,,
16373996,309,,
16374400,308,,
16374796,309,,
16375200,308,,
16375596,309,,
16376000,307,,
16376400,306,,
16376800,309,,
16377196,308,,
16377600,307,,
16377996,307,,
16378396,308,,
16378796,307,,
16379200,308,,
16379596,308,,
16380000,309,,
16380400,308,,
16380800,308,,
16381196,307,,
16381600,307,,
16381996,308,,
16382400,308,,
16382796,309,,
16383200,308,,
16383600,308,,
16384000,308,,
16384396,308,,
16384796,307,,
16385200,308,,
16385596,307,,
16385996,307,,
16386400,308,,
16386800,308,,
16387196,308,,
16387596,308,,
16388000,307,,
16388396,308,,
16388796,308,,
16389200,307,,
16389600,307,,
16389996,308,,
16390400,308,,
16390800,308,,
16391196,308,,
16391596,309,,
16392000,308,,
16392396,309,,
16392796,309,,
16393196,309,,
16393600,308,,
16393996,308,,
16394400,308,,
16394800,308,,
16395200,307,,
16395596,308,,
16396000,308,,
16396396,308,,
16396796,308,,
16397196,307,,
16397600,308,,
16397996,307,,
16398404,308,,
16398800,308,,
16399200,309,,
16399596,309,,
16399996,308,,
16400396,307,,
16400800,307,,
16401196,308,,
16401600,308,,
16402000,309,,
16402400,308,,
16402796,308,,
16403200,309,,
16403600,309,,
16403996,308,,
16404396,309,,
16404800,308,,
16405200,308,,
16405596,308,,
16406000,309,,
16406400,309,,
16406796,308,,
16407196,309,,
16407596,309,,
16408000,308,,
16408396,309,,
16408796,308,,
16409200,308,,
16409600,308,,
16409996,308,,
16410396,307,,
16410800,308,,
16411196,307,,
16411596,307,,
16412000,307,,
16412400,307,,
16412796,307,,
16413200,307,,
16413600,307,,
16413996,307,,
16414396,307,,
16414800,307,,
16415200,308,,
16415596,307,,
16416000,307,,
16416400,307,,
16416796,307,,
16417196,308,,
16417600,308,,
16417996,308,,
16418396,308,,
16418796,307,,
16419200,307,,
16419596,308,,
16420000,307,,
16420400,308,,
16420800,309,,
16421196,308,,
16421600,308,,
16421996,309,,
16422396,307,,
16422796,308,,
16423200,308,,
16423596,308,,
16424004,308,,
16424400,308,,
16424800,306,,
16425196,307,,
16425600,309,,
16425996,308,,
16426400,308,,
16426796,307,,
16427200,308,,
16427600,308,,
16428000,308,,
16428396,307,,
16428800,308,,
16429196,308,,
16429596,308,,
16429996,307,,
16430400,308,,
16430800,306,,
16431196,306,,
16431600,306,,
16432000,307,,
16432396,307,,
16432796,307,,
16433196,306,,
16433600,307,,
16434000,306,,
16434396,306,,
16434800,306,,
16435204,307,,
16435596,307,,
16435996,306,,
16436400,307,,
16436796,307,,
16437196,307,,
16437600,307,,
16438000,307,,
16438396,307,,
16438800,306,,
16439200,307,,
16439596,307,,
16439996,307,,
16440400,308,,
16440796,307,,
16441196,308,,
16441600,308,,
16442000,307,,
16442396,308,,
16442796,308,,
16443200,308,,
16443596,307,,
16443996,308,,
16444396,307,,
16444800,307,,
16445196,307,,
16445600,307,,
16446000,309,,
16446400,307,,
16446796,308,,
16447200,307,,
16447596,307,,
16447996,308,,
16448396,307,,
16448800,307,,
16449196,308,,
16449604,308,,
16450000,307,,
16450400,307,,
16450796,307,,
16451200,308,,
16451596,307,,
16452000,308,,
16452396,307,,
16452800,306,,
16453200,307,,
16453600,307,,
16453996,306,,
16454400,306,,
16454796,306,,
16455196,306,,
16455596,306,,
16456000,306,,
16456396,305,,
16456800,306,,
16457200,306,,
16457600,305,,
16457996,305,,
16458400,305,,
16458796,306,,
16459200,306,,
16459596,306,,
16460000,306,,
16460400,307,,
16460800,307,,
16461196,307,,
16461596,306,,
16462000,306,,
16462396,307,,
16462796,307,,
16463200,307,,
16463600,307,,
16463996,307,,
16464400,308,,
16464800,308,,
16465196,309,,
16465596,309,,
16466000,309,,
16466396,309,,
16466796,309,,
16467200,307,,
16467600,307,,
16467996,307,,
16468400,307,,
16468800,307,,
16469196,307,,
16469596,307,,
16470000,307,,
16470396,307,,
16470796,308,,
16471200,307,,
16471600,307,,
16471996,307,,
16472396,306,,
16472800,306,,
16473196,307,,
16473596,306,,
16473996,307,,
16474400,307,,
16474796,307,,
16475204,307,,
16475600,307,,
16476000,308,,
16476396,308,,
16476800,307,,
16477196,307,,
16477600,307,,
16477996,306,,
16478400,307,,
16478800,305,,
16479200,308,,
16479596,306,,
16480000,307,,
16480396,307,,
16480796,307,,
16481196,308,,
16481600,308,,
16481996,308,,
16482396,307,,
16482800,307,,
16483200,307,,
16483596,307,,
16483996,307,,
16484396,308,,
16484800,308,,
16485196,307,,
16485596,308,,
16486000,308,,
16486400,307,,
16486796,307,,
16487196,307,,
16487600,307,,
16487996,307,,
16488396,308,,
16488800,307,,
16489200,307,,
16489596,307,,
16490000,308,,
16490400,307,,
16490796,309,,
16491196,307,,
16491600,307,,
16491996,308,,
16492396,308,,
16492800,308,,
16493200,307,,
16493596,308,,
16493996,308,,
16494400,308,,
16494796,307,,
16495196,308,,
16495596,308,,
16496000,307,,
16496396,307,,
16496800,307,,
16497200,308,,
16497600,307,,
16497996,307,,
16498400,306,,
16498796,307,,
16499196,308,,
16499596,307,,
16500000,307,,
16500396,308,,
16500804,307,,
16501200,307,,
16501600,308,,
16501996,307,,
16502400,308,,
16502796,307,,
16503200,308,,
16503596,307,,
16504000,307,,
16504400,307,,
16504800,305,,
16505196,306,,
16505600,306,,
16505996,305,,
16506396,308,,
16506796,305,,
16507200,307,,
16507596,307,,
16508000,307,,
16508400,306,,
16508800,307,,
16509196,307,,
16509600,307,,
16509996,307,,
16510400,308,,
16510796,306,,
16511200,309,,
16511600,307,,
16512000,307,,
16512396,309,,
16512796,308,,
16513200,308,,
16513596,308,,
16513996,308,,
16514400,308,,
16514800,308,,
16515196,308,,
16515596,309,,
16516000,310,,
16516396,308,,
16516796,309,,
16517200,308,,
16517600,309,,
16517996,308,,
16518400,309,,
16518800,309,,
16519196,309,,
16519596,308,,
16520000,307,,
16520396,309,,
16520796,308,,
16521196,308,,
16521600,308,,
16521996,308,,
16522400,308,,
16522800,307,,
16523200,308,,
16523596,307,,
16524000,308,,
16524396,308,,
16524796,307,,
16525196,308,,
16525600,307,,
16525996,308,,
16526404,308,,
16526800,308,,
16527200,308,,
16527596,308,,
16527996,307,,
16528396,308,,
16528800,307,,
16529196,307,,
16529600,307,,
16530000,307,,
16530400,308,,
16530796,307,,
16531200,308,,
16531600,307,,
16531996,307,,
16532396,309,,
16532800,307,,
16533200,308,,
16533596,308,,
16534000,308,,
16534400,307,,
16534796,308,,
16535196,307,,
16535596,307,,
16536000,308,,
16536396,307,,
16536796,308,,
16537200,308,,
16537600,307,,
16537996,308,,
16538396,308,,
16538800,308,,
16539196,308,,
16539596,309,,
16540000,309,,
16540400,309,,
16540796,309,,
16541200,309,,
16541600,309,,
16541996,309,,
16542396,309,,
16542800,309,,
16543200,309,,
16543596,308,,
16544000,308,,
16544400,308,,
16544796,308,,
16545196,308,,
16545600,307,,
16545996,308,,
16546396,307,,
16546796,307,,
16547200,308,,
16547596,306,,
16548000,307,,
16548400,307,,
16548800,307,,
16549196,306,,
16549600,307,,
16549996,307,,
16550396,306,,
16550796,307,,
16551200,307,,
16551596,307,,
16552004,307,,
16552400,306,,
16552800,307,,
16553196,307,,
16553600,307,,
16553996,307,,
16554400,307,,
16554796,307,,
16555200,308,,
16555600,307,,
16556000,307,,
16556396,307,,
16556800,308,,
16557196,307,,
16557596,307,,
16557996,307,,
16558400,308,,
16558800,308,,
16559196,307,,
16559600,308,,
16560000,308,,
16560396,307,,
16560796,307,,
16561196,306,,
16561600,306,,
16562000,307,,
16562396,307,,
16562800,307,,
16563204,308,,
16563596,308,,
16563996,309,,
16564400,309,,
16564796,309,,
16565196,309,,
16565600,308,,
16566000,308,,
16566396,308,,
16566800,308,,
16567200,308,,
16567596,308,,
16567996,307,,
16568400,308,,
16568796,307,,
16569196,307,,
16569600,307,,
16570000,307,,
16570396,306,,
16570796,306,,
16571200,306,,
16571596,305,,
16571996,306,,
16572396,306,,
16572800,306,,
16573196,306,,
16573600,306,,
16574000,307,,
16574400,307,,
16574796,306,,
16575200,306,,
16575596,306,,
16575996,307,,
16576396,307,,
16576800,307,,
16577196,306,,
16577604,306,,
16578000,306,,
16578400,306,,
16578796,306,,
16579200,306,,
16579596,307,,
16580000,307,,
16580396,307,,
16580800,308,,
16581200,307,,
16581600,308,,
16581996,308,,
16582400,308,,
16582796,308,,
16583196,307,,
16583596,307,,
16584000,307,,
16584396,307,,
16584800,307,,
16585200,307,,
16585600,308,,
16585996,307,,
16586400,308,,
16586796,307,,
16587200,308,,
16587596,307,,
16588000,307,,
16588400,306,,
16588800,307,,
16589196,307,,
16589596,307,,
16590000,308,,
16590396,308,,
16590796,309,,
16591200,308,,
16591600,308,,
16591996,307,,
16592400,308,,
16592800,306,,
16593196,307,,
16593596,307,,
16594000,307,,
16594396,307,,
16594796,306,,
16595200,307,,
16595600,307,,
16595996,307,,
16596400,307,,
16596800,307,,
16597196,307,,
16597596,307,,
16598000,307,,
16598396,307,,
16598796,307,,
16599200,307,,
16599600,307,,
16599996,306,,
16600396,307,,
16600800,308,,
16601196,307,,
16601596,307,,
16601996,308,,
16602400,307,,
16602796,307,,
16603204,308,,
16603600,307,,
16604000,308,,
16604396,307,,
16604800,308,,
16605196,309,,
16605600,307,,
16605996,308,,
16606400,309,,
16606800,307,,
16607200,308,,
16607596,308,,
16608000,308,,
16608396,308,,
16608796,308,,
16609196,308,,
16609600,308,,
16609996,308,,
16610396,308,,
16610800,308,,
16611200,309,,
16611596,309,,
16611996,309,,
16612396,309,,
16612800,308,,
16613196,309,,
16613596,308,,
16614000,308,,
16614400,308,,
16614796,309,,
16615196,308,,
16615600,309,,
16615996,308,,
16616396,309,,
16616800,309,,
16617200,309,,
16617596,308,,
16618000,309,,
16618400,309,,
16618796,308,,
16619196,307,,
16619600,308,,
16619996,308,,
16620396,307,,
16620800,307,,
16621200,307,,
16621596,307,,
16621996,307,,
16622400,308,,
16622796,306,,
16623196,308,,
16623596,308,,
16624000,307,,
16624396,307,,
16624800,307,,
16625200,307,,
16625600,307,,
16625996,307,,
16626400,306,,
16626796,307,,
16627196,306,,
16627596,307,,
16628000,307,,
16628396,307,,
16628804,307,,
16629200,307,,
16629600,307,,
16629996,307,,
16630400,306,,
16630796,307,,
16631200,307,,
16631596,308,,
16632000,308,,
16632400,307,,
16632800,309,,
16633196,308,,
16633600,308,,
16633996,308,,
16634396,308,,
16634796,308,,
16635200,307,,
16635596,307,,
16636000,307,,
16636400,307,,
16636800,307,,
16637196,306,,
16637600,308,,
16637996,307,,
16638400,307,,
16638796,307,,
16639200,306,,
16639600,307,,
16640000,307,,
16640396,307,,
16640796,306,,
16641200,306,,
16641596,305,,
16641996,307,,
16642400,306,,
16642800,307,,
16643196,307,,
16643596,306,,
16644000,307,,
16644396,306,,
16644796,307,,
16645200,307,,
16645600,307,,
16645996,308,,
16646400,306,,
16646800,307,,
16647196,306,,
16647596,308,,
16648000,307,,
16648396,307,,
16648796,307,,
16649196,307,,
16649600,308,,
16649996,308,,
16650400,307,,
16650800,308,,
16651200,308,,
16651596,308,,
16652000,308,,
16652396,308,,
16652796,308,,
16653196,308,,
16653600,307,,
16653996,309,,
16654404,308,,
16654800,308,,
16655200,307,,
16655596,307,,
16655996,308,,
16656396,307,,
16656800,307,,
16657196,308,,
16657600,307,,
16658000,308,,
16658400,307,,
16658796,309,,
16659200,309,,
16659600,309,,
16659996,309,,
16660396,308,,
16660800,307,,
16661200,307,,
16661596,307,,
16662000,308,,
16662400,309,,
16662796,309,,
16663196,309,,
16663596,309,,
16664000,309,,
16664396,309,,
16664796,309,,
16665200,309,,
16665600,310,,
16665996,310,,
16666396,309,,
16666800,309,,
16667196,308,,
16667596,307,,
16668000,307,,
16668400,306,,
16668796,307,,
16669200,307,,
16669600,307,,
16669996,307,,
16670396,306,,
16670800,306,,
16671200,306,,
16671596,306,,
16672000,306,,
16672400,306,,
16672796,306,,
16673196,305,,
16673600,306,,
16673996,306,,
16674396,306,,
16674796,307,,
16675200,307,,
16675596,308,,
16676000,308,,
16676400,307,,
16676800,308,,
16677196,307,,
16677600,307,,
16677996,308,,
16678396,308,,
16678796,308,,
16679200,308,,
16679596,309,,
16680004,310,,
16680400,309,,
16680800,309,,
16681196,309,,
16681600,309,,
16681996,308,,
16682400,308,,
16682796,307,,
16683200,308,,
16683600,307,,
16684000,308,,
16684396,308,,
16684800,307,,
16685196,306,,
16685596,308,,
16685996,307,,
16686400,307,,
16686800,306,,
16687196,306,,
16687600,307,,
16688000,306,,
16688396,307,,
16688796,306,,
16689196,307,,
16689600,307,,
16690000,307,,
16690396,307,,
16690800,307,,
16691204,307,,
16691596,308,,
16691996,308,,
16692400,307,,
16692796,306,,
16693196,306,,
16693600,306,,
16694000,306,,
16694396,306,,
16694800,306,,
16695200,307,,
16695596,306,,
16695996,306,,
16696400,306,,
16696796,305,,
16697196,306,,
16697600,306,,
16698000,306,,
16698396,305,,
16698796,306,,
16699200,306,,
16699596,306,,
16699996,306,,
16700396,306,,
16700800,307,,
16701196,306,,
16701600,306,,
16702000,306,,
16702400,306,,
16702796,307,,
16703200,306,,
16703596,307,,
16703996,307,,
16704396,307,,
16704800,307,,
16705196,307,,
16705604,308,,
16706000,307,,
16706400,307,,
16706796,306,,
16707200,307,,
16707596,307,,
16708000,308,,
16708396,307,,
16708800,307,,
16709200,307,,
16709600,308,,
16709996,307,,
16710400,308,,
16710796,308,,
16711196,308,,
16711596,308,,
16712000,307,,
16712396,308,,
16712800,308,,
16713200,307,,
16713600,307,,
16713996,308,,
16714400,308,,
16714796,307,,
16715200,308,,
16715596,306,,
16716000,307,,
16716400,308,,
16716800,307,,
16717196,308,,
16717596,307,,
16718000,308,,
16718396,307,,
16718796,307,,
16719200,308,,
16719600,307,,
16719996,307,,
16720400,309,,
16720800,308,,
16721196,308,,
16721596,307,,
16722000,308,,
16722396,308,,
16722796,309,,
16723200,308,,
16723600,308,,
16723996,308,,
16724400,308,,
16724800,309,,
16725196,308,,
16725596,309,,
16726000,309,,
16726396,309,,
16726796,309,,
16727200,309,,
16727600,309,,
16727996,308,,
16728396,310,,
16728800,307,,
16729196,308,,
16729596,308,,
16729996,308,,
16730400,309,,
16730796,308,,
16731204,309,,
16731600,309,,
16732000,309,,
16732396,308,,
16732800,309,,
16733196,310,,
16733600,309,,
16733996,308,,
16734400,308,,
16734800,308,,
16735200,308,,
16735596,307,,
16736000,308,,
16736396,308,,
16736796,308,,
16737196,308,,
16737600,307,,
16737996,308,,
16738396,308,,
16738800,306,,
16739200,308,,
16739596,308,,
16739996,307,,
16740396,307,,
16740800,307,,
16741196,307,,
16741596,307,,
16742000,307,,
16742400,307,,
16742796,306,,
16743196,306,,
16743600,307,,
16743996,307,,
16744396,307,,
16744800,306,,
16745200,307,,
16745596,306,,
16746000,306,,
16746400,306,,
16746796,306,,
16747196,306,,
16747600,307,,
16747996,307,,
16748396,306,,
16748800,307,,
16749200,306,,
16749596,307,,
16749996,306,,
16750400,306,,
16750796,308,,
16751196,306,,
16751596,308,,
16752000,307,,
16752396,307,,
16752800,307,,
16753200,307,,
16753600,307,,
16753996,307,,
16754400,307,,
16754796,307,,
16755196,307,,
16755596,307,,
16756000,309,,
16756396,308,,
16756804,308,,
16757200,307,,
16757600,307,,
16757996,308,,
16758400,307,,
16758796,308,,
16759200,308,,
16759596,308,,
16760000,308,,
16760400,308,,
16760800,308,,
16761196,308,,
16761600,307,,
16761996,307,,
16762396,307,,
16762796,306,,
16763200,307,,
16763596,307,,
16764000,308,,
16764400,307,,
16764800,307,,
16765196,306,,
16765600,307,,
16765996,306,,
16766400,307,,
16766796,306,,
16767200,307,,
16767600,308,,
16768000,307,,
16768396,307,,
16768796,307,,
16769200,307,,
16769596,308,,
16769996,309,,
16770400,309,,
16770800,309,,
16771196,308,,
16771596,307,,
16772000,307,,
16772396,307,,
16772796,307,,
16773200,306,,
16773600,306,,
16773996,306,,
16774400,306,,
16774800,308,,
16775196,308,,
16775596,308,,
16776000,307,,
16776396,307,,
16776796,307,,
16777196,306,,
16777600,306,,
16777996,307,,
16778400,307,,
16778800,307,,
16779200,307,,
16779596,308,,
16780000,307,,
16780396,308,,
16780796,307,,
16781196,307,,
16781600,306,,
16781996,307,,
16782404,308,,
16782800,307,,
16783200,307,,
16783596,308,,
16783996,308,,
16784396,307,,
16784800,308,,
16785196,307,,
16785600,307,,
16786000,307,,
16786400,307,,
16786796,308,,
16787200,306,,
16787600,307,,
16787996,307,,
16788396,306,,
16788800,306,,
16789200,307,,
16789596,307,,
16790000,307,,
16790400,307,,
16790796,307,,
16791196,307,,
16791596,308,,
16792000,307,,
16792396,306,,
16792796,307,,
16793200,307,,
16793600,306,,
16793996,307,,
16794396,307,,
16794800,306,,
16795196,306,,
16795596,307,,
16796000,307,,
16796400,307,,
16796796,306,,
16797200,307,,
16797600,306,,
16797996,307,,
16798396,305,,
16798800,307,,
16799200,307,,
16799596,307,,
16800000,306,,
16800400,307,,
16800796,307,,
16801196,307,,
16801600,308,,
16801996,307,,
16802396,308,,
16802796,308,,
16803200,307,,
16803596,308,,
16804000,307,,
16804400,307,,
16804800,308,,
16805196,308,,
16805600,307,,
16805996,308,,
16806396,308,,
16806796,308,,
16807200,308,,
16807596,308,,
16808004,308,,
16808400,307,,
16808800,309,,
16809196,307,,
16809600,307,,
16809996,307,,
16810400,307,,
16810796,307,,
16811200,307,,
16811600,308,,
16812000,307,,
16812396,307,,
16812800,307,,
16813196,307,,
16813596,307,,
16813996,308,,
16814400,307,,
16814800,307,,
16815196,307,,
16815600,307,,
16816000,308,,
16816396,308,,
16816796,307,,
16817196,310,,
16817600,309,,
16818000,308,,
16818396,307,,
16818800,309,,
16819204,309,,
16819596,309,,
16819996,308,,
16820400,308,,
16820796,309,,
16821196,309,,
16821600,309,,
16822000,310,,
16822396,308,,
16822800,309,,
16823200,308,,
16823596,309,,
16823996,308,,
16824400,308,,
16824796,309,,
16825196,310,,
16825600,308,,
16826000,308,,
16826396,308,,
16826796,308,,
16827200,308,,
16827596,309,,
16827996,308,,
16828396,309,,
16828800,307,,
16829196,308,,
16829600,307,,
16830000,308,,
16830400,307,,
16830796,307,,
16831200,307,,
16831596,306,,
16831996,307,,
16832396,306,,
16832800,307,,
16833196,308,,
16833604,307,,
16834000,307,,
16834400,307,,
16834796,306,,
16835200,307,,
16835596,306,,
16836000,307,,
16836396,306,,
16836800,306,,
16837200,306,,
16837600,306,,
16837996,307,,
16838400,307,,
16838796,307,,
16839196,308,,
16839596,307,,
16840000,308,,
16840396,307,,
16840800,307,,
16841200,307,,
16841600,308,,
16841996,307,,
16842400,308,,
16842796,307,,
16843200,308,,
16843596,307,,
16844000,308,,
16844400,308,,
16844800,307,,
16845196,308,,
16845596,307,,
16846000,307,,
16846396,308,,
16846796,307,,
16847200,308,,
16847600,308,,
16847996,308,,
16848400,307,,
16848800,308,,
16849196,308,,
16849596,308,,
16850000,307,,
16850396,307,,
16850796,308,,
16851200,306,,
16851600,308,,
16851996,306,,
16852400,307,,
16852800,308,,
16853196,306,,
16853596,307,,
16854000,306,,
16854396,307,,
16854796,307,,
16855200,307,,
16855600,306,,
16855996,306,,
16856396,307,,
16856800,305,,
16857196,307,,
16857596,306,,
16857996,307,,
16858400,306,,
16858796,306,,
16859204,307,,
16859600,306,,
16860000,308,,
16860396,307,,
16860800,307,,
16861196,307,,
16861600,307,,
16861996,306,,
16862400,307,,
16862800,307,,
16863200,307,,
16863596,307,,
16864000,306,,
16864396,307,,
16864796,307,,
16865196,308,,
16865600,307,,
16865996,308,,
16866396,308,,
16866800,307,,
16867200,307,,
16867596,307,,
16867996,306,,
16868396,307,,
16868800,307,,
16869196,307,,
16869596,307,,
16870000,307,,
16870400,308,,
16870796,307,,
16871196,307,,
16871600,307,,
16871996,307,,
16872396,308,,
16872800,306,,
16873200,307,,
16873596,307,,
16874000,307,,
16874400,307,,
16874796,308,,
16875196,308,,
16875600,308,,
16875996,307,,
16876396,308,,
16876800,307,,
16877200,307,,
16877596,307,,
16877996,307,,
16878400,307,,
16878796,307,,
16879196,307,,
16879596,307,,
16880000,307,,
16880396,307,,
16880800,307,,
16881200,308,,
16881600,308,,
16881996,307,,
16882400,306,,
16882796,308,,
16883196,307,,
16883596,307,,
16884000,308,,
16884396,307,,
16884804,309,,
16885200,308,,
16885600,307,,
16885996,307,,
16886400,308,,
16886796,307,,
16887200,307,,
16887596,307,,
16888000,307,,
16888400,307,,
16888800,307,,
16889196,307,,
16889600,306,,
16889996,307,,
16890396,308,,
16890796,307,,
16891200,307,,
16891596,307,,
16892000,307,,
16892400,307,,
16892800,307,,
16893196,307,,
16893600,308,,
16893996,307,,
16894400,307,,
16894796,307,,
16895200,308,,
16895600,308,,
16896000,308,,
16896396,307,,
16896796,307,,
16897200,307,,
16897596,307,,
16897996,308,,
16898400,308,,
16898800,308,,
16899196,309,,
16899596,309,,
16900000,309,,
16900396,308,,
16900796,308,,
16901200,309,,
16901600,308,,
16901996,308,,
16902400,307,,
16902800,308,,
16903196,309,,
16903596,308,,
16904000,308,,
16904396,308,,
16904796,309,,
16905196,307,,
16905600,307,,
16905996,307,,
16906400,308,,
16906800,309,,
16907200,309,,
16907596,308,,
16908000,309,,
16908396,308,,
16908796,307,,
16909196,307,,
16909600,309,,
16909996,309,,
16910404,308,,
16910800,308,,
16911200,309,,
16911596,307,,
16911996,308,,
16912396,308,,
16912800,309,,
16913196,307,,
16913600,309,,
16914000,307,,
16914400,306,,
16914796,307,,
16915200,308,,
16915600,307,,
16915996,308,,
16916396,308,,
16916800,308,,
16917200,308,,
16917596,308,,
16918000,308,,
16918400,308,,
16918796,308,,
16919196,309,,
16919596,307,,
16920000,308,,
16920396,308,,
16920796,307,,
16921200,309,,
16921600,308,,
16921996,308,,
16922396,308,,
16922800,309,,
16923196,309,,
16923596,308,,
16924000,308,,
16924400,309,,
16924796,309,,
16925200,308,,
16925600,308,,
16925996,308,,
16926396,308,,
16926800,308,,
16927200,307,,
16927596,309,,
16928000,308,,
16928400,308,,
16928796,308,,
16929196,308,,
16929600,307,,
16929996,307,,
16930396,307,,
16930796,307,,
16931200,307,,
16931596,307,,
16932000,307,,
16932400,307,,
16932800,308,,
16933196,307,,
16933600,307,,
16933996,307,,
16934396,306,,
16934796,307,,
16935200,307,,
16935596,307,,
16936004,308,,
16936400,306,,
16936800,308,,
16937196,307,,
16937600,308,,
16937996,307,,
16938400,308,,
16938796,308,,
16939200,308,,
16939600,308,,
16940000,309,,
16940396,309,,
16940800,308,,
16941196,309,,
16941596,307,,
16941996,308,,
16942400,308,,
16942800,307,,
16943196,308,,
16943600,307,,
16944000,307,,
16944396,307,,
16944796,306,,
16945196,308,,
16945600,306,,
16946000,307,,
16946396,307,,
16946800,306,,
16947204,307,,
16947596,305,,
16947996,306,,
16948400,306,,
16948796,305,,
16949196,305,,
16949600,305,,
16950000,306,,
16950396,306,,
16950800,305,,
16951200,305,,
16951596,306,,
16951996,305,,
16952400,305,,
16952796,305,,
16953196,305,,
16953600,307,,
16954000,305,,
16954396,307,,
16954796,306,,
16955200,305,,
16955596,306,,
16955996,306,,
16956396,306,,
16956800,307,,
16957196,306,,
16957600,307,,
16958000,306,,
16958400,306,,
16958796,307,,
16959200,306,,
16959596,307,,
16959996,307,,
16960396,306,,
16960800,306,,
16961196,307,,
16961604,306,,
16962000,307,,
16962400,306,,
16962796,306,,
16963200,306,,
16963596,306,,
16964000,306,,
16964396,305,,
16964800,306,,
16965200,306,,
16965600,306,,
16965996,306,,
16966400,306,,
16966796,306,,
16967196,306,,
16967596,306,,
16968000,306,,
16968396,306,,
16968800,305,,
16969200,306,,
16969600,306,,
16969996,306,,
16970400,307,,
16970796,307,,
16971200,308,,
16971596,307,,
16972000,308,,
16972400,307,,
16972800,307,,
16973196,308,,
16973596,307,,
16974000,308,,
16974396,308,,
16974796,308,,
16975200,307,,
16975600,308,,
16975996,307,,
16976400,308,,
16976800,307,,
16977196,308,,
16977596,306,,
16978000,307,,
16978396,306,,
16978796,306,,
16979200,307,,
16979600,307,,
16979996,306,,
16980400,306,,
16980800,307,,
16981196,307,,
16981596,307,,
16982000,307,,
16982396,307,,
16982796,306,,
16983200,306,,
16983600,307,,
16983996,308,,
16984396,307,,
16984800,308,,
16985196,308,,
16985596,308,,
16985996,307,,
16986400,306,,
16986796,307,,
16987204,307,,
16987600,307,,
16988000,306,,
16988396,307,,
16988800,307,,
16989196,307,,
16989600,307,,
16989996,308,,
16990400,308,,
16990800,308,,
16991200,308,,
16991596,309,,
16992000,309,,
16992396,309,,
16992796,309,,
16993196,309,,
16993600,309,,
16993996,309,,
16994396,309,,
16994800,308,,
16995200,309,,
16995596,308,,
16995996,308,,
16996396,309,,
16996800,307,,
16997196,307,,
16997596,307,,
16998000,308,,
16998400,307,,
16998796,307,,
16999196,308,,
16999600,307,,
16999996,307,,
17000396,307,,
17000800,308,,
17001200,307,,
17001596,307,,
17002000,306,,
17002400,306,,
17002796,307,,
17003196,306,,
17003600,307,,
17003996,307,,
17004396,307,,
17004800,307,,
17005200,307,,
17005596,307,,
17005996,307,,
17006400,308,,
17006796,308,,
17007196,308,,
17007596,308,,
17008000,308,,
17008396,307,,
17008800,307,,
17009200,308,,
17009600,307,,
17009996,307,,
17010400,306,,
17010796,307,,
17011196,306,,
17011596,306,,
17012000,308,,
17012396,307,,
17012804,307,,
17013200,307,,
17013600,307,,
17013996,307,,
17014400,307,,
17014796,307,,
17015200,307,,
17015596,307,,
17016000,307,,
17016400,308,,
17016800,308,,
17017196,309,,
17017600,309,,
17017996,309,,
17018396,308,,
17018796,308,,
17019200,308,,
17019596,308,,
17020000,308,,
17020400,309,,
17020800,309,,
17021196,308,,
17021600,308,,
17021996,307,,
17022400,308,,
17022796,308,,
17023200,308,,
17023600,308,,
17024000,308,,
17024396,307,,
17024796,307,,
17025200,307,,
17025596,307,,
17025996,308,,
17026400,306,,
17026800,307,,
17027196,307,,
17027596,306,,
17028000,306,,
17028396,307,,
17028796,306,,
17029200,305,,
17029600,307,,
17029996,306,,
17030400,306,,
17030800,307,,
17031196,307,,
17031596,308,,
17032000,308,,
17032396,307,,
17032796,308,,
17033196,308,,
17033600,308,,
17033996,307,,
17034400,309,,
17034800,309,,
17035200,307,,
17035596,307,,
17036000,308,,
17036396,308,,
17036796,309,,
17037196,308,,
17037600,308,,
17037996,308,,
17038404,309,,
17038800,307,,
17039200,307,,
17039596,308,,
17039996,308,,
17040396,309,,
17040800,307,,
17041196,308,,
17041600,309,,
17042000,309,,
17042400,307,,
17042796,309,,
17043200,308,,
17043600,308,,
17043996,308,,
17044396,308,,
17044800,308,,
17045200,307,,
17045596,308,,
17046000,307,,
17046400,307,,
17046796,306,,
17047196,306,,
17047596,307,,
17048000,307,,
17048396,307,,
17048796,306,,
17049200,308,,
17049600,306,,
17049996,306,,
17050396,307,,
17050800,307,,
17051196,307,,
17051596,306,,
17052000,306,,
17052400,306,,
17052796,307,,
17053200,307,,
17053600,307,,
17053996,307,,
17054396,307,,
17054800,307,,
17055200,308,,
17055596,308,,
17056000,308,,
17056400,308,,
17056796,307,,
17057196,308,,
17057600,308,,
17057996,307,,
17058396,308,,
17058796,307,,
17059200,308,,
17059596,307,,
17060000,308,,
17060400,308,,
17060800,307,,
17061196,307,,
17061600,307,,
17061996,307,,
17062396,307,,
17062796,307,,
17063200,307,,
17063596,306,,
17064004,307,,
17064400,306,,
17064800,307,,
17065196,307,,
17065600,307,,
17065996,308,,
17066400,307,,
17066796,308,,
17067200,308,,
17067600,307,,
17068000,307,,
17068396,308,,
17068800,308,,
17069196,308,,
17069596,307,,
17069996,308,,
17070400,308,,
17070800,307,,
17071196,307,,
17071600,307,,
17072000,307,,
17072396,306,,
17072796,307,,
17073196,308,,
17073600,307,,
17074000,307,,
17074396,307,,
17074800,308,,
17075204,308,,
17075596,307,,
17075996,308,,
17076400,306,,
17076796,306,,
17077196,306,,
17077600,307,,
17078000,308,,
17078396,307,,
17078800,307,,
17079200,308,,
17079596,307,,
17079996,307,,
17080400,307,,
17080796,308,,
17081196,308,,
17081600,309,,
17082000,309,,
17082396,309,,
17082796,308,,
17083200,307,,
17083596,308,,
17083996,309,,
17084396,308,,
17084800,309,,
17085196,309,,
17085600,307,,
17086000,308,,
17086400,308,,
17086796,309,,
17087200,308,,
17087596,308,,
17087996,309,,
17088396,309,,
17088800,309,,
17089196,309,,
17089604,309,,
17090000,308,,
17090400,307,,
17090796,308,,
17091200,308,,
17091596,309,,
17092000,309,,
17092396,308,,
17092800,308,,
17093200,308,,
17093600,307,,
17093996,309,,
17094400,308,,
17094796,308,,
17095196,309,,
17095596,307,,
17096000,308,,
17096396,308,,
17096800,309,,
17097200,308,,
17097600,308,,
17097996,308,,
17098400,309,,
17098796,308,,
17099200,308,,
17099596,308,,
17100000,309,,
17100400,308,,
17100800,308,,
17101196,309,,
17101596,308,,
17102000,308,,
17102396,309,,
17102796,309,,
17103200,308,,
17103600,308,,
17103996,308,,
17104400,308,,
17104800,307,,
17105196,309,,
17105596,307,,
17106000,308,,
17106396,308,,
17106796,309,,
17107200,308,,
17107600,307,,
17107996,308,,
17108400,309,,
17108800,308,,
17109196,307,,
17109596,308,,
17110000,309,,
17110396,308,,
17110796,308,,
17111200,308,,
17111600,308,,
17111996,308,,
17112396,306,,
17112800,308,,
17113196,308,,
17113596,309,,
17113996,308,,
17114400,308,,
17114796,309,,
17115204,308,,
17115600,308,,
17116000,308,,
17116396,308,,
17116800,308,,
17117196,308,,
17117600,309,,
17117996,308,,
17118400,308,,
17118800,308,,
17119200,307,,
17119596,308,,
17120000,307,,
17120396,308,,
17120796,308,,
17121196,307,,
17121600,307,,
17121996,308,,
17122396,308,,
17122800,308,,
17123200,308,,
17123596,307,,
17123996,307,,
17124396,307,,
17124800,307,,
17125196,308,,
17125596,307,,
17126000,307,,
17126400,308,,
17126796,306,,
17127196,307,,
17127600,308,,
17127996,308,,
17128396,306,,
17128800,307,,
17129200,307,,
17129596,306,,
17130000,307,,
17130400,307,,
17130796,307,,
17131196,307,,
17131600,308,,
17131996,307,,
17132396,307,,
17132800,307,,
17133200,307,,
17133596,307,,
17133996,307,,
17134400,307,,
17134796,307,,
17135196,308,,
17135596,309,,
17136000,308,,
17136396,309,,
17136800,308,,
17137200,307,,
17137600,308,,
17137996,308,,
17138400,308,,
17138796,308,,
17139196,308,,
17139596,308,,
17140000,309,,
17140396,307,,
17140804,308,,
17141200,308,,
17141600,307,,
17141996,308,,
17142400,307,,
17142796,308,,
17143200,306,,
17143596,308,,
17144000,307,,
17144400,307,,
17144800,308,,
17145196,307,,
17145600,307,,
17145996,307,,
17146396,308,,
17146796,306,,
17147200,307,,
17147596,306,,
17148000,307,,
17148400,307,,
17148800,308,,
17149196,306,,
17149600,306,,
17149996,307,,
17150400,307,,
17150796,307,,
17151200,307,,
17151600,307,,
17152000,307,,
17152396,307,,
17152796,307,,
17153200,307,,
17153596,306,,
17153996,307,,
17154400,306,,
17154800,308,,
17155196,307,,
17155596,308,,
17156000,307,,
17156396,307,,
17156796,308,,
17157200,308,,
17157600,308,,
17157996,307,,
17158400,307,,
17158800,308,,
17159196,307,,
17159596,309,,
17160000,308,,
17160396,308,,
17160796,308,,
17161196,308,,
17161600,308,,
17161996,307,,
17162400,308,,
17162800,307,,
17163200,307,,
17163596,307,,
17164000,307,,
17164396,307,,
17164796,308,,
17165196,308,,
17165600,306,,
17165996,307,,
17166404,307,,
17166800,307,,
17167200,307,,
17167596,308,,
17167996,308,,
17168396,308,,
17168800,308,,
17169196,307,,
17169600,308,,
17170000,308,,
17170400,308,,
17170796,308,,
17171200,307,,
17171600,308,,
17171996,308,,
17172396,308,,
17172800,307,,
17173200,308,,
17173596,308,,
17174000,308,,
17174400,308,,
17174796,308,,
17175196,307,,
17175596,308,,
17176000,308,,
17176396,308,,
17176796,308,,
17177200,307,,
17177600,306,,
17177996,306,,
17178396,305,,
17178800,305,,
17179196,305,,
17179596,306,,
17180000,305,,
17180400,306,,
17180796,305,,
17181200,306,,
17181600,305,,
17181996,305,,
17182396,305,,
17182800,306,,
17183200,306,,
17183596,306,,
17184000,306,,
17184400,306,,
17184796,306,,
17185196,306,,
17185600,306,,
17185996,306,,
17186396,305,,
17186796,305,,
17187200,306,,
17187596,306,,
17188000,305,,
17188400,306,,
17188800,307,,
17189196,307,,
17189600,307,,
17189996,306,,
17190396,306,,
17190796,306,,
17191200,306,,
17191596,306,,
17192004,306,,
17192400,307,,
17192800,307,,
17193196,306,,
17193600,306,,
17193996,306,,
17194400,305,,
17194796,305,,
17195200,305,,
17195600,305,,
17196000,306,,
17196396,305,,
17196800,306,,
17197196,305,,
17197596,306,,
17197996,305,,
17198400,307,,
17198800,306,,
17199196,306,,
17199600,306,,
17200000,307,,
17200396,306,,
17200796,306,,
17201196,306,,
17201600,307,,
17202000,307,,
17202396,306,,
17202800,306,,
17203204,307,,
17203596,306,,
17203996,306,,
17204400,306,,
17204796,306,,
17205196,307,,
17205600,306,,
17206000,307,,
17206396,306,,
17206800,307,,
17207200,307,,
17207596,307,,
17207996,308,,
17208400,308,,
17208796,308,,
17209196,307,,
17209600,307,,
17210000,308,,
17210396,307,,
17210796,307,,
17211200,306,,
17211596,307,,
17211996,307,,
17212396,306,,
17212800,308,,
17213196,308,,
17213600,308,,
17214000,307,,
17214400,307,,
17214796,308,,
17215200,307,,
17215596,306,,
17215996,308,,
17216396,307,,
17216800,307,,
17217196,308,,
17217604,307,,
17218000,306,,
17218400,307,,
17218796,307,,
17219200,307,,
17219596,307,,
17220000,308,,
17220396,307,,
17220800,307,,
17221200,307,,
17221600,308,,
17221996,308,,
17222400,306,,
17222796,308,,
17223196,308,,
17223596,309,,
17224000,308,,
17224396,308,,
17224800,310,,
17225200,309,,
17225600,309,,
17225996,308,,
17226400,308,,
17226796,308,,
17227200,308,,
17227596,307,,
17228000,309,,
17228400,308,,
17228800,308,,
17229196,308,,
17229596,308,,
17230000,308,,
17230396,307,,
17230796,309,,
17231200,309,,
17231600,308,,
17231996,308,,
17232400,308,,
17232800,307,,
17233196,308,,
17233596,308,,
17234000,307,,
17234396,307,,
17234796,307,,
17235200,309,,
17235600,307,,
17235996,307,,
17236400,307,,
17236800,307,,
17237196,308,,
17237596,307,,
17238000,307,,
17238396,308,,
17238796,308,,
17239200,308,,
17239600,308,,
17239996,308,,
17240396,309,,
17240800,308,,
17241196,308,,
17241596,309,,
17241996,309,,
17242400,308,,
17242796,307,,
17243204,309,,
17243600,308,,
17244000,308,,
17244396,308,,
17244800,309,,
17245196,308,,
17245600,307,,
17245996,308,,
17246400,307,,
17246800,308,,
17247200,308,,
17247596,308,,
17248000,308,,
17248396,308,,
17248796,307,,
17249196,307,,
17249600,309,,
17249996,308,,
17250396,309,,
17250800,309,,
17251200,309,,
17251596,308,,
17251996,308,,
17252396,309,,
17252800,309,,
17253196,308,,
17253596,309,,
17254000,308,,
17254400,308,,
17254796,308,,
17255196,308,,
17255600,309,,
17255996,308,,
17256396,308,,
17256800,307,,
17257200,308,,
17257596,308,,
17258000,308,,
17258400,307,,
17258796,308,,
17259196,308,,
17259600,307,,
17259996,308,,
17260396,307,,
17260800,307,,
17261200,307,,
17261596,307,,
17261996,308,,
17262400,306,,
17262796,307,,
17263196,307,,
17263596,306,,
17264000,307,,
17264396,307,,
17264800,306,,
17265200,307,,
17265600,306,,
17265996,307,,
17266400,307,,
17266796,307,,
17267196,307,,
17267596,307,,
17268000,307,,
17268396,307,,
17268804,308,,
17269200,307,,
17269600,307,,
17269996,307,,
17270400,307,,
17270796,306,,
17271200,307,,
17271596,307,,
17272000,308,,
17272400,308,,
17272800,308,,
17273196,307,,
17273600,308,,
17273996,307,,
17274396,309,,
17274796,309,,
17275200,308,,
17275596,308,,
17276000,308,,
17276400,308,,
17276800,308,,
17277196,308,,
17277600,308,,
17277996,308,,
17278400,308,,
17278796,308,,
17279200,308,,
17279600,307,,
17280000,307,,
17280396,307,,
17280796,308,,
17281200,308,,
17281596,307,,
17281996,307,,
17282400,307,,
17282800,306,,
17283196,307,,
17283596,306,,
17284000,307,,
17284396,306,,
17284796,307,,
17285200,307,,
17285600,307,,
17285996,307,,
17286400,307,,
17286800,307,,
17287196,307,,
17287596,307,,
17288000,308,,
17288396,307,,
17288796,308,,
17289196,308,,
17289600,308,,
17289996,307,,
17290400,307,,
17290800,308,,
17291200,307,,
17291596,308,,
17292000,307,,
17292396,307,,
17292796,307,,
17293196,307,,
17293600,307,,
17293996,308,,
17294404,308,,
17294800,309,,
17295200,309,,
17295596,308,,
17295996,309,,
17296396,308,,
17296800,309,,
17297196,309,,
17297600,308,,
17298000,309,,
17298400,308,,
17298796,308,,
17299200,308,,
17299600,308,,
17299996,309,,
17300396,309,,
17300800,309,,
17301200,308,,
17301596,308,,
17302000,307,,
17302400,308,,
17302796,308,,
17303196,308,,
17303596,309,,
17304000,308,,
17304396,308,,
17304796,307,,
17305200,307,,
17305600,307,,
17305996,307,,
17306396,307,,
17306800,307,,
17307196,307,,
17307596,307,,
17308000,307,,
17308400,307,,
17308796,307,,
17309200,307,,
17309600,307,,
17309996,308,,
17310396,308,,
17310800,307,,
17311200,307,,
17311596,308,,
17312000,308,,
17312400,307,,
17312796,308,,
17313196,307,,
17313600,307,,
17313996,308,,
17314396,308,,
17314796,308,,
17315200,307,,
17315596,308,,
17316000,308,,
17316400,308,,
17316800,307,,
17317196,306,,
17317600,307,,
17317996,306,,
17318396,306,,
17318796,307,,
17319200,307,,
17319596,307,,
17320004,307,,
17320400,307,,
17320800,307,,
17321196,307,,
17321600,307,,
17321996,307,,
17322400,307,,
17322796,307,,
17323200,307,,
17323600,308,,
17324000,306,,
17324396,307,,
17324800,306,,
17325196,306,,
17325596,307,,
17325996,307,,
17326400,307,,
17326800,306,,
17327196,307,,
17327600,308,,
17328000,307,,
17328396,307,,
17328796,307,,
17329196,307,,
17329600,307,,
17330000,307,,
17330396,307,,
17330800,307,,
17331204,308,,
17331596,307,,
17331996,308,,
17332400,308,,
17332796,307,,
17333196,307,,
17333600,308,,
17334000,307,,
17334396,308,,
17334800,307,,
17335200,307,,
17335596,307,,
17335996,307,,
17336400,308,,
17336796,307,,
17337196,307,,
17337600,307,,
17338000,306,,
17338396,307,,
17338796,306,,
17339200,306,,
17339596,306,,
17339996,306,,
17340396,306,,
17340800,306,,
17341196,307,,
17341600,307,,
17342000,307,,
17342400,307,,
17342796,307,,
17343200,306,,
17343596,307,,
17343996,307,,
17344396,306,,
17344800,307,,
17345196,308,,
17345604,308,,
17346000,307,,
17346400,308,,
17346796,309,,
17347200,309,,
17347596,308,,
17348000,309,,
17348396,308,,
17348800,309,,
17349200,307,,
17349600,308,,
17349996,308,,
17350400,309,,
17350796,309,,
17351196,308,,
17351596,308,,
17352000,308,,
17352396,308,,
17352800,308,,
17353200,308,,
17353600,309,,
17353996,308,,
17354400,307,,
17354796,308,,
17355200,308,,
17355596,308,,
17356000,309,,
17356400,308,,
17356800,308,,
17357196,308,,
17357596,308,,
17358000,307,,
17358396,308,,
17358796,309,,
17359200,307,,
17359600,307,,
17359996,308,,
17360400,307,,
17360800,308,,
17361196,308,,
17361596,308,,
17362000,309,,
17362396,308,,
17362796,309,,
17363200,308,,
17363600,308,,
17363996,307,,
17364400,307,,
17364800,307,,
17365196,308,,
17365596,306,,
17366000,307,,
17366396,308,,
17366796,308,,
17367200,308,,
17367600,308,,
17367996,308,,
17368396,308,,
17368800,307,,
17369196,308,,
17369596,308,,
17369996,307,,
17370400,308,,
17370796,308,,
17371204,309,,
17371600,308,,
17372000,309,,
17372396,308,,
17372800,308,,
17373196,307,,
17373600,308,,
17373996,307,,
17374400,307,,
17374800,307,,
17375200,308,,
17375596,308,,
17376000,308,,
17376396,308,,
17376796,308,,
17377196,308,,
17377600,309,,
17377996,308,,
17378396,308,,
17378800,307,,
17379200,306,,
17379596,307,,
17379996,308,,
17380396,308,,
17380800,308,,
17381196,307,,
17381596,307,,
17382000,307,,
17382400,308,,
17382796,308,,
17383196,307,,
17383600,307,,
17383996,307,,
17384396,306,,
17384800,308,,
17385200,307,,
17385596,306,,
17386000,306,,
17386400,306,,
17386796,305,,
17387196,305,,
17387600,306,,
17387996,306,,
17388396,307,,
17388800,307,,
17389200,307,,
17389596,307,,
17389996,307,,
17390400,306,,
17390796,306,,
17391196,306,,
17391596,306,,
17392000,307,,
17392396,307,,
17392800,307,,
17393200,308,,
17393600,308,,
17393996,307,,
17394400,307,,
17394796,308,,
17395196,307,,
17395596,307,,
17396000,308,,
17396396,308,,
17396804,307,,
17397200,307,,
17397600,308,,
17397996,308,,
17398400,308,,
17398796,308,,
17399200,309,,
17399596,309,,
17400000,308,,
17400400,307,,
17400800,308,,
17401196,308,,
17401600,308,,
17401996,307,,
17402396,309,,
17402796,308,,
17403200,307,,
17403596,308,,
17404000,308,,
17404400,308,,
17404800,308,,
17405196,307,,
17405600,307,,
17405996,307,,
17406400,307,,
17406796,306,,
17407200,307,,
17407600,307,,
17408000,308,,
17408396,307,,
17408796,307,,
17409200,307,,
17409596,308,,
17409996,307,,
17410400,307,,
17410800,307,,
17411196,307,,
17411596,307,,
17412000,307,,
17412396,308,,
17412796,308,,
17413200,308,,
17413600,308,,
17413996,308,,
17414400,308,,
17414800,310,,
17415196,309,,
17415596,309,,
17416000,308,,
17416396,309,,
17416796,308,,
17417196,308,,
17417600,309,,
17417996,307,,
17418400,308,,
17418800,307,,
17419200,308,,
17419596,308,,
17420000,308,,
17420396,308,,
17420796,308,,
17421196,307,,
17421600,307,,
17421996,307,,
17422404,307,,
17422800,306,,
17423200,306,,
17423596,307,,
17423996,307,,
17424396,306,,
17424800,307,,
17425196,307,,
17425600,307,,
17426000,306,,
17426400,307,,
17426796,306,,
17427200,306,,
17427600,307,,
17427996,305,,
17428396,307,,
17428800,306,,
17429200,306,,
17429596,306,,
17430000,308,,
17430400,306,,
17430796,307,,
17431196,307,,
17431596,306,,
17432000,306,,
17432396,307,,
17432796,307,,
17433200,307,,
17433600,305,,
17433996,307,,
17434396,307,,
17434800,305,,
17435196,306,,
17435596,306,,
17436000,306,,
17436400,305,,
17436796,305,,
17437200,306,,
17437600,304,,
17437996,305,,
17438396,305,,
17438800,305,,
17439200,305,,
17439596,305,,
17440000,305,,
17440400,306,,
17440796,306,,
17441196,305,,
17441600,306,,
17441996,307,,
17442396,306,,
17442796,306,,
17443200,307,,
17443596,306,,
17444000,306,,
17444400,307,,
17444800,306,,
17445196,307,,
17445600,306,,
17445996,306,,
17446396,307,,
17446796,305,,
17447200,306,,
17447596,306,,
17448004,306,,
17448400,307,,
17448800,306,,
17449196,306,,
17449600,307,,
17449996,307,,
17450400,307,,
17450796,307,,
17451200,307,,
17451600,308,,
17452000,308,,
17452396,306,,
17452800,307,,
17453196,306,,
17453596,306,,
17453996,307,,
17454400,305,,
17454800,306,,
17455196,306,,
17455600,306,,
17456000,307,,
17456396,306,,
17456796,307,,
17457196,306,,
17457600,307,,
17458000,307,,
17458396,305,,
17458800,307,,
17459204,306,,
17459596,307,,
17459996,307,,
17460400,307,,
17460796,307,,
17461196,307,,
17461600,307,,
17462000,307,,
17462396,306,,
17462800,308,,
17463200,307,,
17463596,307,,
17463996,307,,
17464400,308,,
17464796,309,,
17465196,307,,
17465600,308,,
17466000,308,,
17466396,308,,
17466796,309,,
17467200,308,,
17467596,309,,
17467996,308,,
17468396,308,,
17468800,309,,
17469196,307,,
17469600,309,,
17470000,307,,
17470400,307,,
17470796,307,,
17471200,306,,
17471596,308,,
17471996,307,,
17472396,307,,
17472800,307,,
17473196,306,,
17473604,307,,
17474000,306,,
17474400,307,,
17474796,307,,
17475200,306,,
17475596,307,,
17476000,306,,
17476396,307,,
17476800,306,,
17477200,305,,
17477600,307,,
17477996,306,,
17478400,304,,
17478796,305,,
17479196,306,,
17479596,305,,
17480000,305,,
17480396,306,,
17480800,305,,
17481200,305,,
17481600,305,,
17481996,306,,
17482400,307,,
17482796,307,,
17483200,308,,
17483596,308,,
17484000,308,,
17484400,307,,
17484800,308,,
17485196,308,,
17485596,307,,
17486000,307,,
17486396,307,,
17486796,307,,
17487200,307,,
17487600,306,,
17487996,306,,
17488400,306,,
17488800,306,,
17489196,306,,
17489596,306,,
17490000,307,,
17490396,307,,
17490796,307,,
17491200,307,,
17491600,307,,
17491996,307,,
17492400,307,,
17492800,307,,
17493196,307,,
17493596,307,,
17494000,307,,
17494396,307,,
17494796,306,,
17495200,306,,
17495600,305,,
17495996,307,,
17496396,307,,
17496800,308,,
17497196,308,,
17497596,308,,
17497996,307,,
17498400,308,,
17498796,307,,
17499204,307,,
17499600,307,,
17500000,307,,
17500396,308,,
17500800,307,,
17501196,308,,
17501600,308,,
17501996,308,,
17502400,308,,
17502800,307,,
17503200,307,,
17503596,307,,
17504000,306,,
17504396,306,,
17504796,307,,
17505196,307,,
17505600,307,,
17505996,307,,
17506396,307,,
17506800,307,,
17507200,307,,
17507596,307,,
17507996,307,,
17508396,307,,
17508800,307,,
17509196,307,,
17509596,307,,
17510000,308,,
17510400,307,,
17510796,307,,
17511196,308,,
17511600,308,,
17511996,308,,
17512396,308,,
17512800,308,,
17513200,309,,
17513596,308,,
17514000,309,,
17514400,308,,
17514796,309,,
17515196,309,,
17515600,309,,
17515996,309,,
17516396,308,,
17516800,308,,
17517200,308,,
17517596,309,,
17517996,309,,
17518400,308,,
17518796,309,,
17519196,310,,
17519596,309,,
17520000,309,,
17520396,308,,
17520800,308,,
17521200,309,,
17521600,307,,
17521996,307,,
17522400,307,,
17522796,308,,
17523196,307,,
17523596,308,,
17524000,308,,
17524396,308,,
17524804,307,,
17525200,306,,
17525600,307,,
17525996,308,,
17526400,307,,
17526796,307,,
17527200,307,,
17527596,307,,
17528000,306,,
17528400,306,,
17528800,306,,
17529196,307,,
17529600,307,,
17529996,306,,
17530396,308,,
17530796,305,,
17531200,306,,
17531596,307,,
17532000,307,,
17532400,307,,
17532800,307,,
17533196,308,,
17533600,308,,
17533996,308,,
17534400,308,,
17534796,308,,
17535200,307,,
17535600,309,,
17536000,308,,
17536396,308,,
17536796,309,,
17537200,308,,
17537596,307,,
17537996,308,,
17538400,307,,
17538800,308,,
17539196,307,,
17539596,309,,
17540000,308,,
17540396,307,,
17540796,308,,
17541200,307,,
17541600,307,,
17541996,308,,
17542400,307,,
17542800,307,,
17543196,307,,
17543596,307,,
17544000,307,,
17544396,305,,
17544796,307,,
17545196,307,,
17545600,307,,
17545996,307,,
17546400,307,,
17546800,306,,
17547200,307,,
17547596,307,,
17548000,308,,
17548396,308,,
17548796,308,,
17549196,307,,
17549600,307,,
17549996,308,,
17550404,309,,
17550800,307,,
17551200,308,,
17551596,308,,
17551996,307,,
17552396,307,,
17552800,307,,
17553196,307,,
17553600,308,,
17554000,308,,
17554400,308,,
17554796,307,,
17555200,307,,
17555600,307,,
17555996,307,,
17556396,307,,
17556800,306,,
17557200,307,,
17557596,306,,
17558000,307,,
17558400,307,,
17558796,307,,
17559196,307,,
17559596,308,,
17560000,307,,
17560396,308,,
17560796,307,,
17561200,307,,
17561600,307,,
17561996,307,,
17562396,308,,
17562800,308,,
17563196,307,,
17563596,308,,
17564000,307,,
17564400,307,,
17564796,307,,
17565200,308,,
17565600,307,,
17565996,308,,
17566396,308,,
17566800,308,,
17567200,307,,
17567596,307,,
17568000,307,,
17568400,306,,
17568796,308,,
17569196,307,,
17569600,307,,
17569996,308,,
17570396,307,,
17570796,308,,
17571200,308,,
17571596,308,,
17572000,307,,
17572400,307,,
17572800,308,,
17573196,307,,
17573600,308,,
17573996,308,,
17574396,307,,
17574796,307,,
17575200,307,,
17575596,308,,
17576004,308,,
17576400,307,,
17576800,307,,
17577196,306,,
17577600,307,,
17577996,307,,
17578400,307,,
17578796,307,,
17579200,308,,
17579600,307,,
17580000,308,,
17580396,308,,
17580800,308,,
17581196,308,,
17581596,308,,
17581996,307,,
17582400,307,,
17582800,308,,
17583196,307,,
17583600,307,,
17584000,307,,
17584396,308,,
17584796,308,,
17585196,308,,
17585600,307,,
17586000,307,,
17586396,307,,
17586800,306,,
17587204,306,,
17587596,307,,
17587996,307,,
17588400,307,,
17588796,307,,
17589196,307,,
17589600,308,,
17590000,308,,
17590396,308,,
17590800,309,,
17591200,308,,
17591596,309,,
17591996,309,,
17592400,308,,
17592796,308,,
17593196,308,,
17593600,308,,
17594000,308,,
17594396,307,,
17594796,306,,
17595200,306,,
17595596,307,,
17595996,308,,
17596396,307,,
17596800,308,,
17597196,307,,
17597600,307,,
17598000,307,,
17598400,307,,
17598796,307,,
17599200,307,,
17599596,307,,
17599996,308,,
17600396,308,,
17600800,308,,
17601196,307,,
17601604,307,,
17602000,307,,
17602400,307,,
17602796,307,,
17603200,308,,
17603596,308,,
17604000,308,,
17604396,307,,
17604800,308,,
17605200,307,,
17605600,308,,
17605996,308,,
17606400,308,,
17606796,309,,
17607196,309,,
17607596,308,,
17608000,308,,
17608396,308,,
17608800,308,,
17609200,308,,
17609600,309,,
17609996,308,,
17610400,308,,
17610796,309,,
17611200,309,,
17611596,310,,
17612000,309,,
17612400,309,,
17612800,310,,
17613196,310,,
17613596,310,,
17614000,309,,
17614396,309,,
17614796,309,,
17615200,308,,
17615600,308,,
17615996,309,,
17616400,309,,
17616800,308,,
17617196,309,,
17617596,309,,
17618000,309,,
17618396,307,,
17618796,307,,
17619200,308,,
17619600,306,,
17619996,306,,
17620400,307,,
17620800,308,,
17621196,308,,
17621596,308,,
17622000,308,,
17622396,309,,
17622796,308,,
17623200,307,,
17623600,307,,
17623996,308,,
17624396,307,,
17624800,307,,
17625196,308,,
17625596,309,,
17625996,309,,
17626400,308,,
17626796,308,,
17627204,309,,
17627600,307,,
17628000,308,,
17628396,308,,
17628800,308,,
17629196,308,,
17629600,309,,
17629996,307,,
17630400,309,,
17630800,308,,
17631200,307,,
17631596,309,,
17632000,307,,
17632396,308,,
17632796,308,,
17633196,308,,
17633600,307,,
17633996,308,,
17634396,307,,
17634800,308,,
17635200,307,,
17635596,308,,
17635996,309,,
17636396,308,,
17636800,309,,
17637196,309,,
17637596,308,,
17638000,309,,
17638400,308,,
17638796,308,,
17639196,308,,
17639600,308,,
17639996,307,,
17640396,309,,
17640800,308,,
17641200,307,,
17641596,307,,
17642000,306,,
17642400,306,,
17642796,307,,
17643196,307,,
17643600,306,,
17643996,307,,
17644396,306,,
17644800,307,,
17645200,307,,
17645596,306,,
17645996,307,,
17646400,306,,
17646796,306,,
17647196,307,,
17647596,306,,
17648000,307,,
17648396,306,,
17648800,306,,
17649200,308,,
17649600,307,,
17649996,308,,
17650400,307,,
17650796,307,,
17651196,308,,
17651596,308,,
17652000,308,,
17652396,308,,
17652804,308,,
17653200,309,,
17653600,307,,
17653996,308,,
17654400,308,,
17654796,307,,
17655200,307,,
17655596,308,,
17656000,307,,
17656400,307,,
17656800,308,,
17657196,307,,
17657600,307,,
17657996,307,,
17658396,308,,
17658796,307,,
17659200,307,,
17659596,307,,
17660000,307,,
17660400,307,,
17660800,307,,
17661196,307,,
17661600,308,,
17661996,306,,
17662400,308,,
17662796,306,,
17663200,307,,
17663600,308,,
17664000,308,,
17664396,308,,
17664796,308,,
17665200,308,,
17665596,307,,
17665996,308,,
17666400,308,,
17666800,307,,
17667196,307,,
17667596,307,,
17668000,308,,
17668396,307,,
17668796,307,,
17669200,308,,
17669600,307,,
17669996,308,,
17670400,307,,
17670800,307,,
17671196,308,,
17671596,307,,
17672000,308,,
17672396,307,,
17672796,309,,
17673196,308,,
17673600,309,,
17673996,308,,
17674400,309,,
17674800,307,,
17675200,308,,
17675596,307,,
17676000,307,,
17676396,308,,
17676796,307,,
17677196,308,,
17677600,308,,
17677996,307,,
17678404,308,,
17678800,307,,
17679200,307,,
17679596,307,,
17679996,307,,
17680396,307,,
17680800,307,,
17681196,307,,
17681600,306,,
17682000,307,,
17682400,308,,
17682796,307,,
17683200,307,,
17683600,308,,
17683996,307,,
17684396,308,,
17684800,308,,
17685200,308,,
17685596,307,,
17686000,308,,
17686400,308,,
17686796,308,,
17687196,307,,
17687596,307,,
17688000,308,,
17688396,307,,
17688796,307,,
17689200,307,,
17689600,307,,
17689996,307,,
17690396,307,,
17690800,307,,
17691196,307,,
17691596,308,,
17692000,307,,
17692400,307,,
17692796,308,,
17693200,307,,
17693600,306,,
17693996,306,,
17694396,305,,
17694800,306,,
17695200,305,,
17695596,306,,
17696000,306,,
17696400,307,,
17696796,306,,
17697196,305,,
17697600,306,,
17697996,306,,
17698396,306,,
17698796,307,,
17699200,308,,
17699596,307,,
17700000,307,,
17700400,307,,
17700800,307,,
17701196,306,,
17701600,306,,
17701996,307,,
17702396,308,,
17702796,307,,
17703200,308,,
17703596,307,,
17704004,309,,
17704400,308,,
17704800,309,,
17705196,309,,
17705600,310,,
17705996,308,,
17706400,308,,
17706796,308,,
17707200,309,,
17707600,309,,
17708000,308,,
17708396,308,,
17708800,308,,
17709196,307,,
17709596,308,,
17709996,309,,
17710400,307,,
17710800,307,,
17711196,307,,
17711600,308,,
17712000,308,,
17712396,307,,
17712796,308,,
17713196,308,,
17713600,307,,
17714000,307,,
17714396,308,,
17714800,307,,
17715204,307,,
17715596,307,,
17715996,308,,
17716400,307,,
17716796,306,,
17717196,308,,
17717600,307,,
17718000,305,,
17718396,306,,
17718800,307,,
17719200,306,,
17719596,306,,
17719996,308,,
17720400,307,,
17720796,307,,
17721196,307,,
17721600,308,,
17722000,308,,
17722396,308,,
17722796,307,,
17723200,308,,
17723596,309,,
17723996,309,,
17724396,308,,
17724800,310,,
17725196,309,,
17725600,309,,
17726000,309,,
17726400,309,,
17726796,308,,
17727200,308,,
17727596,309,,
17727996,309,,
17728396,308,,
17728800,309,,
17729196,309,,
17729604,308,,
17730000,309,,
17730400,309,,
17730796,308,,
17731200,309,,
17731596,309,,
17732000,308,,
17732396,309,,
17732800,308,,
17733200,309,,
17733600,308,,
17733996,308,,
17734400,308,,
17734796,307,,
17735196,308,,
17735596,308,,
17736000,309,,
17736396,306,,
17736800,307,,
17737200,307,,
17737600,307,,
17737996,306,,
17738400,307,,
17738796,306,,
17739200,306,,
17739596,307,,
17740000,307,,
17740400,307,,
17740800,307,,
17741196,307,,
17741596,308,,
17742000,308,,
17742396,307,,
17742796,307,,
17743200,307,,
17743600,306,,
17743996,308,,
17744400,307,,
17744800,308,,
17745196,308,,
17745596,307,,
17746000,308,,
17746396,308,,
17746796,308,,
17747200,308,,
17747600,308,,
17747996,307,,
17748400,308,,
17748800,309,,
17749196,308,,
17749596,310,,
17750000,309,,
17750396,308,,
17750796,309,,
17751200,308,,
17751600,308,,
17751996,309,,
17752396,308,,
17752800,308,,
17753196,308,,
17753596,308,,
17753996,308,,
17754400,307,,
17754796,308,,
17755204,307,,
17755600,307,,
17756000,307,,
17756396,307,,
17756800,308,,
17757196,306,,
17757600,306,,
17757996,307,,
17758400,307,,
17758800,307,,
17759200,307,,
17759596,307,,
17760000,306,,
17760396,307,,
17760796,307,,
17761196,305,,
17761600,307,,
17761996,305,,
17762396,307,,
17762800,306,,
17763200,306,,
17763596,306,,
17763996,306,,
17764396,306,,
17764800,306,,
17765196,306,,
17765596,306,,
17766000,307,,
17766400,307,,
17766796,307,,
17767196,308,,
17767600,307,,
17767996,307,,
17768396,308,,
17768800,307,,
17769200,307,,
17769596,306,,
17770000,307,,
17770400,306,,
17770796,306,,
17771196,306,,
17771600,307,,
17771996,306,,
17772396,306,,
17772800,306,,
17773200,306,,
17773596,307,,
17773996,307,,
17774400,307,,
17774796,307,,
17775196,307,,
17775596,307,,
17776000,307,,
17776396,308,,
17776800,306,,
17777200,307,,
17777600,307,,
17777996,307,,
17778400,306,,
17778796,307,,
17779196,307,,
17779596,307,,
17780000,306,,
17780396,306,,
17780804,306,,
17781200,306,,
17781600,307,,
17781996,307,,
17782400,307,,
17782796,308,,
17783200,308,,
17783596,308,,
17784000,308,,
17784400,308,,
17784800,308,,
17785196,308,,
17785600,308,,
17785996,307,,
17786396,307,,
17786796,306,,
17787200,307,,
17787596,307,,
17788000,307,,
17788400,307,,
17788800,307,,
17789196,307,,
17789600,308,,
17789996,306,,
17790400,307,,
17790796,306,,
17791200,308,,
17791600,307,,
17792000,307,,
17792396,306,,
17792796,306,,
17793200,306,,
17793596,306,,
17793996,307,,
17794400,306,,
17794800,306,,
17795196,306,,
17795596,307,,
17796000,306,,
17796396,307,,
17796796,307,,
17797200,307,,
17797600,307,,
17797996,307,,
17798400,307,,
17798800,308,,
17799196,308,,
17799596,308,,
17800000,308,,
17800396,308,,
17800796,308,,
17801196,308,,
17801600,308,,
17801996,308,,
17802400,308,,
17802800,308,,
17803200,308,,
17803596,308,,
17804000,308,,
17804396,309,,
17804796,308,,
17805196,308,,
17805600,307,,
17805996,308,,
17806404,307,,
17806800,308,,
17807200,308,,
17807596,308,,
17807996,307,,
17808396,307,,
17808800,306,,
17809196,307,,
17809600,307,,
17810000,306,,
17810400,306,,
17810796,306,,
17811200,307,,
17811600,307,,
17811996,307,,
17812396,307,,
17812800,307,,
17813200,307,,
17813596,308,,
17814000,307,,
17814400,306,,
17814796,306,,
17815196,306,,
17815596,307,,
17816000,308,,
17816396,309,,
17816796,307,,
17817200,307,,
17817600,307,,
17817996,307,,
17818396,307,,
17818800,308,,
17819196,308,,
17819596,308,,
17820000,309,,
17820400,310,,
17820796,310,,
17821200,309,,
17821600,309,,
17821996,309,,
17822396,308,,
17822800,308,,
17823200,309,,
17823596,309,,
17824000,309,,
17824400,309,,
17824796,309,,
17825196,309,,
17825600,307,,
17825996,306,,
17826396,308,,
17826796,307,,
17827200,307,,
17827596,307,,
17828000,307,,
17828400,307,,
17828800,306,,
17829196,308,,
17829600,307,,
17829996,307,,
17830396,308,,
17830796,307,,
17831200,309,,
17831596,307,,
17832004,308,,
17832400,308,,
17832800,308,,
17833196,307,,
17833600,309,,
17833996,307,,
17834400,307,,
17834796,308,,
17835200,307,,
17835600,308,,
17836000,309,,
17836396,308,,
17836800,306,,
17837196,308,,
17837596,308,,
17837996,307,,
17838400,309,,
17838800,308,,
17839196,307,,
17839600,306,,
17840000,307,,
17840396,307,,
17840796,306,,
17841196,308,,
17841600,308,,
17842000,307,,
17842396,306,,
17842800,307,,
17843204,307,,
17843596,308,,
17843996,307,,
17844400,307,,
17844796,307,,
17845196,307,,
17845600,309,,
17846000,309,,
17846396,309,,
17846800,309,,
17847200,308,,
17847596,308,,
17847996,309,,
17848400,308,,
17848796,308,,
17849196,308,,
17849600,309,,
17850000,308,,
17850396,308,,
17850796,309,,
17851200,308,,
17851596,308,,
17851996,309,,
17852396,307,,
17852800,310,,
17853196,305,,
17853600,307,,
17854000,305,,
17854400,307,,
17854796,308,,
17855200,306,,
17855596,305,,
17855996,307,,
17856396,307,,
17856800,306,,
17857196,307,,
17857604,307,,
17858000,306,,
17858400,307,,
17858796,306,,
17859200,306,,
17859596,306,,
17860000,306,,
17860396,307,,
17860800,308,,
17861200,308,,
17861600,307,,
17861996,307,,
17862400,308,,
17862796,307,,
17863196,306,,
17863596,305,,
17864000,308,,
17864396,308,,
17864800,309,,
17865200,309,,
17865600,308,,
17865996,308,,
17866400,307,,
17866796,307,,
17867200,307,,
17867596,307,,
17868000,307,,
17868400,307,,
17868800,308,,
17869196,307,,
17869596,307,,
17870000,307,,
17870396,307,,
17870796,307,,
17871200,308,,
17871600,307,,
17871996,307,,
17872400,307,,
17872800,308,,
17873196,309,,
17873596,307,,
17874000,307,,
17874396,307,,
17874796,306,,
17875200,306,,
17875600,307,,
17875996,307,,
17876400,307,,
17876800,308,,
17877196,307,,
17877596,307,,
17878000,307,,
17878396,307,,
17878796,308,,
17879200,307,,
17879600,308,,
17879996,308,,
17880396,308,,
17880800,308,,
17881196,309,,
17881596,308,,
17881996,308,,
17882400,308,,
17882796,308,,
17883204,307,,
17883600,307,,
17884000,307,,
17884396,307,,
17884800,307,,
17885196,307,,
17885600,308,,
17885996,307,,
17886400,307,,
17886800,308,,
17887200,306,,
17887596,308,,
17888000,307,,
17888396,306,,
17888796,306,,
17889196,307,,
17889600,306,,
17889996,307,,
17890396,306,,
17890800,307,,
17891200,307,,
17891596,307,,
17891996,306,,
17892396,306,,
17892800,306,,
17893196,306,,
17893596,307,,
17894000,306,,
17894400,306,,
17894796,307,,
17895196,307,,
17895600,307,,
17895996,306,,
17896396,306,,
17896800,306,,
17897200,306,,
17897596,306,,
17898000,307,,
17898400,307,,
17898796,308,,
17899196,307,,
17899600,307,,
17899996,307,,
17900396,307,,
17900800,307,,
17901200,307,,
17901596,306,,
17901996,306,,
17902400,306,,
17902796,306,,
17903196,306,,
17903596,306,,
17904000,306,,
17904396,306,,
17904800,305,,
17905200,306,,
17905600,306,,
17905996,305,,
17906400,305,,
17906796,305,,
17907196,305,,
17907596,304,,
17908000,304,,
17908396,305,,
17908804,305,,
17909200,305,,
17909600,305,,
17909996,305,,
17910400,305,,
17910796,304,,
17911200,306,,
17911596,305,,
17912000,306,,
17912400,307,,
17912800,306,,
17913196,307,,
17913600,307,,
17913996,307,,
17914396,307,,
17914796,307,,
17915200,307,,
17915596,307,,
17916000,308,,
17916400,308,,
17916800,308,,
17917196,308,,
17917600,309,,
17917996,308,,
17918400,308,,
17918796,307,,
17919200,308,,
17919600,308,,
17920000,307,,
17920396,308,,
17920796,308,,
17921200,306,,
17921596,306,,
17921996,306,,
17922400,307,,
17922800,307,,
17923196,307,,
17923596,307,,
17924000,307,,
17924396,305,,
17924796,306,,
17925200,306,,
17925600,306,,
17925996,307,,
17926400,307,,
17926800,309,,
17927196,307,,
17927596,306,,
17928000,306,,
17928396,307,,
17928796,306,,
17929196,306,,
17929600,307,,
17929996,307,,
17930400,307,,
17930800,307,,
17931200,309,,
17931596,308,,
17932000,307,,
17932396,308,,
17932796,308,,
17933196,307,,
17933600,307,,
17933996,308,,
17934404,307,,
17934800,308,,
17935200,308,,
17935596,308,,
17935996,308,,
17936396,308,,
17936800,309,,
17937196,308,,
17937600,308,,
17938000,307,,
17938400,308,,
17938796,308,,
17939200,308,,
17939600,309,,
17939996,308,,
17940396,308,,
17940800,309,,
17941200,307,,
17941596,308,,
17942000,308,,
17942400,308,,
17942796,308,,
17943196,309,,
17943596,308,,
17944000,309,,
17944396,309,,
17944796,309,,
17945200,309,,
17945600,309,,
17945996,309,,
17946396,308,,
17946800,309,,
17947196,307,,
17947596,309,,
17948000,309,,
17948400,309,,
17948796,310,,
17949200,309,,
17949600,309,,
17949996,310,,
17950396,310,,
17950800,310,,
17951200,309,,
17951596,309,,
17952000,308,,
17952400,309,,
17952796,308,,
17953196,308,,
17953600,309,,
17953996,308,,
17954396,309,,
17954796,307,,
17955200,308,,
17955596,308,,
17956000,307,,
17956400,308,,
17956800,307,,
17957196,308,,
17957600,307,,
17957996,308,,
17958396,308,,
17958796,308,,
17959200,308,,
17959596,307,,
17960004,308,,
17960400,308,,
17960800,307,,
17961196,308,,
17961600,308,,
17961996,307,,
17962400,308,,
17962796,308,,
17963200,309,,
17963600,308,,
17964000,309,,
17964396,309,,
17964800,309,,
17965196,309,,
17965596,309,,
17965996,308,,
17966400,309,,
17966800,309,,
17967196,309,,
17967600,310,,
17968000,309,,
17968396,309,,
17968796,309,,
17969196,309,,
17969600,310,,
17970000,308,,
17970396,310,,
17970800,309,,
17971204,310,,
17971596,309,,
17971996,309,,
17972400,309,,
17972796,310,,
17973196,309,,
17973600,309,,
17974000,310,,
17974396,309,,
17974800,310,,
17975200,310,,
17975596,309,,
17975996,309,,
17976400,310,,
17976796,308,,
17977196,309,,
17977600,308,,
17978000,308,,
17978396,307,,
17978796,307,,
17979200,307,,
17979596,308,,
17979996,307,,
17980396,309,,
17980800,308,,
17981196,309,,
17981600,309,,
17982000,307,,
17982400,308,,
17982796,308,,
17983200,309,,
17983596,308,,
17983996,309,,
17984396,308,,
17984800,308,,
17985196,309,,
17985604,308,,
17986000,308,,
17986400,308,,
17986796,308,,
17987200,308,,
17987596,308,,
17988000,308,,
17988396,308,,
17988800,309,,
17989200,309,,
17989600,308,,
17989996,308,,
17990400,308,,
17990796,307,,
17991196,308,,
17991596,307,,
17992000,308,,
17992396,308,,
17992800,309,,
17993200,308,,
17993600,308,,
17993996,308,,
17994400,308,,
17994796,308,,
17995200,307,,
17995596,307,,
17996000,306,,
17996400,306,,
17996800,307,,
17997196,307,,
17997596,306,,
17998000,307,,
17998396,306,,
17998796,307,,
17999200,307,,
17999600,307,,
17999996,307,,
18000400,306,,
18000800,306,,
18001196,306,,
18001596,306,,
18002000,306,,
18002396,307,,
18002796,306,,
18003200,306,,
18003600,306,,
18003996,307,,
18004400,307,,
18004800,307,,
18005196,308,,
18005596,307,,
18006000,307,,
18006396,307,,
18006796,307,,
18007200,306,,
18007600,307,,
18007996,307,,
18008396,307,,
18008800,306,,
18009196,306,,
18009596,306,,
18009996,305,,
18010400,306,,
18010796,307,,
18011204,308,,
18011600,307,,
18012000,308,,
18012396,307,,
18012800,308,,
18013196,307,,
18013600,307,,
18013996,308,,
18014400,308,,
18014800,307,,
18015200,307,,
18015596,307,,
18016000,307,,
18016396,307,,
18016796,308,,
18017196,307,,
18017600,307,,
18017996,307,,
18018396,307,,
18018800,307,,
18019200,308,,
18019596,307,,
18019996,306,,
18020396,307,,
18020800,308,,
18021196,307,,
18021596,307,,
18022000,307,,
18022400,306,,
18022796,307,,
18023196,307,,
18023600,308,,
18023996,307,,
18024396,307,,
18024800,308,,
18025200,308,,
18025596,307,,
18026000,306,,
18026400,308,,
18026796,308,,
18027196,307,,
18027600,307,,
18027996,308,,
18028396,308,,
18028800,307,,
18029200,308,,
18029596,309,,
18029996,308,,
18030400,307,,
18030796,308,,
18031196,307,,
18031596,308,,
18032000,308,,
18032396,308,,
18032800,308,,
18033200,308,,
18033600,307,,
18033996,307,,
18034400,307,,
18034796,308,,
18035196,308,,
18035596,307,,
18036000,307,,
18036396,308,,
18036804,308,,
18037200,308,,
18037600,308,,
18037996,308,,
18038400,308,,
18038796,307,,
18039200,308,,
18039596,308,,
18040000,309,,
18040400,308,,
18040800,309,,
18041196,309,,
18041600,308,,
18041996,308,,
18042396,307,,
18042796,307,,
18043200,308,,
18043596,308,,
18044000,307,,
18044400,307,,
18044800,307,,
18045196,307,,
18045600,307,,
18045996,307,,
18046400,308,,
18046796,307,,
18047200,307,,
18047600,307,,
18048000,307,,
18048396,306,,
18048796,306,,
18049200,307,,
18049596,307,,
18049996,308,,
18050400,307,,
18050800,307,,
18051196,308,,
18051596,308,,
18052000,307,,
18052396,307,,
18052796,308,,
18053200,307,,
18053600,306,,
18053996,307,,
18054400,308,,
18054800,307,,
18055196,306,,
18055596,306,,
18056000,307,,
18056396,305,,
18056796,305,,
18057196,306,,
18057600,307,,
18057996,305,,
18058400,305,,
18058800,307,,
18059200,307,,
18059596,307,,
18060000,306,,
18060396,307,,
18060796,307,,
18061196,306,,
18061600,307,,
18061996,307,,
18062404,308,,
18062800,308,,
18063200,308,,
18063596,308,,
18063996,307,,
18064396,307,,
18064800,307,,
18065196,308,,
18065600,308,,
18066000,308,,
18066400,308,,
18066796,308,,
18067200,308,,
18067600,307,,
18067996,308,,
18068396,307,,
18068800,307,,
18069200,307,,
18069596,307,,
18070000,306,,
18070400,307,,
18070796,307,,
18071196,307,,
18071596,307,,
18072000,306,,
18072396,307,,
18072796,306,,
18073200,307,,
18073600,308,,
18073996,307,,
18074396,306,,
18074800,307,,
18075196,307,,
18075596,306,,
18076000,307,,
18076400,307,,
18076796,306,,
18077200,307,,
18077600,306,,
18077996,306,,
18078396,307,,
18078800,306,,
18079200,306,,
18079596,306,,
18080000,306,,
18080400,306,,
18080796,305,,
18081196,305,,
18081600,305,,
18081996,305,,
18082396,305,,
18082796,306,,
18083200,306,,
18083596,306,,
18084000,306,,
18084400,307,,
18084800,306,,
18085196,307,,
18085600,306,,
18085996,307,,
18086396,308,,
18086796,306,,
18087200,307,,
18087596,307,,
18088004,307,,
18088400,307,,
18088800,307,,
18089196,307,,
18089600,307,,
18089996,308,,
18090400,307,,
18090796,307,,
18091200,308,,
18091600,307,,
18092000,306,,
18092396,308,,
18092800,306,,
18093196,306,,
18093596,306,,
18093996,306,,
18094400,305,,
18094800,305,,
18095196,305,,
18095600,306,,
18096000,305,,
18096396,304,,
18096796,305,,
18097196,306,,
18097600,306,,
18098000,307,,
18098396,307,,
18098800,306,,
18099204,306,,
18099596,305,,
18099996,306,,
18100400,306,,
18100796,306,,
18101196,307,,
18101600,308,,
18102000,308,,
18102396,308,,
18102800,309,,
18103200,308,,
18103596,308,,
18103996,308,,
18104400,308,,
18104796,307,,
18105196,306,,
18105600,307,,
18106000,307,,
18106396,307,,
18106796,306,,
18107200,306,,
18107596,306,,
18107996,306,,
18108396,306,,
18108800,307,,
18109196,307,,
18109600,307,,
18110000,308,,
18110400,308,,
18110796,308,,
18111200,309,,
18111596,309,,
18111996,309,,
18112396,308,,
18112800,308,,
18113196,307,,
18113604,307,,
18114000,308,,
18114400,307,,
18114796,307,,
18115200,307,,
18115596,307,,
18116000,306,,
18116396,307,,
18116800,308,,
18117200,307,,
18117600,308,,
18117996,307,,
18118400,307,,
18118796,307,,
18119196,308,,
18119596,306,,
18120000,307,,
18120396,308,,
18120800,308,,
18121200,306,,
18121600,307,,
18121996,306,,
18122400,307,,
18122796,307,,
18123200,307,,
18123596,308,,
18124000,307,,
18124400,307,,
18124800,307,,
18125196,308,,
18125596,306,,
18126000,307,,
18126396,307,,
18126796,308,,
18127200,307,,
18127600,307,,
18127996,308,,
18128400,308,,
18128800,307,,
18129196,307,,
18129596,308,,
18130000,308,,
18130396,307,,
18130796,308,,
18131200,308,,
18131600,308,,
18131996,307,,
18132400,307,,
18132800,305,,
18133196,306,,
18133596,306,,
18134000,307,,
18134396,305,,
18134796,306,,
18135200,306,,
18135600,305,,
18135996,305,,
18136396,306,,
18136800,306,,
18137196,305,,
18137596,305,,
18137996,305,,
18138400,306,,
18138796,305,,
18139204,307,,
18139600,307,,
18140000,307,,
18140396,306,,
18140800,307,,
18141196,306,,
18141600,306,,
18141996,307,,
18142400,306,,
18142800,308,,
18143200,307,,
18143596,307,,
18144000,308,,
18144396,308,,
18144796,306,,
18145196,308,,
18145600,308,,
18145996,307,,
18146396,308,,
18146800,307,,
18147200,307,,
18147596,307,,
18147996,307,,
18148396,306,,
18148800,306,,
18149196,307,,
18149596,305,,
18150000,306,,
18150400,307,,
18150796,306,,
18151196,305,,
18151600,305,,
18151996,306,,
18152396,306,,
18152800,305,,
18153200,306,,
18153596,306,,
18154000,306,,
18154400,307,,
18154796,306,,
18155196,307,,
18155600,308,,
18155996,306,,
18156396,308,,
18156800,307,,
18157200,307,,
18157596,306,,
18157996,308,,
18158400,307,,
18158796,307,,
18159196,308,,
18159596,307,,
18160000,307,,
18160396,307,,
18160800,306,,
18161200,308,,
18161600,307,,
18161996,306,,
18162400,307,,
18162796,307,,
18163196,307,,
18163596,306,,
18164000,306,,
18164396,306,,
18164804,307,,
18165200,306,,
18165600,306,,
18165996,307,,
18166400,306,,
18166796,306,,
18167200,307,,
18167596,306,,
18168000,306,,
18168400,306,,
18168800,305,,
18169196,308,,
18169600,307,,
18169996,306,,
18170396,308,,
18170796,306,,
18171200,306,,
18171596,306,,
18172000,305,,
18172400,307,,
18172800,305,,
18173196,305,,
18173600,306,,
18173996,306,,
18174400,307,,
18174796,306,,
18175200,307,,
18175600,306,,
18176000,306,,
18176396,308,,
18176796,306,,
18177200,307,,
18177596,306,,
18177996,306,,
18178400,307,,
18178800,307,,
18179196,307,,
18179596,308,,
18180000,307,,
18180396,308,,
18180796,308,,
18181200,307,,
18181600,308,,
18181996,308,,
18182400,307,,
18182800,309,,
18183196,308,,
18183596,308,,
18184000,308,,
18184396,308,,
18184796,309,,
18185196,307,,
18185600,307,,
18185996,308,,
18186400,307,,
18186800,307,,
18187200,308,,
18187596,307,,
18188000,307,,
18188396,307,,
18188796,307,,
18189196,307,,
18189600,307,,
18189996,306,,
18190404,307,,
18190800,307,,
18191200,307,,
18191596,307,,
18191996,307,,
18192396,306,,
18192800,307,,
18193196,306,,
18193600,306,,
18194000,306,,
18194400,306,,
18194796,306,,
18195200,307,,
18195600,306,,
18195996,306,,
18196396,305,,
18196800,305,,
18197200,307,,
18197596,307,,
18198000,306,,
18198400,308,,
18198796,307,,
18199196,305,,
18199596,306,,
18200000,305,,
18200396,305,,
18200796,305,,
18201200,306,,
18201600,307,,
18201996,307,,
18202396,306,,
18202800,306,,
18203196,306,,
18203596,306,,
18204000,306,,
18204400,306,,
18204796,307,,
18205200,307,,
18205600,308,,
18205996,308,,
18206396,309,,
18206800,308,,
18207200,308,,
18207596,308,,
18208000,308,,
18208400,308,,
18208796,308,,
18209196,307,,
18209600,308,,
18209996,307,,
18210396,307,,
18210796,307,,
18211200,307,,
18211596,308,,
18212000,307,,
18212400,308,,
18212800,307,,
18213196,306,,
18213600,306,,
18213996,307,,
18214396,306,,
18214796,305,,
18215200,305,,
18215596,305,,
18216004,306,,
18216400,304,,
18216800,305,,
18217196,305,,
18217600,305,,
18217996,305,,
18218400,304,,
18218796,306,,
18219200,306,,
18219600,305,,
18220000,306,,
18220396,305,,
18220800,306,,
18221196,305,,
18221596,306,,
18221996,307,,
18222400,307,,
18222800,307,,
18223196,307,,
18223600,307,,
18224000,307,,
18224396,307,,
18224796,307,,
18225196,307,,
18225600,306,,
18226000,307,,
18226396,306,,
18226800,307,,
18227204,307,,
18227596,308,,
18227996,307,,
18228400,306,,
18228796,306,,
18229196,307,,
18229600,306,,
18230000,306,,
18230396,306,,
18230800,307,,
18231200,306,,
18231596,307,,
18231996,306,,
18232400,307,,
18232796,307,,
18233196,306,,
18233600,307,,
18234000,306,,
18234396,306,,
18234796,307,,
18235200,307,,
18235596,307,,
18235996,307,,
18236396,306,,
18236800,306,,
18237196,306,,
18237600,306,,
18238000,306,,
18238400,306,,
18238796,307,,
18239200,306,,
18239596,306,,
18239996,307,,
18240396,307,,
18240800,306,,
18241196,307,,
18241604,307,,
18242000,306,,
18242400,307,,
18242796,306,,
18243200,306,,
18243596,307,,
18244000,307,,
18244396,306,,
18244800,307,,
18245200,307,,
18245600,306,,
18245996,306,,
18246400,306,,
18246796,307,,
18247196,307,,
18247596,307,,
18248000,305,,
18248396,307,,
18248800,307,,
18249200,307,,
18249600,306,,
18249996,307,,
18250400,306,,
18250796,307,,
18251200,307,,
18251596,306,,
18252000,306,,
18252400,306,,
18252800,305,,
18253196,306,,
18253596,307,,
18254000,306,,
18254396,306,,
18254796,306,,
18255200,305,,
18255600,306,,
18255996,305,,
18256400,305,,
18256800,306,,
18257196,306,,
18257596,305,,
18258000,307,,
18258396,308,,
18258796,307,,
18259200,307,,
18259600,308,,
18259996,307,,
18260400,308,,
18260800,308,,
18261196,307,,
18261596,308,,
18262000,308,,
18262396,306,,
18262796,307,,
18263200,307,,
18263600,306,,
18263996,308,,
18264396,307,,
18264800,307,,
18265196,307,,
18265596,307,,
18265996,308,,
18266400,307,,
18266796,307,,
18267204,307,,
18267600,306,,
18268000,307,,
18268396,306,,
18268800,307,,
18269196,307,,
18269600,306,,
18269996,306,,
18270400,306,,
18270800,306,,
18271200,306,,
18271596,306,,
18272000,306,,
18272396,307,,
18272796,306,,
18273196,307,,
18273600,306,,
18273996,308,,
18274396,307,,
18274800,308,,
18275200,308,,
18275596,307,,
18275996,308,,
18276396,307,,
18276800,307,,
18277196,307,,
18277596,307,,
18278000,307,,
18278400,309,,
18278796,308,,
18279196,309,,
18279600,309,,
18279996,308,,
18280396,310,,
18280800,309,,
18281200,309,,
18281596,308,,
18282000,308,,
18282400,308,,
18282796,308,,
18283196,308,,
18283600,308,,
18283996,308,,
18284396,307,,
18284800,308,,
18285200,307,,
18285596,308,,
18285996,308,,
18286400,308,,
18286796,308,,
18287196,307,,
18287596,308,,
18288000,308,,
18288396,307,,
18288800,308,,
18289200,306,,
18289600,308,,
18289996,308,,
18290400,306,,
18290796,308,,
18291196,307,,
18291596,307,,
18292000,308,,
18292396,307,,
18292804,308,,
18293200,307,,
18293600,307,,
18293996,308,,
18294400,307,,
18294796,306,,
18295200,307,,
18295596,307,,
18296000,308,,
18296400,307,,
18296800,308,,
18297196,308,,
18297600,307,,
18297996,307,,
18298396,307,,
18298796,306,,
18299200,308,,
18299596,306,,
18300000,307,,
18300400,306,,
18300800,307,,
18301196,308,,
18301600,308,,
18301996,309,,
18302400,308,,
18302796,308,,
18303200,307,,
18303600,308,,
18304000,308,,
18304396,308,,
18304796,306,,
18305200,308,,
18305596,307,,
18305996,307,,
18306400,307,,
18306800,306,,
18307196,307,,
18307596,306,,
18308000,305,,
18308396,306,,
18308796,306,,
18309200,306,,
18309600,306,,
18309996,306,,
18310400,307,,
18310800,307,,
18311196,307,,
18311596,307,,
18312000,307,,
18312396,308,,
18312796,308,,
18313196,308,,
18313600,308,,
18313996,307,,
18314400,307,,
18314800,308,,
18315200,308,,
18315596,307,,
18316000,307,,
18316396,307,,
18316796,307,,
18317196,306,,
18317600,307,,
18317996,307,,
18318404,307,,
18318800,308,,
18319200,307,,
18319596,308,,
18319996,308,,
18320396,308,,
18320800,308,,
18321196,307,,
18321600,307,,
18322000,308,,
18322400,308,,
18322796,307,,
18323200,308,,
18323600,308,,
18323996,307,,
18324396,306,,
18324800,307,,
18325200,308,,
18325596,307,,
18326000,307,,
18326400,308,,
18326796,308,,
18327196,307,,
18327596,307,,
18328000,306,,
18328396,307,,
18328796,308,,
18329200,307,,
18329600,309,,
18329996,308,,
18330396,307,,
18330800,308,,
18331196,308,,
18331596,307,,
18332000,308,,
18332400,307,,
18332796,308,,
18333200,309,,
18333600,308,,
18333996,307,,
18334396,307,,
18334800,309,,
18335200,308,,
18335596,308,,
18336000,307,,
18336400,308,,
18336796,306,,
18337196,307,,
18337600,307,,
18337996,307,,
18338396,308,,
18338796,307,,
18339200,308,,
18339596,308,,
18340000,308,,
18340400,307,,
18340800,307,,
18341196,308,,
18341600,307,,
18341996,307,,
18342396,307,,
18342796,307,,
18343200,307,,
18343596,307,,
18344004,307,,
18344400,306,,
18344800,307,,
18345196,307,,
18345600,306,,
18345996,307,,
18346400,307,,
18346796,307,,
18347200,307,,
18347600,307,,
18348000,307,,
18348396,307,,
18348800,308,,
18349196,307,,
18349596,307,,
18349996,308,,
18350400,307,,
18350800,308,,
18351196,308,,
18351600,308,,
18352000,308,,
18352396,309,,
18352796,307,,
18353196,308,,
18353600,309,,
18354000,307,,
18354396,308,,
18354800,308,,
18355204,308,,
18355596,308,,
18355996,307,,
18356400,307,,
18356796,307,,
18357196,307,,
18357600,307,,
18358000,307,,
18358396,307,,
18358800,306,,
18359200,307,,
18359596,307,,
18359996,307,,
18360400,307,,
18360796,307,,
18361196,306,,
18361600,308,,
18362000,307,,
18362396,307,,
18362796,308,,
18363200,308,,
18363596,307,,
18363996,308,,
18364396,307,,
18364800,308,,
18365196,308,,
18365600,308,,
18366000,307,,
18366400,307,,
18366796,307,,
18367200,307,,
18367596,307,,
18367996,308,,
18368396,307,,
18368800,308,,
18369196,308,,
18369604,307,,
18370000,308,,
18370400,307,,
18370796,307,,
18371200,308,,
18371596,308,,
18372000,308,,
18372396,308,,
18372800,307,,
18373200,309,,
18373600,308,,
18373996,308,,
18374400,309,,
18374796,307,,
18375196,308,,
18375596,307,,
18376000,308,,
18376396,308,,
18376800,308,,
18377200,307,,
18377600,308,,
18377996,307,,
18378400,308,,
18378796,308,,
18379200,308,,
18379596,309,,
18380000,308,,
18380400,309,,
18380800,308,,
18381196,308,,
18381596,308,,
18382000,308,,
18382396,308,,
18382796,308,,
18383200,309,,
18383600,309,,
18383996,309,,
18384400,308,,
18384800,307,,
18385196,308,,
18385596,308,,
18386000,308,,
18386396,308,,
18386796,308,,
18387200,307,,
18387600,308,,
18387996,307,,
18388400,309,,
18388800,308,,
18389196,309,,
18389596,308,,
18390000,308,,
18390396,309,,
18390796,308,,
18391200,307,,
18391600,308,,
18391996,308,,
18392396,307,,
18392800,307,,
18393196,309,,
18393596,308,,
18393996,308,,
18394400,308,,
18394796,308,,
18395204,309,,
18395600,308,,
18396000,308,,
18396396,308,,
18396800,308,,
18397196,308,,
18397600,308,,
18397996,308,,
18398400,309,,
18398800,307,,
18399200,309,,
18399596,308,,
18400000,308,,
18400396,307,,
18400796,308,,
18401196,309,,
18401600,309,,
18401996,309,,
18402396,308,,
18402800,307,,
18403200,307,,
18403596,308,,
18403996,308,,
18404396,309,,
18404800,308,,
18405196,307,,
18405596,307,,
18406000,307,,
18406400,307,,
18406796,307,,
18407196,307,,
18407600,307,,
18407996,307,,
18408396,306,,
18408800,306,,
18409200,307,,
18409596,306,,
18410000,307,,
18410400,307,,
18410796,307,,
18411196,307,,
18411600,308,,
18411996,307,,
18412396,308,,
18412800,308,,
18413200,308,,
18413596,308,,
18413996,308,,
18414400,308,,
18414796,308,,
18415196,308,,
18415596,309,,
18416000,308,,
18416396,308,,
18416800,307,,
18417200,307,,
18417600,307,,
18417996,306,,
18418400,306,,
18418796,307,,
18419196,307,,
18419596,307,,
18420000,308,,
18420396,309,,
18420804,308,,
18421200,308,,
18421600,307,,
18421996,307,,
18422400,307,,
18422796,306,,
18423200,308,,
18423596,307,,
18424000,307,,
18424400,307,,
18424800,307,,
18425196,307,,
18425600,308,,
18425996,307,,
18426396,308,,
18426796,307,,
18427200,307,,
18427596,307,,
18428000,307,,
18428400,307,,
18428800,307,,
18429196,308,,
18429600,307,,
18429996,308,,
18430400,308,,
18430796,307,,
18431200,307,,
18431600,308,,
18432000,309,,
18432396,308,,
18432796,307,,
18433200,307,,
18433596,306,,
18433996,308,,
18434400,309,,
18434800,308,,
18435196,308,,
18435596,307,,
18436000,308,,
18436396,308,,
18436796,309,,
18437200,308,,
18437600,309,,
18437996,307,,
18438400,307,,
18438800,307,,
18439196,307,,
18439596,307,,
18440000,307,,
18440396,308,,
18440796,307,,
18441196,308,,
18441600,308,,
18441996,308,,
18442400,308,,
18442800,308,,
18443200,309,,
18443596,307,,
18444000,307,,
18444396,307,,
18444796,307,,
18445196,307,,
18445600,307,,
18445996,308,,
18446404,308,,
18446800,307,,
18447200,307,,
18447596,308,,
18447996,307,,
18448396,307,,
18448800,308,,
18449196,307,,
18449600,308,,
18450000,307,,
18450400,308,,
18450796,308,,
18451200,308,,
18451600,307,,
18451996,308,,
18452396,307,,
18452800,306,,
18453200,306,,
18453596,307,,
18454000,306,,
18454400,307,,
18454796,307,,
18455196,307,,
18455596,307,,
18456000,308,,
18456396,308,,
18456796,308,,
18457200,307,,
18457600,307,,
18457996,307,,
18458396,308,,
18458800,307,,
18459196,308,,
18459596,309,,
18460000,307,,
18460400,307,,
18460796,306,,
18461200,308,,
18461600,307,,
18461996,307,,
18462396,307,,
18462800,306,,
18463200,307,,
18463596,306,,
18464000,306,,
18464400,307,,
18464796,307,,
18465196,306,,
18465600,307,,
18465996,309,,
18466396,307,,
18466796,307,,
18467200,307,,
18467596,307,,
18468000,307,,
18468400,307,,
18468800,307,,
18469196,307,,
18469600,308,,
18469996,307,,
18470396,308,,
18470796,308,,
18471200,308,,
18471596,307,,
18472004,308,,
18472400,307,,
18472800,308,,
18473196,308,,
18473600,309,,
18473996,308,,
18474400,308,,
18474796,308,,
18475200,308,,
18475600,308,,
18476000,309,,
18476396,308,,
18476800,308,,
18477196,307,,
18477596,308,,
18477996,308,,
18478400,308,,
18478800,308,,
18479196,308,,
18479600,307,,
18480000,308,,
18480396,308,,
18480796,308,,
18481196,308,,
18481600,308,,
18482000,308,,
18482396,307,,
18482800,307,,
18483204,308,,
18483596,307,,
18483996,307,,
18484400,308,,
18484796,307,,
18485196,308,,
18485600,307,,
18486000,307,,
18486396,308,,
18486800,307,,
18487200,308,,
18487596,307,,
18487996,307,,
18488400,308,,
18488796,307,,
18489196,308,,
18489600,307,,
18490000,309,,
18490396,307,,
18490796,309,,
18491200,309,,
18491596,308,,
18491996,309,,
18492396,308,,
18492800,309,,
18493196,308,,
18493600,307,,
18494000,308,,
18494400,307,,
18494796,308,,
18495200,307,,
18495596,308,,
18495996,307,,
18496396,306,,
18496800,307,,
18497196,308,,
18497604,308,,
18498000,308,,
18498400,308,,
18498796,307,,
18499200,306,,
18499596,306,,
18500000,307,,
18500396,307,,
18500800,308,,
18501200,308,,
18501600,307,,
18501996,307,,
18502400,307,,
18502796,306,,
18503196,307,,
18503596,306,,
18504000,307,,
18504396,307,,
18504800,307,,
18505200,307,,
18505600,308,,
18505996,309,,
18506400,308,,
18506796,307,,
18507200,307,,
18507596,307,,
18508000,307,,
18508400,306,,
18508800,308,,
18509196,308,,
18509596,308,,
18510000,308,,
18510396,308,,
18510796,308,,
18511200,307,,
18511600,307,,
18511996,307,,
18512400,307,,
18512800,306,,
18513196,307,,
18513596,307,,
18514000,307,,
18514396,307,,
18514796,308,,
18515200,307,,
18515600,307,,
18515996,307,,
18516400,308,,
18516800,308,,
18517196,307,,
18517596,307,,
18518000,307,,
18518396,307,,
18518796,307,,
18519200,308,,
18519600,309,,
18519996,309,,
18520396,309,,
18520800,308,,
18521196,308,,
18521596,308,,
18521996,307,,
18522400,308,,
18522796,308,,
18523204,308,,
18523600,307,,
18524000,306,,
18524396,306,,
18524800,306,,
18525196,307,,
18525600,306,,
18525996,305,,
18526400,307,,
18526800,307,,
18527200,307,,
18527596,306,,
18528000,306,,
18528396,306,,
18528796,304,,
18529196,305,,
18529600,305,,
18529996,306,,
18530396,306,,
18530800,306,,
18531200,307,,
18531596,307,,
18531996,307,,
18532396,307,,
18532800,307,,
18533196,307,,
18533596,307,,
18534000,307,,
18534400,308,,
18534796,308,,
18535196,308,,
18535600,307,,
18535996,307,,
18536396,307,,
18536800,308,,
18537200,307,,
18537596,308,,
18538000,308,,
18538400,308,,
18538796,308,,
18539196,308,,
18539600,308,,
18539996,308,,
18540396,308,,
18540800,307,,
18541200,307,,
18541596,309,,
18541996,308,,
18542400,308,,
18542796,307,,
18543196,308,,
18543596,308,,
18544000,307,,
18544396,308,,
18544800,308,,
18545200,308,,
18545600,308,,
18545996,308,,
18546400,308,,
18546796,308,,
18547196,309,,
18547596,307,,
18548000,308,,
18548396,307,,
18548804,307,,
18549200,306,,
18549600,307,,
18549996,307,,
18550400,306,,
18550796,306,,
18551200,307,,
18551596,307,,
18552000,306,,
18552400,306,,
18552800,308,,
18553196,306,,
18553600,307,,
18553996,307,,
18554396,308,,
18554796,307,,
18555200,307,,
18555596,308,,
18556000,308,,
18556400,307,,
18556800,308,,
18557196,308,,
18557600,308,,
18557996,309,,
18558400,308,,
18558796,308,,
18559200,308,,
18559600,308,,
18560000,309,,
18560396,308,,
18560796,307,,
18561200,309,,
18561596,308,,
18561996,307,,
18562400,307,,
18562800,307,,
18563196,308,,
18563596,308,,
18564000,308,,
18564396,308,,
18564796,308,,
18565200,307,,
18565600,307,,
18565996,308,,
18566400,307,,
18566800,307,,
18567196,308,,
18567596,308,,
18568000,307,,
18568396,309,,
18568796,309,,
18569196,309,,
18569600,309,,
18569996,308,,
18570400,309,,
18570800,308,,
18571200,309,,
18571596,309,,
18572000,309,,
18572396,308,,
18572796,308,,
18573196,308,,
18573600,307,,
18573996,308,,
18574404,307,,
18574800,307,,
18575200,306,,
18575596,306,,
18575996,307,,
18576396,305,,
18576800,308,,
18577196,306,,
18577600,308,,
18578000,306,,
18578400,306,,
18578796,308,,
18579200,308,,
18579600,308,,
18579996,307,,
18580396,307,,
18580800,307,,
18581200,308,,
18581596,308,,
18582000,307,,
18582400,308,,
18582796,308,,
18583196,309,,
18583596,308,,
18584000,308,,
18584396,308,,
18584796,308,,
18585200,308,,
18585600,309,,
18585996,309,,
18586396,308,,
18586800,309,,
18587196,307,,
18587596,307,,
18588000,307,,
18588400,307,,
18588796,307,,
18589200,306,,
18589600,307,,
18589996,306,,
18590396,308,,
18590800,307,,
18591200,307,,
18591596,307,,
18592000,306,,
18592400,306,,
18592796,306,,
18593196,306,,
18593600,305,,
18593996,305,,
18594396,306,,
18594796,306,,
18595200,306,,
18595596,306,,
18596000,307,,
18596400,307,,
18596800,306,,
18597196,306,,
18597600,306,,
18597996,307,,
18598396,306,,
18598796,306,,
18599200,306,,
18599596,306,,
18600004,307,,
18600400,307,,
18600800,306,,
18601196,307,,
18601600,307,,
18601996,307,,
18602400,307,,
18602796,307,,
18603200,306,,
18603600,307,,
18604000,307,,
18604396,308,,
18604800,306,,
18605196,307,,
18605596,307,,
18605996,306,,
18606400,306,,
18606800,306,,
18607196,306,,
18607600,308,,
18608000,308,,
18608396,307,,
18608796,307,,
18609196,307,,
18609600,306,,
18610000,306,,
18610396,305,,
18610800,305,,
18611204,306,,
18611596,306,,
18611996,306,,
18612400,307,,
18612796,306,,
18613196,306,,
18613600,305,,
18614000,305,,
18614396,305,,
18614800,307,,
18615200,307,,
18615596,306,,
18615996,306,,
18616400,307,,
18616796,306,,
18617196,307,,
18617600,306,,
18618000,307,,
18618396,306,,
18618796,306,,
18619200,306,,
18619596,307,,
18619996,307,,
18620396,307,,
18620800,307,,
18621196,306,,
18621600,306,,
18622000,306,,
18622400,306,,
18622796,306,,
18623200,306,,
18623596,306,,
18623996,306,,
18624396,307,,
18624800,306,,
18625196,306,,
18625604,305,,
18626000,305,,
18626400,306,,
18626796,306,,
18627200,306,,
18627596,306,,
18628000,306,,
18628396,306,,
18628800,306,,
18629200,305,,
18629600,307,,
18629996,306,,
18630400,306,,
18630796,307,,
18631196,308,,
18631596,307,,
18632000,308,,
18632396,307,,
18632800,309,,
18633200,308,,
18633600,308,,
18633996,309,,
18634400,307,,
18634796,308,,
18635200,309,,
18635596,309,,
18636000,308,,
18636400,308,,
18636800,310,,
18637196,309,,
18637596,309,,
18638000,309,,
18638396,309,,
18638796,308,,
18639200,309,,
18639600,309,,
18639996,308,,
18640400,308,,
18640800,307,,
18641196,308,,
18641596,308,,
18642000,309,,
18642396,308,,
18642796,308,,
18643200,307,,
18643600,308,,
18643996,307,,
18644400,307,,
18644800,307,,
18645196,307,,
18645596,307,,
18646000,307,,
18646396,307,,
18646796,307,,
18647200,306,,
18647600,307,,
18647996,307,,
18648396,307,,
18648800,308,,
18649196,308,,
18649596,308,,
18649996,306,,
18650400,306,,
18650796,306,,
18651204,308,,
18651600,307,,
18652000,306,,
18652396,306,,
18652800,307,,
18653196,306,,
18653600,307,,
18653996,307,,
18654400,308,,
18654800,306,,
18655200,307,,
18655596,307,,
18656000,307,,
18656396,307,,
18656796,307,,
18657196,308,,
18657600,307,,
18657996,308,,
18658396,308,,
18658800,308,,
18659200,308,,
18659596,308,,
18659996,308,,
18660396,307,,
18660800,307,,
18661196,309,,
18661596,308,,
18662000,308,,
18662400,309,,
18662796,308,,
18663196,308,,
18663600,308,,
18663996,309,,
18664396,309,,
18664800,308,,
18665200,309,,
18665596,309,,
18666000,308,,
18666400,307,,
18666796,308,,
18667196,307,,
18667600,306,,
18667996,307,,
18668396,307,,
18668800,306,,
18669200,306,,
18669596,308,,
18669996,307,,
18670400,306,,
18670796,306,,
18671196,307,,
18671596,306,,
18672000,306,,
18672396,307,,
18672800,306,,
18673200,306,,
18673600,308,,
18673996,307,,
18674400,307,,
18674796,307,,
18675196,307,,
18675596,307,,
18676000,308,,
18676396,307,,
18676804,308,,
18677200,308,,
18677600,307,,
18677996,307,,
18678400,308,,
18678796,307,,
18679200,307,,
18679596,308,,
18680000,308,,
18680400,307,,
18680800,308,,
18681196,307,,
18681600,308,,
18681996,308,,
18682396,308,,
18682796,309,,
18683200,308,,
18683596,309,,
18684000,309,,
18684400,309,,
18684800,307,,
18685196,308,,
18685600,308,,
18685996,308,,
18686400,308,,
18686796,307,,
18687200,308,,
18687600,307,,
18688000,308,,
18688396,307,,
18688796,308,,
18689200,308,,
18689596,308,,
18689996,308,,
18690400,308,,
18690800,308,,
18691196,308,,
18691596,308,,
18692000,308,,
18692396,308,,
18692796,308,,
18693200,308,,
18693600,307,,
18693996,307,,
18694400,306,,
18694800,308,,
18695196,309,,
18695596,307,,
18696000,307,,
18696396,306,,
18696796,307,,
18697196,308,,
18697600,307,,
18697996,309,,
18698400,308,,
18698800,307,,
18699200,308,,
18699596,307,,
18700000,308,,
18700396,307,,
18700796,308,,
18701196,307,,
18701600,307,,
18701996,307,,
18702404,306,,
18702800,308,,
18703200,307,,
18703596,307,,
18703996,307,,
18704396,307,,
18704800,307,,
18705196,306,,
18705600,307,,
18706000,308,,
18706400,308,,
18706796,308,,
18707200,308,,
18707600,308,,
18707996,308,,
18708396,306,,
18708800,307,,
18709200,308,,
18709596,307,,
18710000,308,,
18710400,308,,
18710796,307,,
18711196,308,,
18711596,308,,
18712000,308,,
18712396,308,,
18712796,307,,
18713200,306,,
18713600,307,,
18713996,308,,
18714396,307,,
18714800,307,,
18715196,306,,
18715596,306,,
18716000,306,,
18716400,306,,
18716796,306,,
18717200,308,,
18717600,306,,
18717996,308,,
18718396,308,,
18718800,307,,
18719200,307,,
18719596,307,,
18720000,307,,
18720400,308,,
18720796,307,,
18721196,307,,
18721600,308,,
18721996,307,,
18722396,308,,
18722796,308,,
18723200,307,,
18723596,307,,
18724000,308,,
18724400,309,,
18724800,309,,
18725196,308,,
18725600,308,,
18725996,307,,
18726396,308,,
18726796,308,,
18727200,308,,
18727596,308,,
18728004,308,,
18728400,308,,
18728800,308,,
18729196,308,,
18729600,307,,
18729996,307,,
18730400,308,,
18730796,308,,
18731200,308,,
18731600,308,,
18732000,307,,
18732396,308,,
18732800,308,,
18733196,308,,
18733596,308,,
18733996,308,,
18734400,308,,
18734800,306,,
18735196,306,,
18735600,307,,
18736000,306,,
18736396,306,,
18736796,306,,
18737196,306,,
18737600,307,,
18738000,307,,
18738396,307,,
18738800,306,,
18739204,306,,
18739596,306,,
18739996,307,,
18740400,308,,
18740796,306,,
18741196,307,,
18741600,307,,
18742000,308,,
18742396,307,,
18742800,307,,
18743200,307,,
18743596,307,,
18743996,307,,
18744400,307,,
18744796,306,,
18745196,306,,
18745600,307,,
18746000,306,,
18746396,307,,
18746796,307,,
18747200,307,,
18747596,308,,
18747996,307,,
18748396,308,,
18748800,308,,
18749196,308,,
18749600,307,,
18750000,307,,
18750400,307,,
18750796,307,,
18751200,307,,
18751596,307,,
18751996,307,,
18752396,307,,
18752800,307,,
18753196,307,,
18753604,307,,
18754000,308,,
18754400,307,,
18754796,308,,
18755200,308,,
18755596,307,,
18756000,308,,
18756396,307,,
18756800,306,,
18757200,308,,
18757600,308,,
18757996,308,,
18758400,308,,
18758796,308,,
18759196,308,,
18759596,308,,
18760000,307,,
18760396,307,,
18760800,308,,
18761200,307,,
18761600,307,,
18761996,306,,
18762400,306,,
18762796,307,,
18763200,307,,
18763596,305,,
18764000,306,,
18764400,306,,
18764800,305,,
18765196,306,,
18765596,307,,
18766000,306,,
18766396,306,,
18766796,307,,
18767200,307,,
18767600,305,,
18767996,305,,
18768400,307,,
18768800,307,,
18769196,307,,
18769596,307,,
18770000,307,,
18770396,307,,
18770796,307,,
18771200,306,,
18771600,307,,
18771996,307,,
18772400,307,,
18772800,306,,
18773196,307,,
18773596,307,,
18774000,306,,
18774396,307,,
18774796,307,,
18775200,307,,
18775600,306,,
18775996,306,,
18776396,308,,
18776800,307,,
18777196,307,,
18777596,307,,
18777996,308,,
18778400,307,,
18778796,306,,
18779204,307,,
18779600,308,,
18780000,307,,
18780396,307,,
18780800,307,,
18781196,307,,
18781600,307,,
18781996,308,,
18782400,307,,
18782800,307,,
18783200,306,,
18783596,306,,
18784000,307,,
18784396,306,,
18784796,305,,
18785196,307,,
18785600,308,,
18785996,307,,
18786396,307,,
18786800,307,,
18787200,306,,
18787596,306,,
18787996,307,,
18788396,306,,
18788800,306,,
18789196,304,,
18789596,305,,
18790000,306,,
18790400,305,,
18790796,306,,
18791196,307,,
18791600,306,,
18791996,305,,
18792396,307,,
18792800,306,,
18793200,305,,
18793596,306,,
18794000,306,,
18794400,306,,
18794796,305,,
18795196,305,,
18795600,306,,
18795996,305,,
18796396,306,,
18796800,305,,
18797200,306,,
18797596,307,,
18797996,306,,
18798400,306,,
18798796,306,,
18799196,306,,
18799596,306,,
18800000,306,,
18800396,307,,
18800800,307,,
18801200,307,,
18801600,307,,
18801996,308,,
18802400,307,,
18802796,308,,
18803196,308,,
18803596,307,,
18804000,307,,
18804396,307,,
18804804,307,,
18805200,307,,
18805600,307,,
18805996,306,,
18806400,307,,
18806796,307,,
18807200,308,,
18807596,307,,
18808000,307,,
18808400,307,,
18808800,307,,
18809196,306,,
18809600,306,,
18809996,307,,
18810396,306,,
18810796,305,,
18811200,306,,
18811596,306,,
18812000,308,,
18812400,307,,
18812800,306,,
18813196,306,,
18813600,307,,
18813996,306,,
18814400,305,,
18814796,306,,
18815200,306,,
18815600,305,,
18816000,307,,
18816396,307,,
18816796,308,,
18817200,308,,
18817596,308,,
18817996,308,,
18818400,307,,
18818800,307,,
18819196,307,,
18819596,307,,
18820000,308,,
18820396,308,,
18820796,308,,
18821200,309,,
18821600,308,,
18821996,307,,
18822400,307,,
18822800,307,,
18823196,308,,
18823596,308,,
18824000,308,,
18824396,308,,
18824796,308,,
18825196,307,,
18825600,307,,
18825996,307,,
18826400,307,,
18826800,306,,
18827200,307,,
18827596,307,,
18828000,306,,
18828396,307,,
18828796,307,,
18829196,308,,
18829600,308,,
18829996,308,,
18830404,308,,
18830800,307,,
18831200,308,,
18831596,308,,
18831996,309,,
18832396,308,,
18832800,308,,
18833196,308,,
18833600,308,,
18834000,307,,
18834400,307,,
18834796,307,,
18835200,308,,
18835600,308,,
18835996,307,,
18836396,307,,
18836800,305,,
18837200,306,,
18837596,307,,
18838000,306,,
18838400,306,,
18838796,307,,
18839196,307,,
18839596,307,,
18840000,307,,
18840396,307,,
18840796,308,,
18841200,308,,
18841600,308,,
18841996,308,,
18842396,308,,
18842800,308,,
18843196,309,,
18843596,309,,
18844000,308,,
18844400,308,,
18844796,307,,
18845200,309,,
18845600,309,,
18845996,310,,
18846396,309,,
18846800,309,,
18847200,308,,
18847596,308,,
18848000,307,,
18848400,308,,
18848796,308,,
18849196,309,,
18849600,309,,
18849996,309,,
18850396,309,,
18850796,309,,
18851200,309,,
18851596,308,,
18852000,308,,
18852400,308,,
18852800,307,,
18853196,308,,
18853600,308,,
18853996,309,,
18854396,309,,
18854796,308,,
18855200,308,,
18855596,308,,
18856004,308,,
18856400,307,,
18856800,307,,
18857196,308,,
18857600,308,,
18857996,307,,
18858400,308,,
18858796,307,,
18859200,308,,
18859600,307,,
18860000,307,,
18860396,307,,
18860800,308,,
18861196,308,,
18861596,308,,
18861996,308,,
18862400,308,,
18862800,307,,
18863196,306,,
18863600,307,,
18864000,307,,
18864396,307,,
18864796,307,,
18865196,307,,
18865600,308,,
18866000,308,,
18866396,308,,
18866800,307,,
18867204,308,,
18867596,308,,
18867996,308,,
18868400,308,,
18868796,307,,
18869196,308,,
18869600,308,,
18870000,309,,
18870396,308,,
18870800,307,,
18871200,308,,
18871596,308,,
18871996,308,,
18872400,308,,
18872796,308,,
18873196,309,,
18873600,308,,
18874000,309,,
18874396,307,,
18874796,308,,
18875200,308,,
18875596,308,,
18875996,309,,
18876396,308,,
18876800,307,,
18877196,307,,
18877600,308,,
18878000,307,,
18878400,307,,
18878796,308,,
18879200,307,,
18879596,306,,
18879996,307,,
18880396,307,,
18880800,307,,
18881196,307,,
18881604,308,,
18882000,307,,
18882400,307,,
18882796,307,,
18883200,307,,
18883596,306,,
18884000,306,,
18884396,306,,
18884800,308,,
18885200,307,,
18885600,306,,
18885996,307,,
18886400,307,,
18886796,307,,
18887196,308,,
18887596,306,,
18888000,307,,
18888396,307,,
18888800,307,,
18889200,308,,
18889600,307,,
18889996,308,,
18890400,308,,
18890796,308,,
18891200,307,,
18891596,307,,
18892000,310,,
18892400,307,,
18892800,309,,
18893196,308,,
18893596,308,,
18894000,308,,
18894396,308,,
18894796,308,,
18895200,309,,
18895600,307,,
18895996,308,,
18896400,308,,
18896800,307,,
18897196,307,,
18897596,308,,
18898000,307,,
18898396,307,,
18898796,307,,
18899200,308,,
18899600,306,,
18899996,306,,
18900400,307,,
18900800,307,,
18901196,307,,
18901596,306,,
18902000,306,,
18902396,307,,
18902796,306,,
18903200,307,,
18903600,306,,
18903996,306,,
18904396,307,,
18904800,306,,
18905196,305,,
18905596,307,,
18905996,306,,
18906400,307,,
18906796,306,,
18907204,306,,
18907600,306,,
18908000,306,,
18908396,306,,
18908800,307,,
18909196,307,,
18909600,306,,
18909996,307,,
18910400,306,,
18910800,306,,
18911200,306,,
18911596,305,,
18912000,306,,
18912396,306,,
18912796,307,,
18913196,306,,
18913600,307,,
18913996,306,,
18914396,306,,
18914800,307,,
18915200,306,,
18915596,306,,
18915996,307,,
18916396,307,,
18916800,306,,
18917196,306,,
18917596,308,,
18918000,306,,
18918400,306,,
18918796,307,,
18919196,306,,
18919600,306,,
18919996,308,,
18920396,307,,
18920800,305,,
18921200,307,,
18921596,307,,
18922000,309,,
18922400,308,,
18922796,309,,
18923196,309,,
18923600,308,,
18923996,307,,
18924396,307,,
18924800,308,,
18925200,307,,
18925596,308,,
18925996,309,,
18926400,308,,
18926796,307,,
18927196,308,,
18927596,307,,
18928000,307,,
18928396,306,,
18928800,306,,
18929200,307,,
18929600,307,,
18929996,307,,
18930400,307,,
18930796,306,,
18931196,305,,
18931596,306,,
18932000,307,,
18932396,307,,
18932804,308,,
18933200,308,,
18933600,307,,
18933996,307,,
18934400,306,,
18934796,307,,
18935200,307,,
18935596,307,,
18936000,308,,
18936400,307,,
18936800,306,,
18937196,307,,
18937600,306,,
18937996,307,,
18938396,306,,
18938796,307,,
18939200,307,,
18939596,307,,
18940000,308,,
18940400,307,,
18940800,308,,
18941196,307,,
18941600,308,,
18941996,309,,
18942400,309,,
18942796,309,,
18943200,308,,
18943600,308,,
18944000,308,,
18944396,309,,
18944796,309,,
18945200,308,,
18945596,308,,
18945996,309,,
18946400,309,,
18946800,309,,
18947196,309,,
18947596,308,,
18948000,308,,
18948396,308,,
18948796,308,,
18949200,308,,
18949600,309,,
18949996,308,,
18950400,308,,
18950800,308,,
18951196,307,,
18951596,306,,
18952000,306,,
18952396,306,,
18952796,306,,
18953196,307,,
18953600,306,,
18953996,308,,
18954400,308,,
18954800,308,,
18955200,308,,
18955596,307,,
18956000,307,,
18956396,307,,
18956796,307,,
18957196,307,,
18957600,306,,
18957996,307,,
18958404,308,,
18958800,307,,
18959200,307,,
18959596,308,,
18959996,308,,
18960396,308,,
18960800,308,,
18961196,308,,
18961600,308,,
18962000,307,,
18962400,308,,
18962796,307,,
18963200,308,,
18963600,307,,
18963996,308,,
18964396,307,,
18964800,307,,
18965200,308,,
18965596,309,,
18966000,308,,
18966400,307,,
18966796,307,,
18967196,308,,
18967596,307,,
18968000,307,,
18968396,307,,
18968796,308,,
18969200,308,,
18969600,308,,
18969996,309,,
18970396,308,,
18970800,308,,
18971196,308,,
18971596,308,,
18972000,308,,
18972400,308,,
18972796,307,,
18973200,308,,
18973600,308,,
18973996,308,,
18974396,307,,
18974800,309,,
18975200,308,,
18975596,308,,
18976000,307,,
18976400,307,,
18976796,308,,
18977196,307,,
18977600,307,,
18977996,308,,
18978396,307,,
18978796,307,,
18979200,308,,
18979596,307,,
18980000,307,,
18980400,308,,
18980800,307,,
18981196,307,,
18981600,307,,
18981996,307,,
18982396,308,,
18982796,308,,
18983200,306,,
18983596,307,,
18984004,307,,
18984400,307,,
18984800,306,,
18985196,307,,
18985600,307,,
18985996,307,,
18986400,306,,
18986796,307,,
18987200,307,,
18987600,306,,
18988000,307,,
18988396,307,,
18988800,307,,
18989196,308,,
18989596,307,,
18989996,307,,
18990400,308,,
18990800,308,,
18991196,308,,
18991600,308,,
18992000,307,,
18992396,308,,
18992796,307,,
18993196,308,,
18993600,307,,
18994000,307,,
18994396,308,,
18994800,306,,
18995204,307,,
18995596,308,,
18995996,307,,
18996400,307,,
18996796,308,,
18997196,308,,
18997600,307,,
18998000,308,,
18998396,307,,
18998800,307,,
18999200,307,,
18999596,306,,
18999996,306,,
19000400,305,,
19000796,306,,
19001196,306,,
19001600,306,,
19002000,306,,
19002396,306,,
19002796,305,,
19003200,305,,
19003596,305,,
19003996,306,,
19004396,305,,
19004800,306,,
19005196,307,,
19005600,305,,
19006000,307,,
19006400,307,,
19006796,307,,
19007200,306,,
19007596,308,,
19007996,308,,
19008396,308,,
19008800,308,,
19009196,308,,
19009604,307,,
19010000,307,,
19010400,307,,
19010796,307,,
19011200,307,,
19011596,308,,
19012000,308,,
19012396,308,,
19012800,308,,
19013200,307,,
19013600,308,,
19013996,307,,
19014400,307,,
19014796,308,,
19015196,307,,
19015596,308,,
19016000,308,,
19016396,308,,
19016800,308,,
19017200,306,,
19017600,307,,
19017996,307,,
19018400,307,,
19018796,309,,
19019200,308,,
19019596,308,,
19020000,308,,
19020400,307,,
19020800,307,,
19021196,307,,
19021596,307,,
19022000,308,,
19022396,307,,
19022796,308,,
19023200,308,,
19023600,307,,
19023996,307,,
19024400,307,,
19024800,306,,
19025196,306,,
19025596,306,,
19026000,307,,
19026396,307,,
19026796,307,,
19027200,307,,
19027600,307,,
19027996,306,,
19028400,307,,
19028800,308,,
19029196,307,,
19029596,307,,
19030000,307,,
19030396,307,,
19030796,307,,
19031200,308,,
19031600,308,,
19031996,308,,
19032396,307,,
19032800,307,,
19033196,307,,
19033596,307,,
19033996,307,,
19034400,308,,
19034796,308,,
19035204,308,,
19035600,307,,
19036000,307,,
19036396,306,,
19036800,307,,
19037196,307,,
19037600,308,,
19037996,307,,
19038400,308,,
19038800,307,,
19039200,308,,
19039596,306,,
19040000,308,,
19040396,308,,
19040796,309,,
19041196,309,,
19041600,309,,
19041996,309,,
19042396,308,,
19042800,309,,
19043200,309,,
19043596,308,,
19043996,309,,
19044396,309,,
19044800,310,,
19045196,309,,
19045596,308,,
19046000,309,,
19046400,308,,
19046796,308,,
19047196,309,,
19047600,308,,
19047996,309,,
19048396,309,,
19048800,308,,
19049200,308,,
19049596,307,,
19050000,308,,
19050400,307,,
19050796,307,,
19051196,307,,
19051600,306,,
19051996,307,,
19052396,307,,
19052800,305,,
19053200,307,,
19053596,307,,
19053996,308,,
19054400,306,,
19054796,306,,
19055196,307,,
19055596,307,,
19056000,308,,
19056396,307,,
19056800,307,,
19057200,307,,
19057600,308,,
19057996,308,,
19058400,307,,
19058796,308,,
19059196,309,,
19059596,308,,
19060000,308,,
19060396,308,,
19060804,307,,
19061200,307,,
19061600,306,,
19061996,307,,
19062400,307,,
19062796,307,,
19063200,307,,
19063596,307,,
19064000,308,,
19064400,307,,
19064800,307,,
19065196,307,,
19065600,307,,
19065996,307,,
19066396,307,,
19066796,307,,
19067200,307,,
19067596,307,,
19068000,308,,
19068400,306,,
19068800,307,,
19069196,306,,
19069600,307,,
19069996,306,,
19070400,307,,
19070796,308,,
19071200,306,,
19071600,306,,
19072000,308,,
19072396,307,,
19072796,307,,
19073200,308,,
19073596,307,,
19073996,308,,
19074400,307,,
19074800,307,,
19075196,307,,
19075596,307,,
19076000,307,,
19076396,305,,
19076796,306,,
19077200,307,,
19077600,306,,
19077996,307,,
19078400,308,,
19078800,307,,
19079196,307,,
19079596,307,,
19080000,307,,
19080396,306,,
19080796,307,,
19081196,308,,
19081600,307,,
19081996,307,,
19082400,308,,
19082800,307,,
19083200,308,,
19083596,307,,
19084000,307,,
19084396,308,,
19084796,307,,
19085196,308,,
19085600,307,,
19085996,307,,
19086404,307,,
19086800,307,,
19087200,307,,
19087596,307,,
19087996,307,,
19088396,307,,
19088800,308,,
19089196,308,,
19089600,308,,
19090000,308,,
19090400,308,,
19090796,307,,
19091200,307,,
19091600,308,,
19091996,307,,
19092396,307,,
19092800,308,,
19093200,307,,
19093596,307,,
19094000,308,,
19094400,307,,
19094796,307,,
19095196,307,,
19095596,308,,
19096000,307,,
19096396,308,,
19096796,307,,
19097200,308,,
19097600,308,,
19097996,307,,
19098396,307,,
19098800,308,,
19099196,306,,
19099596,307,,
19100000,306,,
19100400,306,,
19100796,307,,
19101200,306,,
19101600,306,,
19101996,307,,
19102396,306,,
19102800,307,,
19103200,306,,
19103596,306,,
19104000,306,,
19104400,306,,
19104796,307,,
19105196,306,,
19105600,307,,
19105996,307,,
19106396,307,,
19106796,307,,
19107200,307,,
19107596,307,,
19108000,307,,
19108400,308,,
19108800,308,,
19109196,308,,
19109600,309,,
19109996,307,,
19110396,308,,
19110796,308,,
19111200,308,,
19111596,308,,
19112004,309,,
19112400,308,,
19112800,308,,
19113196,307,,
19113600,308,,
19113996,307,,
19114400,307,,
19114796,307,,
19115200,308,,
19115600,307,,
19116000,307,,
19116396,307,,
19116800,308,,
19117196,307,,
19117596,307,,
19117996,307,,
19118400,307,,
19118800,307,,
19119196,307,,
19119600,307,,
19120000,308,,
19120396,307,,
19120796,307,,
19121196,307,,
19121600,308,,
19122000,307,,
19122396,307,,
19122800,307,,
19123204,307,,
19123596,306,,
19123996,307,,
19124400,307,,
19124796,305,,
19125196,306,,
19125600,307,,
19126000,306,,
19126396,306,,
19126800,307,,
19127200,306,,
19127596,306,,
19127996,306,,
19128400,306,,
19128796,305,,
19129196,306,,
19129600,306,,
19130000,306,,
19130396,307,,
19130796,308,,
19131200,307,,
19131596,306,,
19131996,306,,
19132396,307,,
19132800,307,,
19133196,307,,
19133600,307,,
19134000,308,,
19134400,306,,
19134796,307,,
19135200,306,,
19135596,306,,
19135996,307,,
19136396,308,,
19136800,307,,
19137196,306,,
19137604,306,,
19138000,306,,
19138400,306,,
19138796,307,,
19139200,308,,
19139596,307,,
19140000,307,,
19140396,306,,
19140800,306,,
19141200,306,,
19141600,305,,
19141996,306,,
19142400,306,,
19142796,306,,
19143196,306,,
19143596,306,,
19144000,306,,
19144396,308,,
19144800,308,,
19145200,308,,
19145600,308,,
19145996,307,,
19146400,307,,
19146796,307,,
19147200,307,,
19147596,307,,
19148000,307,,
19148400,307,,
19148800,306,,
19149196,307,,
19149596,306,,
19150000,306,,
19150396,306,,
19150796,305,,
19151200,305,,
19151600,305,,
19151996,305,,
19152400,306,,
19152800,306,,
19153196,307,,
19153596,307,,
19154000,307,,
19154396,307,,
19154796,306,,
19155200,307,,
19155600,306,,
19155996,306,,
19156400,305,,
19156800,305,,
19157196,306,,
19157596,306,,
19158000,307,,
19158396,308,,
19158796,308,,
19159200,308,,
19159600,309,,
19159996,309,,
19160396,309,,
19160800,309,,
19161196,308,,
19161596,309,,
19161996,308,,
19162400,308,,
19162796,307,,
19163204,308,,
19163600,308,,
19164000,308,,
19164396,308,,
19164800,308,,
19165196,308,,
19165600,308,,
19165996,307,,
19166400,308,,
19166800,307,,
19167200,307,,
19167596,307,,
19168000,307,,
19168396,307,,
19168796,307,,
19169196,308,,
19169600,308,,
19169996,308,,
19170396,307,,
19170800,308,,
19171200,309,,
19171596,308,,
19171996,308,,
19172396,309,,
19172800,309,,
19173196,308,,
19173596,308,,
19174000,309,,
19174400,309,,
19174796,309,,
19175196,309,,
19175600,309,,
19175996,308,,
19176396,308,,
19176800,310,,
19177200,309,,
19177596,308,,
19178000,308,,
19178400,307,,
19178796,309,,
19179196,308,,
19179600,307,,
19179996,308,,
19180396,308,,
19180800,307,,
19181200,308,,
19181596,307,,
19181996,308,,
19182400,308,,
19182796,308,,
19183196,308,,
19183596,308,,
19184000,308,,
19184396,307,,
19184800,310,,
19185200,309,,
19185600,308,,
19185996,309,,
19186400,309,,
19186796,308,,
19187196,309,,
19187596,309,,
19188000,308,,
19188396,308,,
19188804,308,,
19189200,308,,
19189600,309,,
19189996,308,,
19190400,309,,
19190796,309,,
19191200,308,,
19191596,309,,
19192000,309,,
19192400,309,,
19192800,309,,
19193196,308,,
19193600,309,,
19193996,309,,
19194396,309,,
19194796,308,,
19195200,309,,
19195596,307,,
19196000,307,,
19196400,308,,
19196800,307,,
19197196,307,,
19197600,308,,
19197996,307,,
19198400,307,,
19198796,307,,
19199200,307,,
19199600,308,,
19200000,307,,
19200396,307,,
19200796,308,,
19201200,307,,
19201596,307,,
19201996,308,,
19202400,307,,
19202800,307,,
19203196,306,,
19203596,306,,
19204000,306,,
19204396,307,,
19204796,307,,
19205200,306,,
19205600,308,,
19205996,307,,
19206400,307,,
19206800,307,,
19207196,308,,
19207596,309,,
19208000,307,,
19208396,308,,
19208796,307,,
19209196,308,,
19209600,308,,
19209996,308,,
19210400,308,,
19210800,307,,
19211200,308,,
19211596,307,,
19212000,308,,
19212396,306,,
19212796,307,,
19213196,307,,
19213600,307,,
19213996,307,,
19214404,307,,
19214800,306,,
19215200,306,,
19215596,306,,
19215996,307,,
19216396,306,,
19216800,305,,
19217196,306,,
19217600,306,,
19218000,306,,
19218400,306,,
19218796,307,,
19219200,307,,
19219600,307,,
19219996,308,,
19220396,306,,
19220800,306,,
19221200,307,,
19221596,306,,
19222000,307,,
19222400,307,,
19222796,308,,
19223196,308,,
19223596,307,,
19224000,307,,
19224396,306,,
19224796,306,,
19225200,307,,
19225600,307,,
19225996,308,,
19226396,308,,
19226800,309,,
19227196,308,,
19227596,308,,
19228000,307,,
19228400,307,,
19228796,307,,
19229200,307,,
19229600,307,,
19229996,307,,
19230396,307,,
19230800,308,,
19231200,307,,
19231596,307,,
19232000,307,,
19232400,306,,
19232796,306,,
19233196,306,,
19233600,306,,
19233996,307,,
19234396,306,,
19234796,307,,
19235200,307,,
19235596,307,,
19236000,307,,
19236400,307,,
19236800,308,,
19237196,308,,
19237600,308,,
19237996,307,,
19238396,307,,
19238796,306,,
19239200,306,,
19239596,307,,
19240004,308,,
19240400,308,,
19240800,308,,
19241196,308,,
19241600,307,,
19241996,307,,
19242400,307,,
19242796,308,,
19243200,308,,
19243600,308,,
19244000,308,,
19244396,308,,
19244800,308,,
19245196,308,,
19245596,308,,
19245996,308,,
19246400,308,,
19246800,308,,
19247196,308,,
19247600,308,,
19248000,308,,
19248396,308,,
19248796,308,,
19249196,308,,
19249600,308,,
19250000,307,,
19250396,307,,
19250800,308,,
19251204,308,,
19251596,308,,
19251996,308,,
19252400,308,,
19252796,307,,
19253196,307,,
19253600,308,,
19254000,308,,
19254396,307,,
19254800,308,,
19255200,308,,
19255596,307,,
19255996,306,,
19256400,307,,
19256796,307,,
19257196,306,,
19257600,307,,
19258000,307,,
19258396,307,,
19258796,306,,
19259200,306,,
19259596,307,,
19259996,308,,
19260396,307,,
19260800,305,,
19261196,306,,
19261600,307,,
19262000,306,,
19262400,306,,
19262796,307,,
19263200,306,,
19263596,306,,
19263996,307,,
19264396,307,,
19264800,307,,
19265196,307,,
19265604,306,,
19266000,307,,
19266400,307,,
19266796,306,,
19267200,307,,
19267596,306,,
19268000,307,,
19268396,307,,
19268800,308,,
19269200,306,,
19269600,308,,
19269996,307,,
19270400,306,,
19270796,307,,
19271196,308,,
19271596,307,,
19272000,307,,
19272396,307,,
19272800,307,,
19273200,307,,
19273600,308,,
19273996,307,,
19274400,308,,
19274796,307,,
19275200,307,,
19275596,307,,
19276000,307,,
19276400,307,,
19276800,308,,
19277196,307,,
19277596,307,,
19278000,308,,
19278396,307,,
19278796,308,,
19279200,308,,
19279600,309,,
19279996,309,,
19280400,309,,
19280800,308,,
19281196,308,,
19281596,308,,
19282000,308,,
19282396,307,,
19282796,308,,
19283200,307,,
19283600,307,,
19283996,308,,
19284400,307,,
19284800,308,,
19285196,307,,
19285596,307,,
19286000,308,,
19286396,308,,
19286796,306,,
19287200,307,,
19287600,307,,
19287996,306,,
19288396,306,,
19288800,307,,
19289196,306,,
19289596,306,,
19289996,306,,
19290400,308,,
19290796,306,,
19291204,307,,
19291600,307,,
19292000,307,,
19292396,307,,
19292800,308,,
19293196,307,,
19293600,307,,
19293996,307,,
19294400,307,,
19294800,307,,
19295200,308,,
19295596,308,,
19296000,308,,
19296396,308,,
19296796,309,,
19297196,307,,
19297600,308,,
19297996,308,,
19298396,308,,
19298800,308,,
19299200,308,,
19299596,309,,
19299996,308,,
19300396,308,,
19300800,309,,
19301196,308,,
19301596,308,,
19302000,308,,
19302400,308,,
19302796,309,,
19303196,307,,
19303600,308,,
19303996,309,,
19304396,308,,
19304800,309,,
19305200,308,,
19305596,308,,
19306000,309,,
19306400,308,,
19306796,309,,
19307196,309,,
19307600,308,,
19307996,309,,
19308396,307,,
19308800,308,,
19309200,308,,
19309596,308,,
19309996,308,,
19310400,307,,
19310796,308,,
19311196,308,,
19311596,308,,
19312000,309,,
19312396,308,,
19312800,307,,
19313200,308,,
19313600,307,,
19313996,307,,
19314400,308,,
19314796,308,,
19315196,308,,
19315596,308,,
19316000,308,,
19316396,307,,
19316804,307,,
19317200,307,,
19317600,308,,
19317996,307,,
19318400,308,,
19318796,307,,
19319200,307,,
19319596,307,,
19320000,308,,
19320400,308,,
19320800,309,,
19321196,308,,
19321600,308,,
19321996,308,,
19322396,308,,
19322796,308,,
19323200,308,,
19323596,308,,
19324000,308,,
19324400,308,,
19324800,308,,
19325196,307,,
19325600,307,,
19325996,307,,
19326400,307,,
19326796,307,,
19327200,308,,
19327600,307,,
19328000,309,,
19328396,308,,
19328796,308,,
19329200,308,,
19329596,308,,
19329996,308,,
19330400,307,,
19330800,307,,
19331196,308,,
19331596,309,,
19332000,309,,
19332396,307,,
19332796,307,,
19333200,308,,
19333600,307,,
19333996,307,,
19334400,307,,
19334800,308,,
19335196,308,,
19335596,308,,
19336000,307,,
19336396,308,,
19336796,307,,
19337196,307,,
19337600,306,,
19337996,307,,
19338400,307,,
19338800,307,,
19339200,307,,
19339596,306,,
19340000,307,,
19340396,307,,
19340796,306,,
19341196,306,,
19341600,307,,
19341996,306,,
19342404,307,,
19342800,307,,
19343200,306,,
19343596,305,,
19343996,306,,
19344396,306,,
19344800,307,,
19345196,307,,
19345600,307,,
19346000,306,,
19346400,307,,
19346796,306,,
19347200,307,,
19347600,307,,
19347996,306,,
19348396,307,,
19348800,307,,
19349200,307,,
19349596,307,,
19350000,307,,
19350400,307,,
19350796,308,,
19351196,307,,
19351596,307,,
19352000,307,,
19352396,308,,
19352796,306,,
19353200,307,,
19353600,308,,
19353996,307,,
19354396,307,,
19354800,306,,
19355196,306,,
19355596,307,,
19356000,306,,
19356400,307,,
19356796,307,,
19357200,306,,
19357600,307,,
19357996,307,,
19358396,307,,
19358800,307,,
19359200,307,,
19359596,307,,
19360000,308,,
19360400,308,,
19360796,306,,
19361196,307,,
19361600,307,,
19361996,306,,
19362396,305,,
19362796,305,,
19363200,306,,
19363596,305,,
19364000,305,,
19364400,307,,
19364800,307,,
19365196,306,,
19365600,306,,
19365996,306,,
19366396,306,,
19366796,305,,
19367200,307,,
19367596,307,,
19368004,306,,
19368400,307,,
19368800,307,,
19369196,307,,
19369600,307,,
19369996,307,,
19370400,307,,
19370796,306,,
19371200,308,,
19371600,307,,
19372000,307,,
19372396,308,,
19372800,307,,
19373196,307,,
19373596,307,,
19373996,307,,
19374400,308,,
19374800,307,,
19375196,308,,
19375600,308,,
19376000,307,,
19376396,307,,
19376796,307,,
19377196,307,,
19377600,307,,
19378000,307,,
19378396,306,,
19378800,307,,
19379204,308,,
19379596,307,,
19379996,307,,
19380400,307,,
19380796,307,,
19381196,308,,
19381600,307,,
19382000,307,,
19382396,307,,
19382800,307,,
19383200,308,,
19383596,307,,
19383996,308,,
19384400,308,,
19384796,308,,
19385196,306,,
19385600,308,,
19386000,308,,
19386396,308,,
19386796,308,,
19387200,308,,
19387596,308,,
19387996,306,,
19388396,307,,
19388800,307,,
19389196,308,,
19389600,307,,
19390000,307,,
19390400,308,,
19390796,307,,
19391200,307,,
19391596,308,,
19391996,307,,
19392396,308,,
19392800,307,,
19393196,307,,
19393604,307,,
19394000,306,,
19394400,307,,
19394796,306,,
19395200,307,,
19395596,307,,
19396000,306,,
19396396,308,,
19396800,307,,
19397200,308,,
19397600,308,,
19397996,307,,
19398400,307,,
19398796,306,,
19399196,307,,
19399596,307,,
19400000,307,,
19400396,308,,
19400800,307,,
19401200,308,,
19401600,308,,
19401996,307,,
19402400,308,,
19402796,308,,
19403200,308,,
19403596,308,,
19404000,307,,
19404400,307,,
19404800,308,,
19405196,307,,
19405596,308,,
19406000,307,,
19406396,306,,
19406796,307,,
19407200,307,,
19407600,305,,
19407996,306,,
19408400,306,,
19408800,305,,
19409196,307,,
19409596,305,,
19410000,307,,
19410396,307,,
19410796,306,,
19411200,308,,
19411600,307,,
19411996,307,,
19412400,307,,
19412800,307,,
19413196,307,,
19413596,307,,
19414000,307,,
19414396,306,,
19414796,307,,
19415200,307,,
19415600,308,,
19415996,307,,
19416396,307,,
19416800,306,,
19417196,307,,
19417596,308,,
19417996,307,,
19418400,307,,
19418796,307,,
19419204,307,,
19419600,308,,
19420000,308,,
19420396,308,,
19420800,309,,
19421196,307,,
19421600,308,,
19421996,309,,
19422400,308,,
19422800,309,,
19423200,308,,
19423596,308,,
19424000,306,,
19424396,308,,
19424796,307,,
19425196,308,,
19425600,308,,
19425996,308,,
19426396,307,,
19426800,308,,
19427200,308,,
19427596,307,,
19427996,307,,
19428396,307,,
19428800,308,,
19429196,308,,
19429596,308,,
19430000,308,,
19430400,308,,
19430796,308,,
19431196,307,,
19431600,307,,
19431996,307,,
19432396,308,,
19432800,308,,
19433200,309,,
19433596,308,,
19434000,307,,
19434400,307,,
19434796,307,,
19435196,307,,
19435600,307,,
19435996,307,,
19436396,307,,
19436800,307,,
19437200,306,,
19437596,307,,
19437996,307,,
19438400,307,,
19438796,308,,
19439196,308,,
19439596,308,,
19440000,307,,
19440396,308,,
19440800,308,,
19441200,309,,
19441600,309,,
19441996,308,,
19442400,309,,
19442796,309,,
19443196,307,,
19443596,308,,
19444000,307,,
19444396,308,,
19444804,308,,
19445200,309,,
19445600,309,,
19445996,308,,
19446400,309,,
19446796,309,,
19447200,308,,
19447596,307,,
19448000,307,,
19448400,308,,
19448800,307,,
19449196,306,,
19449600,306,,
19449996,307,,
19450396,307,,
19450796,306,,
19451200,307,,
19451596,308,,
19452000,308,,
19452400,307,,
19452800,308,,
19453196,308,,
19453600,308,,
19453996,308,,
19454400,309,,
19454796,311,,
19455200,308,,
19455600,309,,
19456000,309,,
19456396,310,,
19456796,307,,
19457200,308,,
19457596,309,,
19457996,308,,
19458400,308,,
19458800,307,,
19459196,308,,
19459596,307,,
19460000,306,,
19460396,308,,
19460796,308,,
19461200,307,,
19461600,308,,
19461996,308,,
19462400,308,,
19462800,308,,
19463196,307,,
19463596,308,,
19464000,308,,
19464396,306,,
19464796,307,,
19465196,308,,
19465600,307,,
19465996,307,,
19466400,308,,
19466800,309,,
19467200,308,,
19467596,307,,
19468000,307,,
19468396,308,,
19468796,309,,
19469196,307,,
19469600,308,,
19469996,310,,
19470404,308,,
19470800,309,,
19471200,308,,
19471596,309,,
19471996,309,,
19472396,307,,
19472800,310,,
19473196,307,,
19473600,308,,
19474000,308,,
19474400,308,,
19474796,309,,
19475200,309,,
19475600,309,,
19475996,308,,
19476396,309,,
19476800,307,,
19477200,307,,
19477596,308,,
19478000,307,,
19478400,307,,
19478796,307,,
19479196,307,,
19479596,307,,
19480000,307,,
19480396,307,,
19480796,308,,
19481200,308,,
19481600,308,,
19481996,307,,
19482396,308,,
19482800,307,,
19483196,308,,
19483596,308,,
19484000,308,,
19484400,307,,
19484796,306,,
19485200,306,,
19485600,305,,
19485996,306,,
19486396,306,,
19486800,306,,
19487200,306,,
19487596,306,,
19488000,306,,
19488400,307,,
19488796,307,,
19489196,307,,
19489600,307,,
19489996,306,,
19490396,307,,
19490796,308,,
19491200,307,,
19491596,308,,
19492000,307,,
19492400,307,,
19492800,307,,
19493196,307,,
19493600,308,,
19493996,307,,
19494396,307,,
19494796,308,,
19495200,306,,
19495596,307,,
19496004,307,,
19496400,306,,
19496800,307,,
19497196,309,,
19497600,308,,
19497996,309,,
19498400,308,,
19498796,308,,
19499200,308,,
19499600,307,,
19500000,308,,
19500396,307,,
19500800,307,,
19501196,307,,
19501596,307,,
19501996,308,,
19502400,307,,
19502800,307,,
19503196,307,,
19503600,307,,
19504000,307,,
19504396,306,,
19504796,307,,
19505196,307,,
19505600,307,,
19506000,307,,
19506396,307,,
19506800,307,,
19507204,308,,
19507596,307,,
19507996,307,,
19508400,308,,
19508796,306,,
19509196,308,,
19509600,307,,
19510000,308,,
19510396,307,,
19510800,309,,
19511200,308,,
19511596,308,,
19511996,308,,
19512400,307,,
19512796,308,,
19513196,308,,
19513600,308,,
19514000,308,,
19514396,308,,
19514796,308,,
19515200,308,,
19515596,308,,
19515996,308,,
19516396,308,,
19516800,308,,
19517196,308,,
19517600,308,,
19518000,308,,
19518400,308,,
19518796,308,,
19519200,308,,
19519596,308,,
19519996,308,,
19520396,308,,
19520800,308,,
19521196,308,,
19521604,308,,
19522000,309,,
19522400,308,,
19522796,308,,
19523200,307,,
19523596,307,,
19524000,308,,
19524396,307,,
19524800,308,,
19525200,308,,
19525600,308,,
19525996,308,,
19526400,307,,
19526796,307,,
19527196,308,,
19527596,307,,
19528000,308,,
19528396,307,,
19528800,307,,
19529200,306,,
19529600,306,,
19529996,306,,
19530400,306,,
19530796,307,,
19531200,307,,
19531596,307,,
19532000,307,,
19532400,306,,
19532800,307,,
19533196,306,,
19533596,308,,
19534000,308,,
19534396,307,,
19534796,308,,
19535200,308,,
19535600,307,,
19535996,307,,
19536400,306,,
19536800,307,,
19537196,306,,
19537596,307,,
19538000,308,,
19538396,308,,
19538796,308,,
19539200,308,,
19539600,309,,
19539996,308,,
19540400,308,,
19540800,308,,
19541196,308,,
19541596,309,,
19542000,308,,
19542396,309,,
19542796,308,,
19543200,309,,
19543600,308,,
19543996,309,,
19544396,309,,
19544800,308,,
19545196,309,,
19545596,308,,
19545996,309,,
19546400,308,,
19546796,308,,
19547204,308,,
19547600,307,,
19548000,308,,
19548396,308,,
19548800,308,,
19549196,308,,
19549600,308,,
19549996,308,,
19550400,308,,
19550800,307,,
19551200,308,,
19551596,308,,
19552000,308,,
19552396,308,,
